[2026-05-08 17:06:35] fetching homepage
[2026-05-08 17:06:36] discovered 27 links across 4 sections
[2026-05-08 17:06:36] teachers_html: 3 unique source(s)
[2026-05-08 17:06:36]   [http://leqtori.gtu.ge:9000/public/teachers_2025_2026_2_8.html] fetching
[2026-05-08 17:06:37]   fetched 244317 bytes
[2026-05-08 17:06:37]   parsed 113 lectures from პროფესიული სწავლების ცხრილი (4.05.2026-9.05.2026)
[2026-05-08 17:06:37]   stored 113 (deduped 0) into lecture
[2026-05-08 17:06:37]   [http://leqtori.gtu.ge:9000/public/prof_teachers.html] fetching
[2026-05-08 17:06:37]   fetched 111363 bytes
[2026-05-08 17:06:37]   parsed 52 lectures from პროფესიული სწავლების ცხრილი (4.05.2026-9.05.2026)
[2026-05-08 17:06:37]   stored 52 (deduped 0) into lecture
[2026-05-08 17:06:37]   [http://leqtori.gtu.ge:9000/public/teachers_2025_2026_2_8_.html] fetching
[2026-05-08 17:06:38]   fetched 7863393 bytes
[2026-05-08 17:06:39]   parsed 10198 lectures from VIII კვირის სასწავლო ცხრილი
[2026-05-08 17:06:54]   stored 10198 (deduped 0) into lecture
[2026-05-08 17:06:54] teachers totals: 1679 teachers, 4556 subjects, 10363 lectures
[2026-05-08 17:06:54] additional_pdf: 10 PDF(s) to fetch
[2026-05-08 17:06:54]   [additional_pdf/construction] fetching დამატ. ცხრ. -25-26 2 21.04.26 სამშენებლო.pdf
[2026-05-08 17:06:54]   [additional_pdf/construction] 307648 bytes, parsing PDF
[2026-05-08 17:06:54]   [additional_pdf/construction] 14 pages, 52664 text chars
[2026-05-08 17:06:55]   [additional_pdf/construction] structured: 195 logical rows -> 185 lectures
[2026-05-08 17:06:55]   [additional_pdf/power] fetching ენერგ ფაკ. დამატებითი_2025_2026_II_07_04_2026).pdf
[2026-05-08 17:06:55]   [additional_pdf/power] 71228 bytes, parsing PDF
[2026-05-08 17:06:55]   [additional_pdf/power] 2 pages, 6454 text chars
[2026-05-08 17:06:55]   [additional_pdf/power] raw text only
[2026-05-08 17:06:55]   [additional_pdf/mining] fetching სამთო-გეოლოგიური და მთის მდგრადი განვითარების ფაკულტეტი.pdf
[2026-05-08 17:06:56]   [additional_pdf/mining] 51893 bytes, parsing PDF
[2026-05-08 17:06:56]   [additional_pdf/mining] 1 pages, 2197 text chars
[2026-05-08 17:06:56]   [additional_pdf/mining] structured: 9 logical rows -> 8 lectures
[2026-05-08 17:06:56]   [additional_pdf/agrarian] fetching 2025-2026 II აგრარული დამატებითი_16_04_2026.pdf
[2026-05-08 17:06:56]   [additional_pdf/agrarian] 130098 bytes, parsing PDF
[2026-05-08 17:06:56]   [additional_pdf/agrarian] 4 pages, 11664 text chars
[2026-05-08 17:06:56]   [additional_pdf/agrarian] structured: 64 logical rows -> 64 lectures
[2026-05-08 17:06:56]   [additional_pdf/transport] fetching 05 დამატებითი ცხრილი . 23.04.2026.pdf
[2026-05-08 17:06:57]   [additional_pdf/transport] 164850 bytes, parsing PDF
[2026-05-08 17:06:57]   [additional_pdf/transport] 7 pages, 16906 text chars
[2026-05-08 17:06:57]   [additional_pdf/transport] raw text only
[2026-05-08 17:06:57]   [additional_pdf/architecture] fetching ცხრილი დამატ. არქიტექტურის, ურბანისტიკისა და დიზაინის.pdf
[2026-05-08 17:06:57]   [additional_pdf/architecture] 90193 bytes, parsing PDF
[2026-05-08 17:06:57]   [additional_pdf/architecture] 2 pages, 5806 text chars
[2026-05-08 17:06:57]   [additional_pdf/architecture] structured: 18 logical rows -> 15 lectures
[2026-05-08 17:06:57]   [additional_pdf/law] fetching სამართლისა და საერტაშორისო ურთ.დამატებითი ცხრილი_17_04_2026.pdf
[2026-05-08 17:06:58]   [additional_pdf/law] 284550 bytes, parsing PDF
[2026-05-08 17:06:58]   [additional_pdf/law] 9 pages, 16229 text chars
[2026-05-08 17:06:58]   [additional_pdf/law] raw text only
[2026-05-08 17:06:58]   [additional_pdf/ims] fetching იმს დამატებითი სასწავლო კურსების ცხრილი 2025-2026 II სემესტრი 27_04_2026.pdf
[2026-05-08 17:06:58]   [additional_pdf/ims] 188233 bytes, parsing PDF
[2026-05-08 17:06:59]   [additional_pdf/ims] 9 pages, 29574 text chars
[2026-05-08 17:06:59]   [additional_pdf/ims] structured: 159 logical rows -> 131 lectures
[2026-05-08 17:06:59]   [additional_pdf/business] fetching ბიზნესტექნოლოგიები_დამატებითი_17_04_2026.pdf
[2026-05-08 17:07:00]   [additional_pdf/business] 114955 bytes, parsing PDF
[2026-05-08 17:07:00]   [additional_pdf/business] 4 pages, 12300 text chars
[2026-05-08 17:07:00]   [additional_pdf/business] structured: 37 logical rows -> 19 lectures
[2026-05-08 17:07:00]   [additional_pdf/social] fetching დამატებიი ცხრილი სოციალურ მეცნიერებათა ფაკულტეტი 23_04-2026.pdf
[2026-05-08 17:07:00]   [additional_pdf/social] 87905 bytes, parsing PDF
[2026-05-08 17:07:00]   [additional_pdf/social] 2 pages, 3033 text chars
[2026-05-08 17:07:00]   [additional_pdf/social] raw text only
[2026-05-08 17:07:00] additional_pdf: stored 10, failed 0
[2026-05-08 17:07:00] midterm_pdf: 13 PDF(s) to fetch
[2026-05-08 17:07:00]   [midterm_pdf/construction] fetching 01 სამშენებლო ფაკულტეტი-01 Faculty of Civil Engineering (1).pdf
[2026-05-08 17:07:01]   [midterm_pdf/construction] 631662 bytes, parsing PDF
[2026-05-08 17:07:01]   [midterm_pdf/construction] 23 pages, 104398 text chars
[2026-05-08 17:07:01]   [midterm_pdf/construction] raw text only
[2026-05-08 17:07:01]   [midterm_pdf/power] fetching 02 ენერგეტიკის ფაკულტეტი - 02 Faculty of Power Engineering.pdf
[2026-05-08 17:07:02]   [midterm_pdf/power] 571469 bytes, parsing PDF
[2026-05-08 17:07:02]   [midterm_pdf/power] 22 pages, 102164 text chars
[2026-05-08 17:07:02]   [midterm_pdf/power] raw text only
[2026-05-08 17:07:02]   [midterm_pdf/mining] fetching 03 სამთო-გეოლოგიური და მთის მდგრადიგანვითარების ფაკულტეტი-03 Faculty of Mining and Geology_1_5_2026.pdf
[2026-05-08 17:07:03]   [midterm_pdf/mining] 685652 bytes, parsing PDF
[2026-05-08 17:07:03]   [midterm_pdf/mining] 38 pages, 122606 text chars
[2026-05-08 17:07:03]   [midterm_pdf/mining] raw text only
[2026-05-08 17:07:03]   [midterm_pdf/agrarian] fetching 04 აგრარული მეცნიერებისა და ქიმიური ტექნოლოგიების ფაკულტეტი_2.pdf
[2026-05-08 17:07:04]   [midterm_pdf/agrarian] 1054780 bytes, parsing PDF
[2026-05-08 17:07:05]   [midterm_pdf/agrarian] 20 pages, 206514 text chars
[2026-05-08 17:07:05]   [midterm_pdf/agrarian] raw text only
[2026-05-08 17:07:05]   [midterm_pdf/transport] fetching 05  სატრანსპორტო სისტემებისა და მექანიკის ინჟინერიის ფაკულტეტი - 05 Faculty of Transportation and Mechanical Engineering_1_5_2026.pdf
[2026-05-08 17:07:06]   [midterm_pdf/transport] 546120 bytes, parsing PDF
[2026-05-08 17:07:06]   [midterm_pdf/transport] 19 pages, 66592 text chars
[2026-05-08 17:07:06]   [midterm_pdf/transport] raw text only
[2026-05-08 17:07:06]   [midterm_pdf/architecture] fetching 06 არქიტექტურის, ურბანისტიკისა და დიზაინის ფაკულტეტი - 06 Faculty of Architecture, Urbanism and Design.pdf
[2026-05-08 17:07:07]   [midterm_pdf/architecture] 679671 bytes, parsing PDF
[2026-05-08 17:07:07]   [midterm_pdf/architecture] 32 pages, 105405 text chars
[2026-05-08 17:07:07]   [midterm_pdf/architecture] raw text only
[2026-05-08 17:07:07]   [midterm_pdf/law] fetching 07-სამართლისა-და-საერთაშორისო-ურთიერთობების-ფაკულტეტის-07-faculty-of-law-and-internation_30_04_2026.pdf
[2026-05-08 17:07:07]   [midterm_pdf/law] 479278 bytes, parsing PDF
[2026-05-08 17:07:08]   [midterm_pdf/law] 50 pages, 110561 text chars
[2026-05-08 17:07:08]   [midterm_pdf/law] raw text only
[2026-05-08 17:07:08]   [midterm_pdf/ims] fetching 08 ინფორმატიკისა და მართვის სისტემების ფაკულტეტი-08 Faculty of Informatics and Management Systems_4_5_2026.pdf
[2026-05-08 17:07:08]   [midterm_pdf/ims] 938832 bytes, parsing PDF
[2026-05-08 17:07:09]   [midterm_pdf/ims] 67 pages, 213528 text chars
[2026-05-08 17:07:09]   [midterm_pdf/ims] raw text only
[2026-05-08 17:07:09]   [midterm_pdf/design_school] fetching 09 დიზაინის საერთაშორისო სკოლა - 09 Design International School (1).pdf
[2026-05-08 17:07:09]   [midterm_pdf/design_school] 64310 bytes, parsing PDF
[2026-05-08 17:07:10]   [midterm_pdf/design_school] 1 pages, 5195 text chars
[2026-05-08 17:07:10]   [midterm_pdf/design_school] raw text only
[2026-05-08 17:07:10]   [midterm_pdf/business] fetching 11 ბიზნესტექნოლოგიების ფაკულტეტი - 11 Faculty of Business Technologies_30_04_2026.pdf
[2026-05-08 17:07:10]   [midterm_pdf/business] 614410 bytes, parsing PDF
[2026-05-08 17:07:11]   [midterm_pdf/business] 36 pages, 114341 text chars
[2026-05-08 17:07:11]   [midterm_pdf/business] raw text only
[2026-05-08 17:07:11]   [midterm_pdf/social] fetching 12 სოციალურ მეცნიერებათა ფაკულტეტი - 12 Faculty of Social Sciences.pdf
[2026-05-08 17:07:11]   [midterm_pdf/social] 817543 bytes, parsing PDF
[2026-05-08 17:07:12]   [midterm_pdf/social] 18 pages, 54669 text chars
[2026-05-08 17:07:12]   [midterm_pdf/social] raw text only
[2026-05-08 17:07:12]   [midterm_pdf/exam_center_1] fetching საგამოცდო ცენტრი 1 (1).pdf
[2026-05-08 17:07:12]   [midterm_pdf/exam_center_1] 257360 bytes, parsing PDF
[2026-05-08 17:07:12]   [midterm_pdf/exam_center_1] 5 pages, 28209 text chars
[2026-05-08 17:07:12]   [midterm_pdf/exam_center_1] raw text only
[2026-05-08 17:07:12]   [midterm_pdf/exam_center_2] fetching საგამოცდო ცენტრი 2 (1).pdf
[2026-05-08 17:07:13]   [midterm_pdf/exam_center_2] 252482 bytes, parsing PDF
[2026-05-08 17:07:13]   [midterm_pdf/exam_center_2] 5 pages, 28072 text chars
[2026-05-08 17:07:13]   [midterm_pdf/exam_center_2] raw text only
[2026-05-08 17:07:13] midterm_pdf: stored 13, failed 0
[2026-05-08 17:07:13] done in 37.39s
[2026-05-08 22:00:02] fetching homepage
[2026-05-08 22:00:03] discovered 27 links across 4 sections
[2026-05-08 22:00:03] teachers_html: 3 unique source(s)
[2026-05-08 22:00:04]   [http://leqtori.gtu.ge:9000/public/teachers_2025_2026_2_8.html] fetching
[2026-05-08 22:00:04]   fetched 244317 bytes
[2026-05-08 22:00:04]   parsed 113 lectures from პროფესიული სწავლების ცხრილი (4.05.2026-9.05.2026)
[2026-05-08 22:00:05]   stored 113 (deduped 0) into lecture
[2026-05-08 22:00:05]   [http://leqtori.gtu.ge:9000/public/prof_teachers.html] fetching
[2026-05-08 22:00:06]   fetched 111363 bytes
[2026-05-08 22:00:06]   parsed 52 lectures from პროფესიული სწავლების ცხრილი (4.05.2026-9.05.2026)
[2026-05-08 22:00:06]   stored 52 (deduped 0) into lecture
[2026-05-08 22:00:06]   [http://leqtori.gtu.ge:9000/public/teachers_2025_2026_2_8_.html] fetching
[2026-05-08 22:00:07]   fetched 7863393 bytes
[2026-05-08 22:00:08]   parsed 10198 lectures from VIII კვირის სასწავლო ცხრილი
[2026-05-08 22:00:24]   stored 10198 (deduped 0) into lecture
[2026-05-08 22:00:24] teachers totals: 1679 teachers, 4556 subjects, 10363 lectures
[2026-05-08 22:00:24] additional_pdf: 10 PDF(s) to fetch
[2026-05-08 22:00:24]   [additional_pdf/construction] fetching დამატ. ცხრ. -25-26 2 21.04.26 სამშენებლო.pdf
[2026-05-08 22:00:24]   [additional_pdf/construction] 307648 bytes, parsing PDF
[2026-05-08 22:00:24]   [additional_pdf/construction] 14 pages, 52664 text chars
[2026-05-08 22:00:25]   [additional_pdf/construction] structured: 195 logical rows -> 185 lectures
[2026-05-08 22:00:25]   [additional_pdf/power] fetching ენერგ ფაკ. დამატებითი_2025_2026_II_07_04_2026).pdf
[2026-05-08 22:00:25]   [additional_pdf/power] 71228 bytes, parsing PDF
[2026-05-08 22:00:26]   [additional_pdf/power] 2 pages, 6454 text chars
[2026-05-08 22:00:26]   [additional_pdf/power] raw text only
[2026-05-08 22:00:26]   [additional_pdf/mining] fetching სამთო-გეოლოგიური და მთის მდგრადი განვითარების ფაკულტეტი.pdf
[2026-05-08 22:00:26]   [additional_pdf/mining] 51893 bytes, parsing PDF
[2026-05-08 22:00:26]   [additional_pdf/mining] 1 pages, 2197 text chars
[2026-05-08 22:00:26]   [additional_pdf/mining] structured: 9 logical rows -> 8 lectures
[2026-05-08 22:00:26]   [additional_pdf/agrarian] fetching 2025-2026 II აგრარული დამატებითი_16_04_2026.pdf
[2026-05-08 22:00:26]   [additional_pdf/agrarian] 130098 bytes, parsing PDF
[2026-05-08 22:00:26]   [additional_pdf/agrarian] 4 pages, 11664 text chars
[2026-05-08 22:00:26]   [additional_pdf/agrarian] structured: 64 logical rows -> 64 lectures
[2026-05-08 22:00:26]   [additional_pdf/transport] fetching 05 დამატებითი ცხრილი . 23.04.2026.pdf
[2026-05-08 22:00:27]   [additional_pdf/transport] 164850 bytes, parsing PDF
[2026-05-08 22:00:27]   [additional_pdf/transport] 7 pages, 16906 text chars
[2026-05-08 22:00:27]   [additional_pdf/transport] raw text only
[2026-05-08 22:00:27]   [additional_pdf/architecture] fetching ცხრილი დამატ. არქიტექტურის, ურბანისტიკისა და დიზაინის.pdf
[2026-05-08 22:00:27]   [additional_pdf/architecture] 90193 bytes, parsing PDF
[2026-05-08 22:00:27]   [additional_pdf/architecture] 2 pages, 5806 text chars
[2026-05-08 22:00:27]   [additional_pdf/architecture] structured: 18 logical rows -> 15 lectures
[2026-05-08 22:00:27]   [additional_pdf/law] fetching სამართლისა და საერტაშორისო ურთ.დამატებითი ცხრილი_17_04_2026.pdf
[2026-05-08 22:00:28]   [additional_pdf/law] 284550 bytes, parsing PDF
[2026-05-08 22:00:28]   [additional_pdf/law] 9 pages, 16229 text chars
[2026-05-08 22:00:28]   [additional_pdf/law] raw text only
[2026-05-08 22:00:28]   [additional_pdf/ims] fetching იმს დამატებითი სასწავლო კურსების ცხრილი 2025-2026 II სემესტრი 27_04_2026.pdf
[2026-05-08 22:00:28]   [additional_pdf/ims] 188233 bytes, parsing PDF
[2026-05-08 22:00:29]   [additional_pdf/ims] 9 pages, 29574 text chars
[2026-05-08 22:00:29]   [additional_pdf/ims] structured: 159 logical rows -> 131 lectures
[2026-05-08 22:00:29]   [additional_pdf/business] fetching ბიზნესტექნოლოგიები_დამატებითი_17_04_2026.pdf
[2026-05-08 22:00:30]   [additional_pdf/business] 114955 bytes, parsing PDF
[2026-05-08 22:00:30]   [additional_pdf/business] 4 pages, 12300 text chars
[2026-05-08 22:00:30]   [additional_pdf/business] structured: 37 logical rows -> 19 lectures
[2026-05-08 22:00:30]   [additional_pdf/social] fetching დამატებიი ცხრილი სოციალურ მეცნიერებათა ფაკულტეტი 23_04-2026.pdf
[2026-05-08 22:00:30]   [additional_pdf/social] 87905 bytes, parsing PDF
[2026-05-08 22:00:30]   [additional_pdf/social] 2 pages, 3033 text chars
[2026-05-08 22:00:30]   [additional_pdf/social] raw text only
[2026-05-08 22:00:30] additional_pdf: stored 10, failed 0
[2026-05-08 22:00:30] midterm_pdf: 13 PDF(s) to fetch
[2026-05-08 22:00:30]   [midterm_pdf/construction] fetching 01 სამშენებლო ფაკულტეტი-01 Faculty of Civil Engineering (1).pdf
[2026-05-08 22:00:30]   [midterm_pdf/construction] 631662 bytes, parsing PDF
[2026-05-08 22:00:31]   [midterm_pdf/construction] 23 pages, 104398 text chars
[2026-05-08 22:00:31]   [midterm_pdf/construction] raw text only
[2026-05-08 22:00:31]   [midterm_pdf/power] fetching 02 ენერგეტიკის ფაკულტეტი - 02 Faculty of Power Engineering.pdf
[2026-05-08 22:00:31]   [midterm_pdf/power] 571469 bytes, parsing PDF
[2026-05-08 22:00:32]   [midterm_pdf/power] 22 pages, 102164 text chars
[2026-05-08 22:00:32]   [midterm_pdf/power] raw text only
[2026-05-08 22:00:32]   [midterm_pdf/mining] fetching 03 სამთო-გეოლოგიური და მთის მდგრადიგანვითარების ფაკულტეტი-03 Faculty of Mining and Geology_1_5_2026.pdf
[2026-05-08 22:00:32]   [midterm_pdf/mining] 685652 bytes, parsing PDF
[2026-05-08 22:00:33]   [midterm_pdf/mining] 38 pages, 122606 text chars
[2026-05-08 22:00:33]   [midterm_pdf/mining] raw text only
[2026-05-08 22:00:33]   [midterm_pdf/agrarian] fetching 04 აგრარული მეცნიერებისა და ქიმიური ტექნოლოგიების ფაკულტეტი_2.pdf
[2026-05-08 22:00:33]   [midterm_pdf/agrarian] 1054780 bytes, parsing PDF
[2026-05-08 22:00:34]   [midterm_pdf/agrarian] 20 pages, 206514 text chars
[2026-05-08 22:00:34]   [midterm_pdf/agrarian] raw text only
[2026-05-08 22:00:34]   [midterm_pdf/transport] fetching 05  სატრანსპორტო სისტემებისა და მექანიკის ინჟინერიის ფაკულტეტი - 05 Faculty of Transportation and Mechanical Engineering_1_5_2026.pdf
[2026-05-08 22:00:35]   [midterm_pdf/transport] 546120 bytes, parsing PDF
[2026-05-08 22:00:35]   [midterm_pdf/transport] 19 pages, 66592 text chars
[2026-05-08 22:00:35]   [midterm_pdf/transport] raw text only
[2026-05-08 22:00:35]   [midterm_pdf/architecture] fetching 06 არქიტექტურის, ურბანისტიკისა და დიზაინის ფაკულტეტი - 06 Faculty of Architecture, Urbanism and Design.pdf
[2026-05-08 22:00:36]   [midterm_pdf/architecture] 679671 bytes, parsing PDF
[2026-05-08 22:00:36]   [midterm_pdf/architecture] 32 pages, 105405 text chars
[2026-05-08 22:00:36]   [midterm_pdf/architecture] raw text only
[2026-05-08 22:00:36]   [midterm_pdf/law] fetching 07-სამართლისა-და-საერთაშორისო-ურთიერთობების-ფაკულტეტის-07-faculty-of-law-and-internation_30_04_2026.pdf
[2026-05-08 22:00:37]   [midterm_pdf/law] 479278 bytes, parsing PDF
[2026-05-08 22:00:37]   [midterm_pdf/law] 50 pages, 110561 text chars
[2026-05-08 22:00:37]   [midterm_pdf/law] raw text only
[2026-05-08 22:00:37]   [midterm_pdf/ims] fetching 08 ინფორმატიკისა და მართვის სისტემების ფაკულტეტი-08 Faculty of Informatics and Management Systems_4_5_2026.pdf
[2026-05-08 22:00:37]   [midterm_pdf/ims] 938832 bytes, parsing PDF
[2026-05-08 22:00:38]   [midterm_pdf/ims] 67 pages, 213528 text chars
[2026-05-08 22:00:38]   [midterm_pdf/ims] raw text only
[2026-05-08 22:00:38]   [midterm_pdf/design_school] fetching 09 დიზაინის საერთაშორისო სკოლა - 09 Design International School (1).pdf
[2026-05-08 22:00:38]   [midterm_pdf/design_school] 64310 bytes, parsing PDF
[2026-05-08 22:00:39]   [midterm_pdf/design_school] 1 pages, 5195 text chars
[2026-05-08 22:00:39]   [midterm_pdf/design_school] raw text only
[2026-05-08 22:00:39]   [midterm_pdf/business] fetching 11 ბიზნესტექნოლოგიების ფაკულტეტი - 11 Faculty of Business Technologies_30_04_2026.pdf
[2026-05-08 22:00:39]   [midterm_pdf/business] 614410 bytes, parsing PDF
[2026-05-08 22:00:40]   [midterm_pdf/business] 36 pages, 114341 text chars
[2026-05-08 22:00:40]   [midterm_pdf/business] raw text only
[2026-05-08 22:00:40]   [midterm_pdf/social] fetching 12 სოციალურ მეცნიერებათა ფაკულტეტი - 12 Faculty of Social Sciences.pdf
[2026-05-08 22:00:40]   [midterm_pdf/social] 817543 bytes, parsing PDF
[2026-05-08 22:00:41]   [midterm_pdf/social] 18 pages, 54669 text chars
[2026-05-08 22:00:41]   [midterm_pdf/social] raw text only
[2026-05-08 22:00:41]   [midterm_pdf/exam_center_1] fetching საგამოცდო ცენტრი 1 (1).pdf
[2026-05-08 22:00:41]   [midterm_pdf/exam_center_1] 257360 bytes, parsing PDF
[2026-05-08 22:00:41]   [midterm_pdf/exam_center_1] 5 pages, 28209 text chars
[2026-05-08 22:00:41]   [midterm_pdf/exam_center_1] raw text only
[2026-05-08 22:00:41]   [midterm_pdf/exam_center_2] fetching საგამოცდო ცენტრი 2 (1).pdf
[2026-05-08 22:00:42]   [midterm_pdf/exam_center_2] 252482 bytes, parsing PDF
[2026-05-08 22:00:42]   [midterm_pdf/exam_center_2] 5 pages, 28072 text chars
[2026-05-08 22:00:42]   [midterm_pdf/exam_center_2] raw text only
[2026-05-08 22:00:42] midterm_pdf: stored 13, failed 0
[2026-05-08 22:00:42] done in 39.29s
[2026-05-09 02:00:01] fetching homepage
[2026-05-09 02:00:02] discovered 27 links across 4 sections
[2026-05-09 02:00:02] teachers_html: 3 unique source(s)
[2026-05-09 02:00:03]   [http://leqtori.gtu.ge:9000/public/teachers_2025_2026_2_8.html] fetching
[2026-05-09 02:00:03]   fetched 244317 bytes
[2026-05-09 02:00:04]   parsed 113 lectures from პროფესიული სწავლების ცხრილი (4.05.2026-9.05.2026)
[2026-05-09 02:00:10]   stored 113 (deduped 0) into lecture
[2026-05-09 02:00:10]   [http://leqtori.gtu.ge:9000/public/prof_teachers.html] fetching
[2026-05-09 02:00:11]   fetched 111363 bytes
[2026-05-09 02:00:11]   parsed 52 lectures from პროფესიული სწავლების ცხრილი (4.05.2026-9.05.2026)
[2026-05-09 02:00:12]   stored 52 (deduped 0) into lecture
[2026-05-09 02:00:12]   [http://leqtori.gtu.ge:9000/public/teachers_2025_2026_2_8_.html] fetching
[2026-05-09 02:00:19]   fetched 7863393 bytes
[2026-05-09 02:00:23]   parsed 10198 lectures from VIII კვირის სასწავლო ცხრილი
[2026-05-09 02:01:07]   stored 10198 (deduped 0) into lecture
[2026-05-09 02:01:07] teachers totals: 1679 teachers, 4556 subjects, 10363 lectures
[2026-05-09 02:01:07] additional_pdf: 10 PDF(s) to fetch
[2026-05-09 02:01:07]   [additional_pdf/construction] fetching დამატ. ცხრ. -25-26 2 21.04.26 სამშენებლო.pdf
[2026-05-09 02:01:08]   [additional_pdf/construction] 307648 bytes, parsing PDF
[2026-05-09 02:01:08]   [additional_pdf/construction] 14 pages, 52664 text chars
[2026-05-09 02:01:09]   [additional_pdf/construction] structured: 195 logical rows -> 185 lectures
[2026-05-09 02:01:09]   [additional_pdf/power] fetching ენერგ ფაკ. დამატებითი_2025_2026_II_07_04_2026).pdf
[2026-05-09 02:01:09]   [additional_pdf/power] 71228 bytes, parsing PDF
[2026-05-09 02:01:10]   [additional_pdf/power] 2 pages, 6454 text chars
[2026-05-09 02:01:10]   [additional_pdf/power] raw text only
[2026-05-09 02:01:10]   [additional_pdf/mining] fetching სამთო-გეოლოგიური და მთის მდგრადი განვითარების ფაკულტეტი.pdf
[2026-05-09 02:01:10]   [additional_pdf/mining] 51893 bytes, parsing PDF
[2026-05-09 02:01:10]   [additional_pdf/mining] 1 pages, 2197 text chars
[2026-05-09 02:01:10]   [additional_pdf/mining] structured: 9 logical rows -> 8 lectures
[2026-05-09 02:01:10]   [additional_pdf/agrarian] fetching 2025-2026 II აგრარული დამატებითი_16_04_2026.pdf
[2026-05-09 02:01:10]   [additional_pdf/agrarian] 130098 bytes, parsing PDF
[2026-05-09 02:01:10]   [additional_pdf/agrarian] 4 pages, 11664 text chars
[2026-05-09 02:01:10]   [additional_pdf/agrarian] structured: 64 logical rows -> 64 lectures
[2026-05-09 02:01:10]   [additional_pdf/transport] fetching 05 დამატებითი ცხრილი . 23.04.2026.pdf
[2026-05-09 02:01:11]   [additional_pdf/transport] 164850 bytes, parsing PDF
[2026-05-09 02:01:11]   [additional_pdf/transport] 7 pages, 16906 text chars
[2026-05-09 02:01:11]   [additional_pdf/transport] raw text only
[2026-05-09 02:01:11]   [additional_pdf/architecture] fetching ცხრილი დამატ. არქიტექტურის, ურბანისტიკისა და დიზაინის.pdf
[2026-05-09 02:01:11]   [additional_pdf/architecture] 90193 bytes, parsing PDF
[2026-05-09 02:01:11]   [additional_pdf/architecture] 2 pages, 5806 text chars
[2026-05-09 02:01:12]   [additional_pdf/architecture] structured: 18 logical rows -> 15 lectures
[2026-05-09 02:01:12]   [additional_pdf/law] fetching სამართლისა და საერტაშორისო ურთ.დამატებითი ცხრილი_17_04_2026.pdf
[2026-05-09 02:01:12]   [additional_pdf/law] 284550 bytes, parsing PDF
[2026-05-09 02:01:12]   [additional_pdf/law] 9 pages, 16229 text chars
[2026-05-09 02:01:12]   [additional_pdf/law] raw text only
[2026-05-09 02:01:12]   [additional_pdf/ims] fetching იმს დამატებითი სასწავლო კურსების ცხრილი 2025-2026 II სემესტრი 27_04_2026.pdf
[2026-05-09 02:01:13]   [additional_pdf/ims] 188233 bytes, parsing PDF
[2026-05-09 02:01:13]   [additional_pdf/ims] 9 pages, 29574 text chars
[2026-05-09 02:01:14]   [additional_pdf/ims] structured: 159 logical rows -> 131 lectures
[2026-05-09 02:01:14]   [additional_pdf/business] fetching ბიზნესტექნოლოგიები_დამატებითი_17_04_2026.pdf
[2026-05-09 02:01:14]   [additional_pdf/business] 114955 bytes, parsing PDF
[2026-05-09 02:01:14]   [additional_pdf/business] 4 pages, 12300 text chars
[2026-05-09 02:01:14]   [additional_pdf/business] structured: 37 logical rows -> 19 lectures
[2026-05-09 02:01:14]   [additional_pdf/social] fetching დამატებიი ცხრილი სოციალურ მეცნიერებათა ფაკულტეტი 23_04-2026.pdf
[2026-05-09 02:01:14]   [additional_pdf/social] 87905 bytes, parsing PDF
[2026-05-09 02:01:14]   [additional_pdf/social] 2 pages, 3033 text chars
[2026-05-09 02:01:14]   [additional_pdf/social] raw text only
[2026-05-09 02:01:14] additional_pdf: stored 10, failed 0
[2026-05-09 02:01:14] midterm_pdf: 13 PDF(s) to fetch
[2026-05-09 02:01:14]   [midterm_pdf/construction] fetching 01 სამშენებლო ფაკულტეტი-01 Faculty of Civil Engineering (1).pdf
[2026-05-09 02:01:15]   [midterm_pdf/construction] 631662 bytes, parsing PDF
[2026-05-09 02:01:15]   [midterm_pdf/construction] 23 pages, 104398 text chars
[2026-05-09 02:01:15]   [midterm_pdf/construction] raw text only
[2026-05-09 02:01:15]   [midterm_pdf/power] fetching 02 ენერგეტიკის ფაკულტეტი - 02 Faculty of Power Engineering.pdf
[2026-05-09 02:01:16]   [midterm_pdf/power] 571469 bytes, parsing PDF
[2026-05-09 02:01:16]   [midterm_pdf/power] 22 pages, 102164 text chars
[2026-05-09 02:01:16]   [midterm_pdf/power] raw text only
[2026-05-09 02:01:16]   [midterm_pdf/mining] fetching 03 სამთო-გეოლოგიური და მთის მდგრადიგანვითარების ფაკულტეტი-03 Faculty of Mining and Geology_1_5_2026.pdf
[2026-05-09 02:01:17]   [midterm_pdf/mining] 685652 bytes, parsing PDF
[2026-05-09 02:01:17]   [midterm_pdf/mining] 38 pages, 122606 text chars
[2026-05-09 02:01:17]   [midterm_pdf/mining] raw text only
[2026-05-09 02:01:17]   [midterm_pdf/agrarian] fetching 04 აგრარული მეცნიერებისა და ქიმიური ტექნოლოგიების ფაკულტეტი_2.pdf
[2026-05-09 02:01:18]   [midterm_pdf/agrarian] 1054780 bytes, parsing PDF
[2026-05-09 02:01:19]   [midterm_pdf/agrarian] 20 pages, 206514 text chars
[2026-05-09 02:01:19]   [midterm_pdf/agrarian] raw text only
[2026-05-09 02:01:19]   [midterm_pdf/transport] fetching 05  სატრანსპორტო სისტემებისა და მექანიკის ინჟინერიის ფაკულტეტი - 05 Faculty of Transportation and Mechanical Engineering_1_5_2026.pdf
[2026-05-09 02:01:19]   [midterm_pdf/transport] 546120 bytes, parsing PDF
[2026-05-09 02:01:20]   [midterm_pdf/transport] 19 pages, 66592 text chars
[2026-05-09 02:01:20]   [midterm_pdf/transport] raw text only
[2026-05-09 02:01:20]   [midterm_pdf/architecture] fetching 06 არქიტექტურის, ურბანისტიკისა და დიზაინის ფაკულტეტი - 06 Faculty of Architecture, Urbanism and Design.pdf
[2026-05-09 02:01:20]   [midterm_pdf/architecture] 679671 bytes, parsing PDF
[2026-05-09 02:01:21]   [midterm_pdf/architecture] 32 pages, 105405 text chars
[2026-05-09 02:01:21]   [midterm_pdf/architecture] raw text only
[2026-05-09 02:01:21]   [midterm_pdf/law] fetching 07-სამართლისა-და-საერთაშორისო-ურთიერთობების-ფაკულტეტის-07-faculty-of-law-and-internation_30_04_2026.pdf
[2026-05-09 02:01:21]   [midterm_pdf/law] 479278 bytes, parsing PDF
[2026-05-09 02:01:21]   [midterm_pdf/law] 50 pages, 110561 text chars
[2026-05-09 02:01:21]   [midterm_pdf/law] raw text only
[2026-05-09 02:01:21]   [midterm_pdf/ims] fetching 08 ინფორმატიკისა და მართვის სისტემების ფაკულტეტი-08 Faculty of Informatics and Management Systems_4_5_2026.pdf
[2026-05-09 02:01:22]   [midterm_pdf/ims] 938832 bytes, parsing PDF
[2026-05-09 02:01:23]   [midterm_pdf/ims] 67 pages, 213528 text chars
[2026-05-09 02:01:23]   [midterm_pdf/ims] raw text only
[2026-05-09 02:01:23]   [midterm_pdf/design_school] fetching 09 დიზაინის საერთაშორისო სკოლა - 09 Design International School (1).pdf
[2026-05-09 02:01:23]   [midterm_pdf/design_school] 64310 bytes, parsing PDF
[2026-05-09 02:01:23]   [midterm_pdf/design_school] 1 pages, 5195 text chars
[2026-05-09 02:01:23]   [midterm_pdf/design_school] raw text only
[2026-05-09 02:01:23]   [midterm_pdf/business] fetching 11 ბიზნესტექნოლოგიების ფაკულტეტი - 11 Faculty of Business Technologies_30_04_2026.pdf
[2026-05-09 02:01:24]   [midterm_pdf/business] 614410 bytes, parsing PDF
[2026-05-09 02:01:25]   [midterm_pdf/business] 36 pages, 114341 text chars
[2026-05-09 02:01:25]   [midterm_pdf/business] raw text only
[2026-05-09 02:01:25]   [midterm_pdf/social] fetching 12 სოციალურ მეცნიერებათა ფაკულტეტი - 12 Faculty of Social Sciences.pdf
[2026-05-09 02:01:25]   [midterm_pdf/social] 817543 bytes, parsing PDF
[2026-05-09 02:01:25]   [midterm_pdf/social] 18 pages, 54669 text chars
[2026-05-09 02:01:25]   [midterm_pdf/social] raw text only
[2026-05-09 02:01:25]   [midterm_pdf/exam_center_1] fetching საგამოცდო ცენტრი 1 (1).pdf
[2026-05-09 02:01:26]   [midterm_pdf/exam_center_1] 257360 bytes, parsing PDF
[2026-05-09 02:01:26]   [midterm_pdf/exam_center_1] 5 pages, 28209 text chars
[2026-05-09 02:01:26]   [midterm_pdf/exam_center_1] raw text only
[2026-05-09 02:01:26]   [midterm_pdf/exam_center_2] fetching საგამოცდო ცენტრი 2 (1).pdf
[2026-05-09 02:01:26]   [midterm_pdf/exam_center_2] 252482 bytes, parsing PDF
[2026-05-09 02:01:26]   [midterm_pdf/exam_center_2] 5 pages, 28072 text chars
[2026-05-09 02:01:26]   [midterm_pdf/exam_center_2] raw text only
[2026-05-09 02:01:26] midterm_pdf: stored 13, failed 0
[2026-05-09 02:01:26] done in 85.75s
[2026-05-09 07:00:01] fetching homepage
[2026-05-09 07:00:02] discovered 27 links across 4 sections
[2026-05-09 07:00:02] teachers_html: 3 unique source(s)
[2026-05-09 07:00:03]   [http://leqtori.gtu.ge:9000/public/teachers_2025_2026_2_8.html] fetching
[2026-05-09 07:00:04]   fetched 244317 bytes
[2026-05-09 07:00:04]   parsed 113 lectures from პროფესიული სწავლების ცხრილი (4.05.2026-9.05.2026)
[2026-05-09 07:00:05]   stored 113 (deduped 0) into lecture
[2026-05-09 07:00:05]   [http://leqtori.gtu.ge:9000/public/prof_teachers.html] fetching
[2026-05-09 07:00:05]   fetched 111363 bytes
[2026-05-09 07:00:05]   parsed 52 lectures from პროფესიული სწავლების ცხრილი (4.05.2026-9.05.2026)
[2026-05-09 07:00:05]   stored 52 (deduped 0) into lecture
[2026-05-09 07:00:05]   [http://leqtori.gtu.ge:9000/public/teachers_2025_2026_2_8_.html] fetching
[2026-05-09 07:00:06]   fetched 7863393 bytes
[2026-05-09 07:00:07]   parsed 10198 lectures from VIII კვირის სასწავლო ცხრილი
[2026-05-09 07:00:23]   stored 10198 (deduped 0) into lecture
[2026-05-09 07:00:23] teachers totals: 1679 teachers, 4556 subjects, 10363 lectures
[2026-05-09 07:00:23] additional_pdf: 10 PDF(s) to fetch
[2026-05-09 07:00:23]   [additional_pdf/construction] fetching დამატ. ცხრ. -25-26 2 21.04.26 სამშენებლო.pdf
[2026-05-09 07:00:23]   [additional_pdf/construction] 307648 bytes, parsing PDF
[2026-05-09 07:00:24]   [additional_pdf/construction] 14 pages, 52664 text chars
[2026-05-09 07:00:25]   [additional_pdf/construction] structured: 195 logical rows -> 185 lectures
[2026-05-09 07:00:25]   [additional_pdf/power] fetching ენერგ ფაკ. დამატებითი_2025_2026_II_07_04_2026).pdf
[2026-05-09 07:00:25]   [additional_pdf/power] 71228 bytes, parsing PDF
[2026-05-09 07:00:25]   [additional_pdf/power] 2 pages, 6454 text chars
[2026-05-09 07:00:25]   [additional_pdf/power] raw text only
[2026-05-09 07:00:25]   [additional_pdf/mining] fetching სამთო-გეოლოგიური და მთის მდგრადი განვითარების ფაკულტეტი.pdf
[2026-05-09 07:00:25]   [additional_pdf/mining] 51893 bytes, parsing PDF
[2026-05-09 07:00:25]   [additional_pdf/mining] 1 pages, 2197 text chars
[2026-05-09 07:00:25]   [additional_pdf/mining] structured: 9 logical rows -> 8 lectures
[2026-05-09 07:00:25]   [additional_pdf/agrarian] fetching 2025-2026 II აგრარული დამატებითი_16_04_2026.pdf
[2026-05-09 07:00:26]   [additional_pdf/agrarian] 130098 bytes, parsing PDF
[2026-05-09 07:00:26]   [additional_pdf/agrarian] 4 pages, 11664 text chars
[2026-05-09 07:00:26]   [additional_pdf/agrarian] structured: 64 logical rows -> 64 lectures
[2026-05-09 07:00:26]   [additional_pdf/transport] fetching 05 დამატებითი ცხრილი . 23.04.2026.pdf
[2026-05-09 07:00:26]   [additional_pdf/transport] 164850 bytes, parsing PDF
[2026-05-09 07:00:26]   [additional_pdf/transport] 7 pages, 16906 text chars
[2026-05-09 07:00:26]   [additional_pdf/transport] raw text only
[2026-05-09 07:00:26]   [additional_pdf/architecture] fetching ცხრილი დამატ. არქიტექტურის, ურბანისტიკისა და დიზაინის.pdf
[2026-05-09 07:00:27]   [additional_pdf/architecture] 90193 bytes, parsing PDF
[2026-05-09 07:00:27]   [additional_pdf/architecture] 2 pages, 5806 text chars
[2026-05-09 07:00:27]   [additional_pdf/architecture] structured: 18 logical rows -> 15 lectures
[2026-05-09 07:00:27]   [additional_pdf/law] fetching სამართლისა და საერტაშორისო ურთ.დამატებითი ცხრილი_17_04_2026.pdf
[2026-05-09 07:00:27]   [additional_pdf/law] 284550 bytes, parsing PDF
[2026-05-09 07:00:28]   [additional_pdf/law] 9 pages, 16229 text chars
[2026-05-09 07:00:28]   [additional_pdf/law] raw text only
[2026-05-09 07:00:28]   [additional_pdf/ims] fetching იმს დამატებითი სასწავლო კურსების ცხრილი 2025-2026 II სემესტრი 27_04_2026.pdf
[2026-05-09 07:00:28]   [additional_pdf/ims] 188233 bytes, parsing PDF
[2026-05-09 07:00:28]   [additional_pdf/ims] 9 pages, 29574 text chars
[2026-05-09 07:00:29]   [additional_pdf/ims] structured: 159 logical rows -> 131 lectures
[2026-05-09 07:00:29]   [additional_pdf/business] fetching ბიზნესტექნოლოგიები_დამატებითი_17_04_2026.pdf
[2026-05-09 07:00:29]   [additional_pdf/business] 114955 bytes, parsing PDF
[2026-05-09 07:00:29]   [additional_pdf/business] 4 pages, 12300 text chars
[2026-05-09 07:00:29]   [additional_pdf/business] structured: 37 logical rows -> 19 lectures
[2026-05-09 07:00:29]   [additional_pdf/social] fetching დამატებიი ცხრილი სოციალურ მეცნიერებათა ფაკულტეტი 23_04-2026.pdf
[2026-05-09 07:00:29]   [additional_pdf/social] 87905 bytes, parsing PDF
[2026-05-09 07:00:29]   [additional_pdf/social] 2 pages, 3033 text chars
[2026-05-09 07:00:29]   [additional_pdf/social] raw text only
[2026-05-09 07:00:29] additional_pdf: stored 10, failed 0
[2026-05-09 07:00:29] midterm_pdf: 13 PDF(s) to fetch
[2026-05-09 07:00:29]   [midterm_pdf/construction] fetching 01 სამშენებლო ფაკულტეტი-01 Faculty of Civil Engineering (1).pdf
[2026-05-09 07:00:30]   [midterm_pdf/construction] 631662 bytes, parsing PDF
[2026-05-09 07:00:30]   [midterm_pdf/construction] 23 pages, 104398 text chars
[2026-05-09 07:00:30]   [midterm_pdf/construction] raw text only
[2026-05-09 07:00:30]   [midterm_pdf/power] fetching 02 ენერგეტიკის ფაკულტეტი - 02 Faculty of Power Engineering.pdf
[2026-05-09 07:00:31]   [midterm_pdf/power] 571469 bytes, parsing PDF
[2026-05-09 07:00:31]   [midterm_pdf/power] 22 pages, 102164 text chars
[2026-05-09 07:00:31]   [midterm_pdf/power] raw text only
[2026-05-09 07:00:31]   [midterm_pdf/mining] fetching 03 სამთო-გეოლოგიური და მთის მდგრადიგანვითარების ფაკულტეტი-03 Faculty of Mining and Geology_1_5_2026.pdf
[2026-05-09 07:00:32]   [midterm_pdf/mining] 685652 bytes, parsing PDF
[2026-05-09 07:00:32]   [midterm_pdf/mining] 38 pages, 122606 text chars
[2026-05-09 07:00:32]   [midterm_pdf/mining] raw text only
[2026-05-09 07:00:32]   [midterm_pdf/agrarian] fetching 04 აგრარული მეცნიერებისა და ქიმიური ტექნოლოგიების ფაკულტეტი_2.pdf
[2026-05-09 07:00:33]   [midterm_pdf/agrarian] 1054780 bytes, parsing PDF
[2026-05-09 07:00:34]   [midterm_pdf/agrarian] 20 pages, 206514 text chars
[2026-05-09 07:00:34]   [midterm_pdf/agrarian] raw text only
[2026-05-09 07:00:34]   [midterm_pdf/transport] fetching 05  სატრანსპორტო სისტემებისა და მექანიკის ინჟინერიის ფაკულტეტი - 05 Faculty of Transportation and Mechanical Engineering_1_5_2026.pdf
[2026-05-09 07:00:34]   [midterm_pdf/transport] 546120 bytes, parsing PDF
[2026-05-09 07:00:35]   [midterm_pdf/transport] 19 pages, 66592 text chars
[2026-05-09 07:00:35]   [midterm_pdf/transport] raw text only
[2026-05-09 07:00:35]   [midterm_pdf/architecture] fetching 06 არქიტექტურის, ურბანისტიკისა და დიზაინის ფაკულტეტი - 06 Faculty of Architecture, Urbanism and Design.pdf
[2026-05-09 07:00:35]   [midterm_pdf/architecture] 679671 bytes, parsing PDF
[2026-05-09 07:00:35]   [midterm_pdf/architecture] 32 pages, 105405 text chars
[2026-05-09 07:00:35]   [midterm_pdf/architecture] raw text only
[2026-05-09 07:00:35]   [midterm_pdf/law] fetching 07-სამართლისა-და-საერთაშორისო-ურთიერთობების-ფაკულტეტის-07-faculty-of-law-and-internation_30_04_2026.pdf
[2026-05-09 07:00:36]   [midterm_pdf/law] 479278 bytes, parsing PDF
[2026-05-09 07:00:36]   [midterm_pdf/law] 50 pages, 110561 text chars
[2026-05-09 07:00:36]   [midterm_pdf/law] raw text only
[2026-05-09 07:00:36]   [midterm_pdf/ims] fetching 08 ინფორმატიკისა და მართვის სისტემების ფაკულტეტი-08 Faculty of Informatics and Management Systems_4_5_2026.pdf
[2026-05-09 07:00:37]   [midterm_pdf/ims] 938832 bytes, parsing PDF
[2026-05-09 07:00:37]   [midterm_pdf/ims] 67 pages, 213528 text chars
[2026-05-09 07:00:37]   [midterm_pdf/ims] raw text only
[2026-05-09 07:00:37]   [midterm_pdf/design_school] fetching 09 დიზაინის საერთაშორისო სკოლა - 09 Design International School (1).pdf
[2026-05-09 07:00:38]   [midterm_pdf/design_school] 64310 bytes, parsing PDF
[2026-05-09 07:00:38]   [midterm_pdf/design_school] 1 pages, 5195 text chars
[2026-05-09 07:00:38]   [midterm_pdf/design_school] raw text only
[2026-05-09 07:00:38]   [midterm_pdf/business] fetching 11 ბიზნესტექნოლოგიების ფაკულტეტი - 11 Faculty of Business Technologies_30_04_2026.pdf
[2026-05-09 07:00:39]   [midterm_pdf/business] 614410 bytes, parsing PDF
[2026-05-09 07:00:39]   [midterm_pdf/business] 36 pages, 114341 text chars
[2026-05-09 07:00:39]   [midterm_pdf/business] raw text only
[2026-05-09 07:00:39]   [midterm_pdf/social] fetching 12 სოციალურ მეცნიერებათა ფაკულტეტი - 12 Faculty of Social Sciences.pdf
[2026-05-09 07:00:40]   [midterm_pdf/social] 817543 bytes, parsing PDF
[2026-05-09 07:00:40]   [midterm_pdf/social] 18 pages, 54669 text chars
[2026-05-09 07:00:40]   [midterm_pdf/social] raw text only
[2026-05-09 07:00:40]   [midterm_pdf/exam_center_1] fetching საგამოცდო ცენტრი 1 (1).pdf
[2026-05-09 07:00:40]   [midterm_pdf/exam_center_1] 257360 bytes, parsing PDF
[2026-05-09 07:00:41]   [midterm_pdf/exam_center_1] 5 pages, 28209 text chars
[2026-05-09 07:00:41]   [midterm_pdf/exam_center_1] raw text only
[2026-05-09 07:00:41]   [midterm_pdf/exam_center_2] fetching საგამოცდო ცენტრი 2 (1).pdf
[2026-05-09 07:00:41]   [midterm_pdf/exam_center_2] 252482 bytes, parsing PDF
[2026-05-09 07:00:41]   [midterm_pdf/exam_center_2] 5 pages, 28072 text chars
[2026-05-09 07:00:41]   [midterm_pdf/exam_center_2] raw text only
[2026-05-09 07:00:41] midterm_pdf: stored 13, failed 0
[2026-05-09 07:00:41] done in 40.16s
[2026-05-09 12:00:03] fetching homepage
[2026-05-09 12:00:04] discovered 27 links across 4 sections
[2026-05-09 12:00:04] teachers_html: 3 unique source(s)
[2026-05-09 12:00:05]   [http://leqtori.gtu.ge:9000/public/teachers_2025_2026_2_8.html] fetching
[2026-05-09 12:00:05]   fetched 244317 bytes
[2026-05-09 12:00:05]   parsed 113 lectures from პროფესიული სწავლების ცხრილი (4.05.2026-9.05.2026)
[2026-05-09 12:00:06]   stored 113 (deduped 0) into lecture
[2026-05-09 12:00:06]   [http://leqtori.gtu.ge:9000/public/prof_teachers.html] fetching
[2026-05-09 12:00:06]   fetched 111363 bytes
[2026-05-09 12:00:06]   parsed 52 lectures from პროფესიული სწავლების ცხრილი (4.05.2026-9.05.2026)
[2026-05-09 12:00:06]   stored 52 (deduped 0) into lecture
[2026-05-09 12:00:06]   [http://leqtori.gtu.ge:9000/public/teachers_2025_2026_2_8_.html] fetching
[2026-05-09 12:00:07]   fetched 7863393 bytes
[2026-05-09 12:00:09]   parsed 10198 lectures from VIII კვირის სასწავლო ცხრილი
[2026-05-09 12:00:22]   stored 10198 (deduped 0) into lecture
[2026-05-09 12:00:22] teachers totals: 1679 teachers, 4556 subjects, 10363 lectures
[2026-05-09 12:00:22] additional_pdf: 10 PDF(s) to fetch
[2026-05-09 12:00:22]   [additional_pdf/construction] fetching დამატ. ცხრ. -25-26 2 21.04.26 სამშენებლო.pdf
[2026-05-09 12:00:23]   [additional_pdf/construction] 307648 bytes, parsing PDF
[2026-05-09 12:00:23]   [additional_pdf/construction] 14 pages, 52664 text chars
[2026-05-09 12:00:24]   [additional_pdf/construction] structured: 195 logical rows -> 185 lectures
[2026-05-09 12:00:24]   [additional_pdf/power] fetching ენერგ ფაკ. დამატებითი_2025_2026_II_07_04_2026).pdf
[2026-05-09 12:00:24]   [additional_pdf/power] 71228 bytes, parsing PDF
[2026-05-09 12:00:24]   [additional_pdf/power] 2 pages, 6454 text chars
[2026-05-09 12:00:24]   [additional_pdf/power] raw text only
[2026-05-09 12:00:24]   [additional_pdf/mining] fetching სამთო-გეოლოგიური და მთის მდგრადი განვითარების ფაკულტეტი.pdf
[2026-05-09 12:00:25]   [additional_pdf/mining] 51893 bytes, parsing PDF
[2026-05-09 12:00:25]   [additional_pdf/mining] 1 pages, 2197 text chars
[2026-05-09 12:00:25]   [additional_pdf/mining] structured: 9 logical rows -> 8 lectures
[2026-05-09 12:00:25]   [additional_pdf/agrarian] fetching 2025-2026 II აგრარული დამატებითი_16_04_2026.pdf
[2026-05-09 12:00:25]   [additional_pdf/agrarian] 130098 bytes, parsing PDF
[2026-05-09 12:00:25]   [additional_pdf/agrarian] 4 pages, 11664 text chars
[2026-05-09 12:00:25]   [additional_pdf/agrarian] structured: 64 logical rows -> 64 lectures
[2026-05-09 12:00:25]   [additional_pdf/transport] fetching 05 დამატებითი ცხრილი . 23.04.2026.pdf
[2026-05-09 12:00:25]   [additional_pdf/transport] 164850 bytes, parsing PDF
[2026-05-09 12:00:26]   [additional_pdf/transport] 7 pages, 16906 text chars
[2026-05-09 12:00:26]   [additional_pdf/transport] raw text only
[2026-05-09 12:00:26]   [additional_pdf/architecture] fetching ცხრილი დამატ. არქიტექტურის, ურბანისტიკისა და დიზაინის.pdf
[2026-05-09 12:00:26]   [additional_pdf/architecture] 90193 bytes, parsing PDF
[2026-05-09 12:00:26]   [additional_pdf/architecture] 2 pages, 5806 text chars
[2026-05-09 12:00:26]   [additional_pdf/architecture] structured: 18 logical rows -> 15 lectures
[2026-05-09 12:00:26]   [additional_pdf/law] fetching სამართლისა და საერტაშორისო ურთ.დამატებითი ცხრილი_17_04_2026.pdf
[2026-05-09 12:00:27]   [additional_pdf/law] 284550 bytes, parsing PDF
[2026-05-09 12:00:27]   [additional_pdf/law] 9 pages, 16229 text chars
[2026-05-09 12:00:27]   [additional_pdf/law] raw text only
[2026-05-09 12:00:27]   [additional_pdf/ims] fetching იმს დამატებითი სასწავლო კურსების ცხრილი 2025-2026 II სემესტრი 27_04_2026.pdf
[2026-05-09 12:00:27]   [additional_pdf/ims] 188233 bytes, parsing PDF
[2026-05-09 12:00:27]   [additional_pdf/ims] 9 pages, 29574 text chars
[2026-05-09 12:00:28]   [additional_pdf/ims] structured: 159 logical rows -> 131 lectures
[2026-05-09 12:00:28]   [additional_pdf/business] fetching ბიზნესტექნოლოგიები_დამატებითი_17_04_2026.pdf
[2026-05-09 12:00:28]   [additional_pdf/business] 114955 bytes, parsing PDF
[2026-05-09 12:00:28]   [additional_pdf/business] 4 pages, 12300 text chars
[2026-05-09 12:00:29]   [additional_pdf/business] structured: 37 logical rows -> 19 lectures
[2026-05-09 12:00:29]   [additional_pdf/social] fetching დამატებიი ცხრილი სოციალურ მეცნიერებათა ფაკულტეტი 23_04-2026.pdf
[2026-05-09 12:00:29]   [additional_pdf/social] 87905 bytes, parsing PDF
[2026-05-09 12:00:29]   [additional_pdf/social] 2 pages, 3033 text chars
[2026-05-09 12:00:29]   [additional_pdf/social] raw text only
[2026-05-09 12:00:29] additional_pdf: stored 10, failed 0
[2026-05-09 12:00:29] midterm_pdf: 13 PDF(s) to fetch
[2026-05-09 12:00:29]   [midterm_pdf/construction] fetching 01 სამშენებლო ფაკულტეტი-01 Faculty of Civil Engineering (1).pdf
[2026-05-09 12:00:29]   [midterm_pdf/construction] 631662 bytes, parsing PDF
[2026-05-09 12:00:30]   [midterm_pdf/construction] 23 pages, 104398 text chars
[2026-05-09 12:00:30]   [midterm_pdf/construction] raw text only
[2026-05-09 12:00:30]   [midterm_pdf/power] fetching 02 ენერგეტიკის ფაკულტეტი - 02 Faculty of Power Engineering.pdf
[2026-05-09 12:00:30]   [midterm_pdf/power] 571469 bytes, parsing PDF
[2026-05-09 12:00:31]   [midterm_pdf/power] 22 pages, 102164 text chars
[2026-05-09 12:00:31]   [midterm_pdf/power] raw text only
[2026-05-09 12:00:31]   [midterm_pdf/mining] fetching 03 სამთო-გეოლოგიური და მთის მდგრადიგანვითარების ფაკულტეტი-03 Faculty of Mining and Geology_1_5_2026.pdf
[2026-05-09 12:00:31]   [midterm_pdf/mining] 685652 bytes, parsing PDF
[2026-05-09 12:00:32]   [midterm_pdf/mining] 38 pages, 122606 text chars
[2026-05-09 12:00:32]   [midterm_pdf/mining] raw text only
[2026-05-09 12:00:32]   [midterm_pdf/agrarian] fetching 04 აგრარული მეცნიერებისა და ქიმიური ტექნოლოგიების ფაკულტეტი_2.pdf
[2026-05-09 12:00:32]   [midterm_pdf/agrarian] 1054780 bytes, parsing PDF
[2026-05-09 12:00:33]   [midterm_pdf/agrarian] 20 pages, 206514 text chars
[2026-05-09 12:00:33]   [midterm_pdf/agrarian] raw text only
[2026-05-09 12:00:33]   [midterm_pdf/transport] fetching 05  სატრანსპორტო სისტემებისა და მექანიკის ინჟინერიის ფაკულტეტი - 05 Faculty of Transportation and Mechanical Engineering_1_5_2026.pdf
[2026-05-09 12:00:34]   [midterm_pdf/transport] 546120 bytes, parsing PDF
[2026-05-09 12:00:34]   [midterm_pdf/transport] 19 pages, 66592 text chars
[2026-05-09 12:00:34]   [midterm_pdf/transport] raw text only
[2026-05-09 12:00:34]   [midterm_pdf/architecture] fetching 06 არქიტექტურის, ურბანისტიკისა და დიზაინის ფაკულტეტი - 06 Faculty of Architecture, Urbanism and Design.pdf
[2026-05-09 12:00:35]   [midterm_pdf/architecture] 679671 bytes, parsing PDF
[2026-05-09 12:00:35]   [midterm_pdf/architecture] 32 pages, 105405 text chars
[2026-05-09 12:00:35]   [midterm_pdf/architecture] raw text only
[2026-05-09 12:00:35]   [midterm_pdf/law] fetching 07-სამართლისა-და-საერთაშორისო-ურთიერთობების-ფაკულტეტის-07-faculty-of-law-and-internation_30_04_2026.pdf
[2026-05-09 12:00:35]   [midterm_pdf/law] 479278 bytes, parsing PDF
[2026-05-09 12:00:36]   [midterm_pdf/law] 50 pages, 110561 text chars
[2026-05-09 12:00:36]   [midterm_pdf/law] raw text only
[2026-05-09 12:00:36]   [midterm_pdf/ims] fetching 08 ინფორმატიკისა და მართვის სისტემების ფაკულტეტი-08 Faculty of Informatics and Management Systems_4_5_2026.pdf
[2026-05-09 12:00:36]   [midterm_pdf/ims] 938832 bytes, parsing PDF
[2026-05-09 12:00:37]   [midterm_pdf/ims] 67 pages, 213528 text chars
[2026-05-09 12:00:37]   [midterm_pdf/ims] raw text only
[2026-05-09 12:00:37]   [midterm_pdf/design_school] fetching 09 დიზაინის საერთაშორისო სკოლა - 09 Design International School (1).pdf
[2026-05-09 12:00:37]   [midterm_pdf/design_school] 64310 bytes, parsing PDF
[2026-05-09 12:00:38]   [midterm_pdf/design_school] 1 pages, 5195 text chars
[2026-05-09 12:00:38]   [midterm_pdf/design_school] raw text only
[2026-05-09 12:00:38]   [midterm_pdf/business] fetching 11 ბიზნესტექნოლოგიების ფაკულტეტი - 11 Faculty of Business Technologies_30_04_2026.pdf
[2026-05-09 12:00:38]   [midterm_pdf/business] 614410 bytes, parsing PDF
[2026-05-09 12:00:39]   [midterm_pdf/business] 36 pages, 114341 text chars
[2026-05-09 12:00:39]   [midterm_pdf/business] raw text only
[2026-05-09 12:00:39]   [midterm_pdf/social] fetching 12 სოციალურ მეცნიერებათა ფაკულტეტი - 12 Faculty of Social Sciences.pdf
[2026-05-09 12:00:39]   [midterm_pdf/social] 817543 bytes, parsing PDF
[2026-05-09 12:00:40]   [midterm_pdf/social] 18 pages, 54669 text chars
[2026-05-09 12:00:40]   [midterm_pdf/social] raw text only
[2026-05-09 12:00:40]   [midterm_pdf/exam_center_1] fetching საგამოცდო ცენტრი 1 (1).pdf
[2026-05-09 12:00:40]   [midterm_pdf/exam_center_1] 257360 bytes, parsing PDF
[2026-05-09 12:00:40]   [midterm_pdf/exam_center_1] 5 pages, 28209 text chars
[2026-05-09 12:00:40]   [midterm_pdf/exam_center_1] raw text only
[2026-05-09 12:00:40]   [midterm_pdf/exam_center_2] fetching საგამოცდო ცენტრი 2 (1).pdf
[2026-05-09 12:00:41]   [midterm_pdf/exam_center_2] 252482 bytes, parsing PDF
[2026-05-09 12:00:41]   [midterm_pdf/exam_center_2] 5 pages, 28072 text chars
[2026-05-09 12:00:41]   [midterm_pdf/exam_center_2] raw text only
[2026-05-09 12:00:41] midterm_pdf: stored 13, failed 0
[2026-05-09 12:00:41] done in 37.93s
[2026-05-09 17:00:02] fetching homepage
[2026-05-09 17:00:03] discovered 12 links across 2 sections
[2026-05-09 17:00:03] teachers_html: 2 unique source(s)
[2026-05-09 17:00:04]   [http://leqtori.gtu.ge:9000/public/teachers_2025_2026_2_8_.html] fetching
[2026-05-09 17:00:04]   fetched 7863393 bytes
[2026-05-09 17:00:07]   parsed 10198 lectures from VIII კვირის სასწავლო ცხრილი
[2026-05-09 17:00:24]   stored 10198 (deduped 0) into lecture
[2026-05-09 17:00:24]   [http://leqtori.gtu.ge:9000/public/prof_teachers.html] fetching
[2026-05-09 17:00:24]   fetched 111363 bytes
[2026-05-09 17:00:24]   parsed 52 lectures from VIII კვირის სასწავლო ცხრილი
[2026-05-09 17:00:24]   stored 52 (deduped 0) into lecture
[2026-05-09 17:00:24] teachers totals: 1679 teachers, 4556 subjects, 10250 lectures
[2026-05-09 17:00:24] additional_pdf: 10 PDF(s) to fetch
[2026-05-09 17:00:24]   [additional_pdf/construction] fetching დამატ. ცხრ. -25-26 2 21.04.26 სამშენებლო.pdf
[2026-05-09 17:00:25]   [additional_pdf/construction] 307648 bytes, parsing PDF
[2026-05-09 17:00:25]   [additional_pdf/construction] 14 pages, 52664 text chars
[2026-05-09 17:00:26]   [additional_pdf/construction] structured: 195 logical rows -> 185 lectures
[2026-05-09 17:00:26]   [additional_pdf/power] fetching ენერგ ფაკ. დამატებითი_2025_2026_II_07_04_2026).pdf
[2026-05-09 17:00:26]   [additional_pdf/power] 71228 bytes, parsing PDF
[2026-05-09 17:00:26]   [additional_pdf/power] 2 pages, 6454 text chars
[2026-05-09 17:00:26]   [additional_pdf/power] raw text only
[2026-05-09 17:00:26]   [additional_pdf/mining] fetching სამთო-გეოლოგიური და მთის მდგრადი განვითარების ფაკულტეტი.pdf
[2026-05-09 17:00:27]   [additional_pdf/mining] 51893 bytes, parsing PDF
[2026-05-09 17:00:27]   [additional_pdf/mining] 1 pages, 2197 text chars
[2026-05-09 17:00:27]   [additional_pdf/mining] structured: 9 logical rows -> 8 lectures
[2026-05-09 17:00:27]   [additional_pdf/agrarian] fetching 2025-2026 II აგრარული დამატებითი_16_04_2026.pdf
[2026-05-09 17:00:27]   [additional_pdf/agrarian] 130098 bytes, parsing PDF
[2026-05-09 17:00:27]   [additional_pdf/agrarian] 4 pages, 11664 text chars
[2026-05-09 17:00:27]   [additional_pdf/agrarian] structured: 64 logical rows -> 64 lectures
[2026-05-09 17:00:27]   [additional_pdf/transport] fetching 05 დამატებითი ცხრილი . 23.04.2026.pdf
[2026-05-09 17:00:27]   [additional_pdf/transport] 164850 bytes, parsing PDF
[2026-05-09 17:00:28]   [additional_pdf/transport] 7 pages, 16906 text chars
[2026-05-09 17:00:28]   [additional_pdf/transport] raw text only
[2026-05-09 17:00:28]   [additional_pdf/architecture] fetching ცხრილი დამატ. არქიტექტურის, ურბანისტიკისა და დიზაინის.pdf
[2026-05-09 17:00:28]   [additional_pdf/architecture] 90193 bytes, parsing PDF
[2026-05-09 17:00:28]   [additional_pdf/architecture] 2 pages, 5806 text chars
[2026-05-09 17:00:28]   [additional_pdf/architecture] structured: 18 logical rows -> 15 lectures
[2026-05-09 17:00:28]   [additional_pdf/law] fetching სამართლისა და საერტაშორისო ურთ.დამატებითი ცხრილი_17_04_2026.pdf
[2026-05-09 17:00:28]   [additional_pdf/law] 284550 bytes, parsing PDF
[2026-05-09 17:00:29]   [additional_pdf/law] 9 pages, 16229 text chars
[2026-05-09 17:00:29]   [additional_pdf/law] raw text only
[2026-05-09 17:00:29]   [additional_pdf/ims] fetching იმს დამატებითი სასწავლო კურსების ცხრილი 2025-2026 II სემესტრი 9_05_2026.pdf
[2026-05-09 17:00:29]   [additional_pdf/ims] 205716 bytes, parsing PDF
[2026-05-09 17:00:29]   [additional_pdf/ims] 10 pages, 29623 text chars
[2026-05-09 17:00:30]   [additional_pdf/ims] structured: 141 logical rows -> 132 lectures
[2026-05-09 17:00:30]   [additional_pdf/business] fetching ბიზნესტექნოლოგიები_დამატებითი_17_04_2026.pdf
[2026-05-09 17:00:30]   [additional_pdf/business] 114955 bytes, parsing PDF
[2026-05-09 17:00:30]   [additional_pdf/business] 4 pages, 12300 text chars
[2026-05-09 17:00:30]   [additional_pdf/business] structured: 37 logical rows -> 19 lectures
[2026-05-09 17:00:30]   [additional_pdf/social] fetching დამატებიი ცხრილი სოციალურ მეცნიერებათა ფაკულტეტი 23_04-2026.pdf
[2026-05-09 17:00:31]   [additional_pdf/social] 87905 bytes, parsing PDF
[2026-05-09 17:00:31]   [additional_pdf/social] 2 pages, 3033 text chars
[2026-05-09 17:00:31]   [additional_pdf/social] raw text only
[2026-05-09 17:00:31] additional_pdf: stored 10, failed 0
[2026-05-09 17:00:31] midterm_pdf: no PDFs
[2026-05-09 17:00:31] done in 29.18s
[2026-05-09 22:00:01] fetching homepage
[2026-05-09 22:00:02] discovered 12 links across 2 sections
[2026-05-09 22:00:02] teachers_html: 2 unique source(s)
[2026-05-09 22:00:02]   [http://leqtori.gtu.ge:9000/public/teachers_2025_2026_2_8_.html] fetching
[2026-05-09 22:00:03]   fetched 7863393 bytes
[2026-05-09 22:00:05]   parsed 10198 lectures from VIII კვირის სასწავლო ცხრილი
[2026-05-09 22:00:23]   stored 10198 (deduped 0) into lecture
[2026-05-09 22:00:23]   [http://leqtori.gtu.ge:9000/public/prof_teachers.html] fetching
[2026-05-09 22:00:23]   fetched 111363 bytes
[2026-05-09 22:00:23]   parsed 52 lectures from VIII კვირის სასწავლო ცხრილი
[2026-05-09 22:00:23]   stored 52 (deduped 0) into lecture
[2026-05-09 22:00:23] teachers totals: 1679 teachers, 4556 subjects, 10250 lectures
[2026-05-09 22:00:23] additional_pdf: 10 PDF(s) to fetch
[2026-05-09 22:00:23]   [additional_pdf/construction] fetching დამატ. ცხრ. -25-26 2 21.04.26 სამშენებლო.pdf
[2026-05-09 22:00:24]   [additional_pdf/construction] 307648 bytes, parsing PDF
[2026-05-09 22:00:24]   [additional_pdf/construction] 14 pages, 52664 text chars
[2026-05-09 22:00:25]   [additional_pdf/construction] structured: 195 logical rows -> 185 lectures
[2026-05-09 22:00:25]   [additional_pdf/power] fetching ენერგ ფაკ. დამატებითი_2025_2026_II_07_04_2026).pdf
[2026-05-09 22:00:25]   [additional_pdf/power] 71228 bytes, parsing PDF
[2026-05-09 22:00:25]   [additional_pdf/power] 2 pages, 6454 text chars
[2026-05-09 22:00:25]   [additional_pdf/power] raw text only
[2026-05-09 22:00:25]   [additional_pdf/mining] fetching სამთო-გეოლოგიური და მთის მდგრადი განვითარების ფაკულტეტი.pdf
[2026-05-09 22:00:26]   [additional_pdf/mining] 51893 bytes, parsing PDF
[2026-05-09 22:00:26]   [additional_pdf/mining] 1 pages, 2197 text chars
[2026-05-09 22:00:26]   [additional_pdf/mining] structured: 9 logical rows -> 8 lectures
[2026-05-09 22:00:26]   [additional_pdf/agrarian] fetching 2025-2026 II აგრარული დამატებითი_16_04_2026.pdf
[2026-05-09 22:00:26]   [additional_pdf/agrarian] 130098 bytes, parsing PDF
[2026-05-09 22:00:26]   [additional_pdf/agrarian] 4 pages, 11664 text chars
[2026-05-09 22:00:26]   [additional_pdf/agrarian] structured: 64 logical rows -> 64 lectures
[2026-05-09 22:00:26]   [additional_pdf/transport] fetching 05 დამატებითი ცხრილი . 23.04.2026.pdf
[2026-05-09 22:00:26]   [additional_pdf/transport] 164850 bytes, parsing PDF
[2026-05-09 22:00:27]   [additional_pdf/transport] 7 pages, 16906 text chars
[2026-05-09 22:00:27]   [additional_pdf/transport] raw text only
[2026-05-09 22:00:27]   [additional_pdf/architecture] fetching ცხრილი დამატ. არქიტექტურის, ურბანისტიკისა და დიზაინის.pdf
[2026-05-09 22:00:27]   [additional_pdf/architecture] 90193 bytes, parsing PDF
[2026-05-09 22:00:27]   [additional_pdf/architecture] 2 pages, 5806 text chars
[2026-05-09 22:00:27]   [additional_pdf/architecture] structured: 18 logical rows -> 15 lectures
[2026-05-09 22:00:27]   [additional_pdf/law] fetching სამართლისა და საერტაშორისო ურთ.დამატებითი ცხრილი_17_04_2026.pdf
[2026-05-09 22:00:27]   [additional_pdf/law] 284550 bytes, parsing PDF
[2026-05-09 22:00:28]   [additional_pdf/law] 9 pages, 16229 text chars
[2026-05-09 22:00:28]   [additional_pdf/law] raw text only
[2026-05-09 22:00:28]   [additional_pdf/ims] fetching იმს დამატებითი სასწავლო კურსების ცხრილი 2025-2026 II სემესტრი 9_05_2026.pdf
[2026-05-09 22:00:28]   [additional_pdf/ims] 205716 bytes, parsing PDF
[2026-05-09 22:00:28]   [additional_pdf/ims] 10 pages, 29623 text chars
[2026-05-09 22:00:29]   [additional_pdf/ims] structured: 141 logical rows -> 132 lectures
[2026-05-09 22:00:29]   [additional_pdf/business] fetching ბიზნესტექნოლოგიები_დამატებითი_17_04_2026.pdf
[2026-05-09 22:00:29]   [additional_pdf/business] 114955 bytes, parsing PDF
[2026-05-09 22:00:29]   [additional_pdf/business] 4 pages, 12300 text chars
[2026-05-09 22:00:29]   [additional_pdf/business] structured: 37 logical rows -> 19 lectures
[2026-05-09 22:00:29]   [additional_pdf/social] fetching დამატებიი ცხრილი სოციალურ მეცნიერებათა ფაკულტეტი 23_04-2026.pdf
[2026-05-09 22:00:30]   [additional_pdf/social] 87905 bytes, parsing PDF
[2026-05-09 22:00:30]   [additional_pdf/social] 2 pages, 3033 text chars
[2026-05-09 22:00:30]   [additional_pdf/social] raw text only
[2026-05-09 22:00:30] additional_pdf: stored 10, failed 0
[2026-05-09 22:00:30] midterm_pdf: no PDFs
[2026-05-09 22:00:30] done in 28.83s
[2026-05-10 02:00:01] fetching homepage
[2026-05-10 02:00:02] discovered 12 links across 2 sections
[2026-05-10 02:00:02] teachers_html: 2 unique source(s)
[2026-05-10 02:00:03]   [http://leqtori.gtu.ge:9000/public/teachers_2025_2026_2_8_.html] fetching
[2026-05-10 02:00:06]   fetched 7863393 bytes
[2026-05-10 02:00:11]   parsed 10198 lectures from VIII კვირის სასწავლო ცხრილი
[2026-05-10 02:01:17]   stored 10198 (deduped 0) into lecture
[2026-05-10 02:01:17]   [http://leqtori.gtu.ge:9000/public/prof_teachers.html] fetching
[2026-05-10 02:01:18]   fetched 111363 bytes
[2026-05-10 02:01:18]   parsed 52 lectures from VIII კვირის სასწავლო ცხრილი
[2026-05-10 02:01:18]   stored 52 (deduped 0) into lecture
[2026-05-10 02:01:18] teachers totals: 1679 teachers, 4556 subjects, 10250 lectures
[2026-05-10 02:01:18] additional_pdf: 10 PDF(s) to fetch
[2026-05-10 02:01:18]   [additional_pdf/construction] fetching დამატ. ცხრ. -25-26 2 21.04.26 სამშენებლო.pdf
[2026-05-10 02:01:19]   [additional_pdf/construction] 307648 bytes, parsing PDF
[2026-05-10 02:01:19]   [additional_pdf/construction] 14 pages, 52664 text chars
[2026-05-10 02:01:20]   [additional_pdf/construction] structured: 195 logical rows -> 185 lectures
[2026-05-10 02:01:20]   [additional_pdf/power] fetching ენერგ ფაკ. დამატებითი_2025_2026_II_07_04_2026).pdf
[2026-05-10 02:01:20]   [additional_pdf/power] 71228 bytes, parsing PDF
[2026-05-10 02:01:20]   [additional_pdf/power] 2 pages, 6454 text chars
[2026-05-10 02:01:20]   [additional_pdf/power] raw text only
[2026-05-10 02:01:20]   [additional_pdf/mining] fetching სამთო-გეოლოგიური და მთის მდგრადი განვითარების ფაკულტეტი.pdf
[2026-05-10 02:01:21]   [additional_pdf/mining] 51893 bytes, parsing PDF
[2026-05-10 02:01:21]   [additional_pdf/mining] 1 pages, 2197 text chars
[2026-05-10 02:01:21]   [additional_pdf/mining] structured: 9 logical rows -> 8 lectures
[2026-05-10 02:01:21]   [additional_pdf/agrarian] fetching 2025-2026 II აგრარული დამატებითი_16_04_2026.pdf
[2026-05-10 02:01:21]   [additional_pdf/agrarian] 130098 bytes, parsing PDF
[2026-05-10 02:01:21]   [additional_pdf/agrarian] 4 pages, 11664 text chars
[2026-05-10 02:01:21]   [additional_pdf/agrarian] structured: 64 logical rows -> 64 lectures
[2026-05-10 02:01:21]   [additional_pdf/transport] fetching 05 დამატებითი ცხრილი . 23.04.2026.pdf
[2026-05-10 02:01:22]   [additional_pdf/transport] 164850 bytes, parsing PDF
[2026-05-10 02:01:22]   [additional_pdf/transport] 7 pages, 16906 text chars
[2026-05-10 02:01:22]   [additional_pdf/transport] raw text only
[2026-05-10 02:01:22]   [additional_pdf/architecture] fetching ცხრილი დამატ. არქიტექტურის, ურბანისტიკისა და დიზაინის.pdf
[2026-05-10 02:01:22]   [additional_pdf/architecture] 90193 bytes, parsing PDF
[2026-05-10 02:01:22]   [additional_pdf/architecture] 2 pages, 5806 text chars
[2026-05-10 02:01:22]   [additional_pdf/architecture] structured: 18 logical rows -> 15 lectures
[2026-05-10 02:01:22]   [additional_pdf/law] fetching სამართლისა და საერტაშორისო ურთ.დამატებითი ცხრილი_17_04_2026.pdf
[2026-05-10 02:01:23]   [additional_pdf/law] 284550 bytes, parsing PDF
[2026-05-10 02:01:23]   [additional_pdf/law] 9 pages, 16229 text chars
[2026-05-10 02:01:23]   [additional_pdf/law] raw text only
[2026-05-10 02:01:23]   [additional_pdf/ims] fetching იმს დამატებითი სასწავლო კურსების ცხრილი 2025-2026 II სემესტრი 9_05_2026.pdf
[2026-05-10 02:01:24]   [additional_pdf/ims] 205716 bytes, parsing PDF
[2026-05-10 02:01:24]   [additional_pdf/ims] 10 pages, 29623 text chars
[2026-05-10 02:01:25]   [additional_pdf/ims] structured: 141 logical rows -> 132 lectures
[2026-05-10 02:01:25]   [additional_pdf/business] fetching ბიზნესტექნოლოგიები_დამატებითი_17_04_2026.pdf
[2026-05-10 02:01:25]   [additional_pdf/business] 114955 bytes, parsing PDF
[2026-05-10 02:01:25]   [additional_pdf/business] 4 pages, 12300 text chars
[2026-05-10 02:01:26]   [additional_pdf/business] structured: 37 logical rows -> 19 lectures
[2026-05-10 02:01:26]   [additional_pdf/social] fetching დამატებიი ცხრილი სოციალურ მეცნიერებათა ფაკულტეტი 23_04-2026.pdf
[2026-05-10 02:01:26]   [additional_pdf/social] 87905 bytes, parsing PDF
[2026-05-10 02:01:26]   [additional_pdf/social] 2 pages, 3033 text chars
[2026-05-10 02:01:26]   [additional_pdf/social] raw text only
[2026-05-10 02:01:26] additional_pdf: stored 10, failed 0
[2026-05-10 02:01:26] midterm_pdf: no PDFs
[2026-05-10 02:01:26] done in 84.48s
[2026-05-10 07:00:01] fetching homepage
[2026-05-10 07:00:02] discovered 12 links across 2 sections
[2026-05-10 07:00:02] teachers_html: 2 unique source(s)
[2026-05-10 07:00:03]   [http://leqtori.gtu.ge:9000/public/teachers_2025_2026_2_8_.html] fetching
[2026-05-10 07:00:04]   fetched 7863393 bytes
[2026-05-10 07:00:06]   parsed 10198 lectures from VIII კვირის სასწავლო ცხრილი
[2026-05-10 07:00:23]   stored 10198 (deduped 0) into lecture
[2026-05-10 07:00:23]   [http://leqtori.gtu.ge:9000/public/prof_teachers.html] fetching
[2026-05-10 07:00:24]   fetched 111363 bytes
[2026-05-10 07:00:24]   parsed 52 lectures from VIII კვირის სასწავლო ცხრილი
[2026-05-10 07:00:24]   stored 52 (deduped 0) into lecture
[2026-05-10 07:00:24] teachers totals: 1679 teachers, 4556 subjects, 10250 lectures
[2026-05-10 07:00:24] additional_pdf: 10 PDF(s) to fetch
[2026-05-10 07:00:24]   [additional_pdf/construction] fetching დამატ. ცხრ. -25-26 2 21.04.26 სამშენებლო.pdf
[2026-05-10 07:00:24]   [additional_pdf/construction] 307648 bytes, parsing PDF
[2026-05-10 07:00:24]   [additional_pdf/construction] 14 pages, 52664 text chars
[2026-05-10 07:00:25]   [additional_pdf/construction] structured: 195 logical rows -> 185 lectures
[2026-05-10 07:00:25]   [additional_pdf/power] fetching ენერგ ფაკ. დამატებითი_2025_2026_II_07_04_2026).pdf
[2026-05-10 07:00:25]   [additional_pdf/power] 71228 bytes, parsing PDF
[2026-05-10 07:00:26]   [additional_pdf/power] 2 pages, 6454 text chars
[2026-05-10 07:00:26]   [additional_pdf/power] raw text only
[2026-05-10 07:00:26]   [additional_pdf/mining] fetching სამთო-გეოლოგიური და მთის მდგრადი განვითარების ფაკულტეტი.pdf
[2026-05-10 07:00:26]   [additional_pdf/mining] 51893 bytes, parsing PDF
[2026-05-10 07:00:26]   [additional_pdf/mining] 1 pages, 2197 text chars
[2026-05-10 07:00:26]   [additional_pdf/mining] structured: 9 logical rows -> 8 lectures
[2026-05-10 07:00:26]   [additional_pdf/agrarian] fetching 2025-2026 II აგრარული დამატებითი_16_04_2026.pdf
[2026-05-10 07:00:26]   [additional_pdf/agrarian] 130098 bytes, parsing PDF
[2026-05-10 07:00:26]   [additional_pdf/agrarian] 4 pages, 11664 text chars
[2026-05-10 07:00:26]   [additional_pdf/agrarian] structured: 64 logical rows -> 64 lectures
[2026-05-10 07:00:26]   [additional_pdf/transport] fetching 05 დამატებითი ცხრილი . 23.04.2026.pdf
[2026-05-10 07:00:27]   [additional_pdf/transport] 164850 bytes, parsing PDF
[2026-05-10 07:00:27]   [additional_pdf/transport] 7 pages, 16906 text chars
[2026-05-10 07:00:27]   [additional_pdf/transport] raw text only
[2026-05-10 07:00:27]   [additional_pdf/architecture] fetching ცხრილი დამატ. არქიტექტურის, ურბანისტიკისა და დიზაინის.pdf
[2026-05-10 07:00:27]   [additional_pdf/architecture] 90193 bytes, parsing PDF
[2026-05-10 07:00:27]   [additional_pdf/architecture] 2 pages, 5806 text chars
[2026-05-10 07:00:27]   [additional_pdf/architecture] structured: 18 logical rows -> 15 lectures
[2026-05-10 07:00:27]   [additional_pdf/law] fetching სამართლისა და საერტაშორისო ურთ.დამატებითი ცხრილი_17_04_2026.pdf
[2026-05-10 07:00:28]   [additional_pdf/law] 284550 bytes, parsing PDF
[2026-05-10 07:00:28]   [additional_pdf/law] 9 pages, 16229 text chars
[2026-05-10 07:00:28]   [additional_pdf/law] raw text only
[2026-05-10 07:00:28]   [additional_pdf/ims] fetching იმს დამატებითი სასწავლო კურსების ცხრილი 2025-2026 II სემესტრი 9_05_2026.pdf
[2026-05-10 07:00:28]   [additional_pdf/ims] 205716 bytes, parsing PDF
[2026-05-10 07:00:29]   [additional_pdf/ims] 10 pages, 29623 text chars
[2026-05-10 07:00:29]   [additional_pdf/ims] structured: 141 logical rows -> 132 lectures
[2026-05-10 07:00:29]   [additional_pdf/business] fetching ბიზნესტექნოლოგიები_დამატებითი_17_04_2026.pdf
[2026-05-10 07:00:30]   [additional_pdf/business] 114955 bytes, parsing PDF
[2026-05-10 07:00:30]   [additional_pdf/business] 4 pages, 12300 text chars
[2026-05-10 07:00:30]   [additional_pdf/business] structured: 37 logical rows -> 19 lectures
[2026-05-10 07:00:30]   [additional_pdf/social] fetching დამატებიი ცხრილი სოციალურ მეცნიერებათა ფაკულტეტი 23_04-2026.pdf
[2026-05-10 07:00:30]   [additional_pdf/social] 87905 bytes, parsing PDF
[2026-05-10 07:00:30]   [additional_pdf/social] 2 pages, 3033 text chars
[2026-05-10 07:00:30]   [additional_pdf/social] raw text only
[2026-05-10 07:00:30] additional_pdf: stored 10, failed 0
[2026-05-10 07:00:30] midterm_pdf: no PDFs
[2026-05-10 07:00:30] done in 29.28s
[2026-05-10 12:00:01] fetching homepage
[2026-05-10 12:00:02] discovered 12 links across 2 sections
[2026-05-10 12:00:02] teachers_html: 2 unique source(s)
[2026-05-10 12:00:03]   [http://leqtori.gtu.ge:9000/public/teachers_2025_2026_2_8_.html] fetching
[2026-05-10 12:00:04]   fetched 7863393 bytes
[2026-05-10 12:00:07]   parsed 10198 lectures from VIII კვირის სასწავლო ცხრილი
[2026-05-10 12:00:22]   stored 10198 (deduped 0) into lecture
[2026-05-10 12:00:22]   [http://leqtori.gtu.ge:9000/public/prof_teachers.html] fetching
[2026-05-10 12:00:22]   fetched 111363 bytes
[2026-05-10 12:00:22]   parsed 52 lectures from VIII კვირის სასწავლო ცხრილი
[2026-05-10 12:00:22]   stored 52 (deduped 0) into lecture
[2026-05-10 12:00:22] teachers totals: 1679 teachers, 4556 subjects, 10250 lectures
[2026-05-10 12:00:22] additional_pdf: 10 PDF(s) to fetch
[2026-05-10 12:00:22]   [additional_pdf/construction] fetching დამატ. ცხრ. -25-26 2 21.04.26 სამშენებლო.pdf
[2026-05-10 12:00:23]   [additional_pdf/construction] 307648 bytes, parsing PDF
[2026-05-10 12:00:23]   [additional_pdf/construction] 14 pages, 52664 text chars
[2026-05-10 12:00:24]   [additional_pdf/construction] structured: 195 logical rows -> 185 lectures
[2026-05-10 12:00:24]   [additional_pdf/power] fetching ენერგ ფაკ. დამატებითი_2025_2026_II_07_04_2026).pdf
[2026-05-10 12:00:24]   [additional_pdf/power] 71228 bytes, parsing PDF
[2026-05-10 12:00:24]   [additional_pdf/power] 2 pages, 6454 text chars
[2026-05-10 12:00:24]   [additional_pdf/power] raw text only
[2026-05-10 12:00:24]   [additional_pdf/mining] fetching სამთო-გეოლოგიური და მთის მდგრადი განვითარების ფაკულტეტი.pdf
[2026-05-10 12:00:24]   [additional_pdf/mining] 51893 bytes, parsing PDF
[2026-05-10 12:00:24]   [additional_pdf/mining] 1 pages, 2197 text chars
[2026-05-10 12:00:24]   [additional_pdf/mining] structured: 9 logical rows -> 8 lectures
[2026-05-10 12:00:24]   [additional_pdf/agrarian] fetching 2025-2026 II აგრარული დამატებითი_16_04_2026.pdf
[2026-05-10 12:00:25]   [additional_pdf/agrarian] 130098 bytes, parsing PDF
[2026-05-10 12:00:25]   [additional_pdf/agrarian] 4 pages, 11664 text chars
[2026-05-10 12:00:25]   [additional_pdf/agrarian] structured: 64 logical rows -> 64 lectures
[2026-05-10 12:00:25]   [additional_pdf/transport] fetching 05 დამატებითი ცხრილი . 23.04.2026.pdf
[2026-05-10 12:00:25]   [additional_pdf/transport] 164850 bytes, parsing PDF
[2026-05-10 12:00:25]   [additional_pdf/transport] 7 pages, 16906 text chars
[2026-05-10 12:00:25]   [additional_pdf/transport] raw text only
[2026-05-10 12:00:25]   [additional_pdf/architecture] fetching ცხრილი დამატ. არქიტექტურის, ურბანისტიკისა და დიზაინის.pdf
[2026-05-10 12:00:26]   [additional_pdf/architecture] 90193 bytes, parsing PDF
[2026-05-10 12:00:26]   [additional_pdf/architecture] 2 pages, 5806 text chars
[2026-05-10 12:00:26]   [additional_pdf/architecture] structured: 18 logical rows -> 15 lectures
[2026-05-10 12:00:26]   [additional_pdf/law] fetching სამართლისა და საერტაშორისო ურთ.დამატებითი ცხრილი_17_04_2026.pdf
[2026-05-10 12:00:26]   [additional_pdf/law] 284550 bytes, parsing PDF
[2026-05-10 12:00:27]   [additional_pdf/law] 9 pages, 16229 text chars
[2026-05-10 12:00:27]   [additional_pdf/law] raw text only
[2026-05-10 12:00:27]   [additional_pdf/ims] fetching იმს დამატებითი სასწავლო კურსების ცხრილი 2025-2026 II სემესტრი 9_05_2026.pdf
[2026-05-10 12:00:27]   [additional_pdf/ims] 205716 bytes, parsing PDF
[2026-05-10 12:00:27]   [additional_pdf/ims] 10 pages, 29623 text chars
[2026-05-10 12:00:28]   [additional_pdf/ims] structured: 141 logical rows -> 132 lectures
[2026-05-10 12:00:28]   [additional_pdf/business] fetching ბიზნესტექნოლოგიები_დამატებითი_17_04_2026.pdf
[2026-05-10 12:00:28]   [additional_pdf/business] 114955 bytes, parsing PDF
[2026-05-10 12:00:28]   [additional_pdf/business] 4 pages, 12300 text chars
[2026-05-10 12:00:28]   [additional_pdf/business] structured: 37 logical rows -> 19 lectures
[2026-05-10 12:00:28]   [additional_pdf/social] fetching დამატებიი ცხრილი სოციალურ მეცნიერებათა ფაკულტეტი 23_04-2026.pdf
[2026-05-10 12:00:28]   [additional_pdf/social] 87905 bytes, parsing PDF
[2026-05-10 12:00:28]   [additional_pdf/social] 2 pages, 3033 text chars
[2026-05-10 12:00:28]   [additional_pdf/social] raw text only
[2026-05-10 12:00:28] additional_pdf: stored 10, failed 0
[2026-05-10 12:00:28] midterm_pdf: no PDFs
[2026-05-10 12:00:28] done in 26.97s
[2026-05-10 17:00:02] fetching homepage
[2026-05-10 17:00:03] discovered 12 links across 2 sections
[2026-05-10 17:00:03] teachers_html: 2 unique source(s)
[2026-05-10 17:00:04]   [http://leqtori.gtu.ge:9000/public/teachers_2025_2026_2_8_.html] fetching
[2026-05-10 17:00:05]   fetched 7863393 bytes
[2026-05-10 17:00:06]   parsed 10198 lectures from VIII კვირის სასწავლო ცხრილი
[2026-05-10 17:00:22]   stored 10198 (deduped 0) into lecture
[2026-05-10 17:00:22]   [http://leqtori.gtu.ge:9000/public/prof_teachers.html] fetching
[2026-05-10 17:00:23]   fetched 111363 bytes
[2026-05-10 17:00:23]   parsed 52 lectures from VIII კვირის სასწავლო ცხრილი
[2026-05-10 17:00:23]   stored 52 (deduped 0) into lecture
[2026-05-10 17:00:23] teachers totals: 1679 teachers, 4556 subjects, 10250 lectures
[2026-05-10 17:00:23] additional_pdf: 10 PDF(s) to fetch
[2026-05-10 17:00:23]   [additional_pdf/construction] fetching დამატ. ცხრ. -25-26 2 21.04.26 სამშენებლო.pdf
[2026-05-10 17:00:23]   [additional_pdf/construction] 307648 bytes, parsing PDF
[2026-05-10 17:00:24]   [additional_pdf/construction] 14 pages, 52664 text chars
[2026-05-10 17:00:24]   [additional_pdf/construction] structured: 195 logical rows -> 185 lectures
[2026-05-10 17:00:24]   [additional_pdf/power] fetching ენერგ ფაკ. დამატებითი_2025_2026_II_07_04_2026).pdf
[2026-05-10 17:00:25]   [additional_pdf/power] 71228 bytes, parsing PDF
[2026-05-10 17:00:25]   [additional_pdf/power] 2 pages, 6454 text chars
[2026-05-10 17:00:25]   [additional_pdf/power] raw text only
[2026-05-10 17:00:25]   [additional_pdf/mining] fetching სამთო-გეოლოგიური და მთის მდგრადი განვითარების ფაკულტეტი.pdf
[2026-05-10 17:00:25]   [additional_pdf/mining] 51893 bytes, parsing PDF
[2026-05-10 17:00:25]   [additional_pdf/mining] 1 pages, 2197 text chars
[2026-05-10 17:00:25]   [additional_pdf/mining] structured: 9 logical rows -> 8 lectures
[2026-05-10 17:00:25]   [additional_pdf/agrarian] fetching 2025-2026 II აგრარული დამატებითი_16_04_2026.pdf
[2026-05-10 17:00:25]   [additional_pdf/agrarian] 130098 bytes, parsing PDF
[2026-05-10 17:00:25]   [additional_pdf/agrarian] 4 pages, 11664 text chars
[2026-05-10 17:00:25]   [additional_pdf/agrarian] structured: 64 logical rows -> 64 lectures
[2026-05-10 17:00:25]   [additional_pdf/transport] fetching 05 დამატებითი ცხრილი . 23.04.2026.pdf
[2026-05-10 17:00:26]   [additional_pdf/transport] 164850 bytes, parsing PDF
[2026-05-10 17:00:26]   [additional_pdf/transport] 7 pages, 16906 text chars
[2026-05-10 17:00:26]   [additional_pdf/transport] raw text only
[2026-05-10 17:00:26]   [additional_pdf/architecture] fetching ცხრილი დამატ. არქიტექტურის, ურბანისტიკისა და დიზაინის.pdf
[2026-05-10 17:00:26]   [additional_pdf/architecture] 90193 bytes, parsing PDF
[2026-05-10 17:00:26]   [additional_pdf/architecture] 2 pages, 5806 text chars
[2026-05-10 17:00:26]   [additional_pdf/architecture] structured: 18 logical rows -> 15 lectures
[2026-05-10 17:00:26]   [additional_pdf/law] fetching სამართლისა და საერტაშორისო ურთ.დამატებითი ცხრილი_17_04_2026.pdf
[2026-05-10 17:00:27]   [additional_pdf/law] 284550 bytes, parsing PDF
[2026-05-10 17:00:27]   [additional_pdf/law] 9 pages, 16229 text chars
[2026-05-10 17:00:27]   [additional_pdf/law] raw text only
[2026-05-10 17:00:27]   [additional_pdf/ims] fetching იმს დამატებითი სასწავლო კურსების ცხრილი 2025-2026 II სემესტრი 9_05_2026.pdf
[2026-05-10 17:00:28]   [additional_pdf/ims] 205716 bytes, parsing PDF
[2026-05-10 17:00:28]   [additional_pdf/ims] 10 pages, 29623 text chars
[2026-05-10 17:00:28]   [additional_pdf/ims] structured: 141 logical rows -> 132 lectures
[2026-05-10 17:00:28]   [additional_pdf/business] fetching ბიზნესტექნოლოგიები_დამატებითი_17_04_2026.pdf
[2026-05-10 17:00:29]   [additional_pdf/business] 114955 bytes, parsing PDF
[2026-05-10 17:00:29]   [additional_pdf/business] 4 pages, 12300 text chars
[2026-05-10 17:00:29]   [additional_pdf/business] structured: 37 logical rows -> 19 lectures
[2026-05-10 17:00:29]   [additional_pdf/social] fetching დამატებიი ცხრილი სოციალურ მეცნიერებათა ფაკულტეტი 23_04-2026.pdf
[2026-05-10 17:00:29]   [additional_pdf/social] 87905 bytes, parsing PDF
[2026-05-10 17:00:29]   [additional_pdf/social] 2 pages, 3033 text chars
[2026-05-10 17:00:29]   [additional_pdf/social] raw text only
[2026-05-10 17:00:29] additional_pdf: stored 10, failed 0
[2026-05-10 17:00:29] midterm_pdf: no PDFs
[2026-05-10 17:00:29] done in 27.22s
[2026-05-10 22:00:01] fetching homepage
[2026-05-10 22:00:02] discovered 12 links across 2 sections
[2026-05-10 22:00:02] teachers_html: 2 unique source(s)
[2026-05-10 22:00:03]   [http://leqtori.gtu.ge:9000/public/teachers_2025_2026_2_8_.html] fetching
[2026-05-10 22:00:04]   fetched 7863393 bytes
[2026-05-10 22:00:06]   parsed 10198 lectures from VIII კვირის სასწავლო ცხრილი
[2026-05-10 22:00:21]   stored 10198 (deduped 0) into lecture
[2026-05-10 22:00:21]   [http://leqtori.gtu.ge:9000/public/prof_teachers.html] fetching
[2026-05-10 22:00:21]   fetched 111363 bytes
[2026-05-10 22:00:21]   parsed 52 lectures from VIII კვირის სასწავლო ცხრილი
[2026-05-10 22:00:21]   stored 52 (deduped 0) into lecture
[2026-05-10 22:00:21] teachers totals: 1679 teachers, 4556 subjects, 10250 lectures
[2026-05-10 22:00:21] additional_pdf: 10 PDF(s) to fetch
[2026-05-10 22:00:21]   [additional_pdf/construction] fetching დამატ. ცხრ. -25-26 2 21.04.26 სამშენებლო.pdf
[2026-05-10 22:00:22]   [additional_pdf/construction] 307648 bytes, parsing PDF
[2026-05-10 22:00:22]   [additional_pdf/construction] 14 pages, 52664 text chars
[2026-05-10 22:00:23]   [additional_pdf/construction] structured: 195 logical rows -> 185 lectures
[2026-05-10 22:00:23]   [additional_pdf/power] fetching ენერგ ფაკ. დამატებითი_2025_2026_II_07_04_2026).pdf
[2026-05-10 22:00:23]   [additional_pdf/power] 71228 bytes, parsing PDF
[2026-05-10 22:00:23]   [additional_pdf/power] 2 pages, 6454 text chars
[2026-05-10 22:00:23]   [additional_pdf/power] raw text only
[2026-05-10 22:00:23]   [additional_pdf/mining] fetching სამთო-გეოლოგიური და მთის მდგრადი განვითარების ფაკულტეტი.pdf
[2026-05-10 22:00:23]   [additional_pdf/mining] 51893 bytes, parsing PDF
[2026-05-10 22:00:23]   [additional_pdf/mining] 1 pages, 2197 text chars
[2026-05-10 22:00:23]   [additional_pdf/mining] structured: 9 logical rows -> 8 lectures
[2026-05-10 22:00:23]   [additional_pdf/agrarian] fetching 2025-2026 II აგრარული დამატებითი_16_04_2026.pdf
[2026-05-10 22:00:24]   [additional_pdf/agrarian] 130098 bytes, parsing PDF
[2026-05-10 22:00:24]   [additional_pdf/agrarian] 4 pages, 11664 text chars
[2026-05-10 22:00:24]   [additional_pdf/agrarian] structured: 64 logical rows -> 64 lectures
[2026-05-10 22:00:24]   [additional_pdf/transport] fetching 05 დამატებითი ცხრილი . 23.04.2026.pdf
[2026-05-10 22:00:24]   [additional_pdf/transport] 164850 bytes, parsing PDF
[2026-05-10 22:00:24]   [additional_pdf/transport] 7 pages, 16906 text chars
[2026-05-10 22:00:24]   [additional_pdf/transport] raw text only
[2026-05-10 22:00:24]   [additional_pdf/architecture] fetching ცხრილი დამატ. არქიტექტურის, ურბანისტიკისა და დიზაინის.pdf
[2026-05-10 22:00:25]   [additional_pdf/architecture] 90193 bytes, parsing PDF
[2026-05-10 22:00:25]   [additional_pdf/architecture] 2 pages, 5806 text chars
[2026-05-10 22:00:25]   [additional_pdf/architecture] structured: 18 logical rows -> 15 lectures
[2026-05-10 22:00:25]   [additional_pdf/law] fetching სამართლისა და საერტაშორისო ურთ.დამატებითი ცხრილი_17_04_2026.pdf
[2026-05-10 22:00:25]   [additional_pdf/law] 284550 bytes, parsing PDF
[2026-05-10 22:00:25]   [additional_pdf/law] 9 pages, 16229 text chars
[2026-05-10 22:00:25]   [additional_pdf/law] raw text only
[2026-05-10 22:00:25]   [additional_pdf/ims] fetching იმს დამატებითი სასწავლო კურსების ცხრილი 2025-2026 II სემესტრი 9_05_2026.pdf
[2026-05-10 22:00:26]   [additional_pdf/ims] 205716 bytes, parsing PDF
[2026-05-10 22:00:26]   [additional_pdf/ims] 10 pages, 29623 text chars
[2026-05-10 22:00:27]   [additional_pdf/ims] structured: 141 logical rows -> 132 lectures
[2026-05-10 22:00:27]   [additional_pdf/business] fetching ბიზნესტექნოლოგიები_დამატებითი_17_04_2026.pdf
[2026-05-10 22:00:27]   [additional_pdf/business] 114955 bytes, parsing PDF
[2026-05-10 22:00:27]   [additional_pdf/business] 4 pages, 12300 text chars
[2026-05-10 22:00:27]   [additional_pdf/business] structured: 37 logical rows -> 19 lectures
[2026-05-10 22:00:27]   [additional_pdf/social] fetching დამატებიი ცხრილი სოციალურ მეცნიერებათა ფაკულტეტი 23_04-2026.pdf
[2026-05-10 22:00:27]   [additional_pdf/social] 87905 bytes, parsing PDF
[2026-05-10 22:00:27]   [additional_pdf/social] 2 pages, 3033 text chars
[2026-05-10 22:00:27]   [additional_pdf/social] raw text only
[2026-05-10 22:00:27] additional_pdf: stored 10, failed 0
[2026-05-10 22:00:27] midterm_pdf: no PDFs
[2026-05-10 22:00:27] done in 26.48s
[2026-05-11 02:00:02] fetching homepage
[2026-05-11 02:00:04] discovered 12 links across 2 sections
[2026-05-11 02:00:04] teachers_html: 2 unique source(s)
[2026-05-11 02:00:11]   [http://leqtori.gtu.ge:9000/public/teachers_2025_2026_2_8_.html] fetching
[2026-05-11 02:00:13]   fetched 7863393 bytes
[2026-05-11 02:00:15]   parsed 10198 lectures from VIII კვირის სასწავლო ცხრილი
[2026-05-11 02:00:57]   stored 10198 (deduped 0) into lecture
[2026-05-11 02:00:57]   [http://leqtori.gtu.ge:9000/public/prof_teachers.html] fetching
[2026-05-11 02:00:58]   fetched 111363 bytes
[2026-05-11 02:00:58]   parsed 52 lectures from VIII კვირის სასწავლო ცხრილი
[2026-05-11 02:00:58]   stored 52 (deduped 0) into lecture
[2026-05-11 02:00:58] teachers totals: 1679 teachers, 4556 subjects, 10250 lectures
[2026-05-11 02:00:58] additional_pdf: 10 PDF(s) to fetch
[2026-05-11 02:00:58]   [additional_pdf/construction] fetching დამატ. ცხრ. -25-26 2 21.04.26 სამშენებლო.pdf
[2026-05-11 02:00:58]   [additional_pdf/construction] 307648 bytes, parsing PDF
[2026-05-11 02:00:59]   [additional_pdf/construction] 14 pages, 52664 text chars
[2026-05-11 02:01:00]   [additional_pdf/construction] structured: 195 logical rows -> 185 lectures
[2026-05-11 02:01:00]   [additional_pdf/power] fetching ენერგ ფაკ. დამატებითი_2025_2026_II_07_04_2026).pdf
[2026-05-11 02:01:00]   [additional_pdf/power] 71228 bytes, parsing PDF
[2026-05-11 02:01:00]   [additional_pdf/power] 2 pages, 6454 text chars
[2026-05-11 02:01:00]   [additional_pdf/power] raw text only
[2026-05-11 02:01:00]   [additional_pdf/mining] fetching სამთო-გეოლოგიური და მთის მდგრადი განვითარების ფაკულტეტი.pdf
[2026-05-11 02:01:00]   [additional_pdf/mining] 51893 bytes, parsing PDF
[2026-05-11 02:01:00]   [additional_pdf/mining] 1 pages, 2197 text chars
[2026-05-11 02:01:00]   [additional_pdf/mining] structured: 9 logical rows -> 8 lectures
[2026-05-11 02:01:00]   [additional_pdf/agrarian] fetching 2025-2026 II აგრარული დამატებითი_16_04_2026.pdf
[2026-05-11 02:01:01]   [additional_pdf/agrarian] 130098 bytes, parsing PDF
[2026-05-11 02:01:01]   [additional_pdf/agrarian] 4 pages, 11664 text chars
[2026-05-11 02:01:01]   [additional_pdf/agrarian] structured: 64 logical rows -> 64 lectures
[2026-05-11 02:01:01]   [additional_pdf/transport] fetching 05 დამატებითი ცხრილი . 23.04.2026.pdf
[2026-05-11 02:01:01]   [additional_pdf/transport] 164850 bytes, parsing PDF
[2026-05-11 02:01:02]   [additional_pdf/transport] 7 pages, 16906 text chars
[2026-05-11 02:01:02]   [additional_pdf/transport] raw text only
[2026-05-11 02:01:02]   [additional_pdf/architecture] fetching ცხრილი დამატ. არქიტექტურის, ურბანისტიკისა და დიზაინის.pdf
[2026-05-11 02:01:02]   [additional_pdf/architecture] 90193 bytes, parsing PDF
[2026-05-11 02:01:02]   [additional_pdf/architecture] 2 pages, 5806 text chars
[2026-05-11 02:01:02]   [additional_pdf/architecture] structured: 18 logical rows -> 15 lectures
[2026-05-11 02:01:02]   [additional_pdf/law] fetching სამართლისა და საერტაშორისო ურთ.დამატებითი ცხრილი_17_04_2026.pdf
[2026-05-11 02:01:03]   [additional_pdf/law] 284550 bytes, parsing PDF
[2026-05-11 02:01:04]   [additional_pdf/law] 9 pages, 16229 text chars
[2026-05-11 02:01:04]   [additional_pdf/law] raw text only
[2026-05-11 02:01:04]   [additional_pdf/ims] fetching იმს დამატებითი სასწავლო კურსების ცხრილი 2025-2026 II სემესტრი 9_05_2026.pdf
[2026-05-11 02:01:04]   [additional_pdf/ims] 205716 bytes, parsing PDF
[2026-05-11 02:01:04]   [additional_pdf/ims] 10 pages, 29623 text chars
[2026-05-11 02:01:05]   [additional_pdf/ims] structured: 141 logical rows -> 132 lectures
[2026-05-11 02:01:05]   [additional_pdf/business] fetching ბიზნესტექნოლოგიები_დამატებითი_17_04_2026.pdf
[2026-05-11 02:01:05]   [additional_pdf/business] 114955 bytes, parsing PDF
[2026-05-11 02:01:05]   [additional_pdf/business] 4 pages, 12300 text chars
[2026-05-11 02:01:05]   [additional_pdf/business] structured: 37 logical rows -> 19 lectures
[2026-05-11 02:01:05]   [additional_pdf/social] fetching დამატებიი ცხრილი სოციალურ მეცნიერებათა ფაკულტეტი 23_04-2026.pdf
[2026-05-11 02:01:06]   [additional_pdf/social] 87905 bytes, parsing PDF
[2026-05-11 02:01:06]   [additional_pdf/social] 2 pages, 3033 text chars
[2026-05-11 02:01:06]   [additional_pdf/social] raw text only
[2026-05-11 02:01:06] additional_pdf: stored 10, failed 0
[2026-05-11 02:01:06] midterm_pdf: no PDFs
[2026-05-11 02:01:06] done in 63.46s
[2026-05-11 07:00:01] fetching homepage
[2026-05-11 07:00:02] discovered 12 links across 2 sections
[2026-05-11 07:00:02] teachers_html: 2 unique source(s)
[2026-05-11 07:00:04]   [http://leqtori.gtu.ge:9000/public/teachers_2025_2026_2_8_.html] fetching
[2026-05-11 07:00:05]   fetched 7863393 bytes
[2026-05-11 07:00:07]   parsed 10198 lectures from VIII კვირის სასწავლო ცხრილი
[2026-05-11 07:00:23]   stored 10198 (deduped 0) into lecture
[2026-05-11 07:00:23]   [http://leqtori.gtu.ge:9000/public/prof_teachers.html] fetching
[2026-05-11 07:00:23]   fetched 111363 bytes
[2026-05-11 07:00:23]   parsed 52 lectures from VIII კვირის სასწავლო ცხრილი
[2026-05-11 07:00:23]   stored 52 (deduped 0) into lecture
[2026-05-11 07:00:23] teachers totals: 1679 teachers, 4556 subjects, 10250 lectures
[2026-05-11 07:00:23] additional_pdf: 10 PDF(s) to fetch
[2026-05-11 07:00:23]   [additional_pdf/construction] fetching დამატ. ცხრ. -25-26 2 21.04.26 სამშენებლო.pdf
[2026-05-11 07:00:24]   [additional_pdf/construction] 307648 bytes, parsing PDF
[2026-05-11 07:00:24]   [additional_pdf/construction] 14 pages, 52664 text chars
[2026-05-11 07:00:25]   [additional_pdf/construction] structured: 195 logical rows -> 185 lectures
[2026-05-11 07:00:25]   [additional_pdf/power] fetching ენერგ ფაკ. დამატებითი_2025_2026_II_07_04_2026).pdf
[2026-05-11 07:00:25]   [additional_pdf/power] 71228 bytes, parsing PDF
[2026-05-11 07:00:25]   [additional_pdf/power] 2 pages, 6454 text chars
[2026-05-11 07:00:25]   [additional_pdf/power] raw text only
[2026-05-11 07:00:25]   [additional_pdf/mining] fetching სამთო-გეოლოგიური და მთის მდგრადი განვითარების ფაკულტეტი.pdf
[2026-05-11 07:00:26]   [additional_pdf/mining] 51893 bytes, parsing PDF
[2026-05-11 07:00:26]   [additional_pdf/mining] 1 pages, 2197 text chars
[2026-05-11 07:00:26]   [additional_pdf/mining] structured: 9 logical rows -> 8 lectures
[2026-05-11 07:00:26]   [additional_pdf/agrarian] fetching 2025-2026 II აგრარული დამატებითი_16_04_2026.pdf
[2026-05-11 07:00:26]   [additional_pdf/agrarian] 130098 bytes, parsing PDF
[2026-05-11 07:00:26]   [additional_pdf/agrarian] 4 pages, 11664 text chars
[2026-05-11 07:00:26]   [additional_pdf/agrarian] structured: 64 logical rows -> 64 lectures
[2026-05-11 07:00:26]   [additional_pdf/transport] fetching 05 დამატებითი ცხრილი . 23.04.2026.pdf
[2026-05-11 07:00:27]   [additional_pdf/transport] 164850 bytes, parsing PDF
[2026-05-11 07:00:27]   [additional_pdf/transport] 7 pages, 16906 text chars
[2026-05-11 07:00:27]   [additional_pdf/transport] raw text only
[2026-05-11 07:00:27]   [additional_pdf/architecture] fetching ცხრილი დამატ. არქიტექტურის, ურბანისტიკისა და დიზაინის.pdf
[2026-05-11 07:00:27]   [additional_pdf/architecture] 90193 bytes, parsing PDF
[2026-05-11 07:00:27]   [additional_pdf/architecture] 2 pages, 5806 text chars
[2026-05-11 07:00:27]   [additional_pdf/architecture] structured: 18 logical rows -> 15 lectures
[2026-05-11 07:00:27]   [additional_pdf/law] fetching სამართლისა და საერტაშორისო ურთ.დამატებითი ცხრილი_17_04_2026.pdf
[2026-05-11 07:00:28]   [additional_pdf/law] 284550 bytes, parsing PDF
[2026-05-11 07:00:28]   [additional_pdf/law] 9 pages, 16229 text chars
[2026-05-11 07:00:28]   [additional_pdf/law] raw text only
[2026-05-11 07:00:28]   [additional_pdf/ims] fetching იმს დამატებითი სასწავლო კურსების ცხრილი 2025-2026 II სემესტრი 9_05_2026.pdf
[2026-05-11 07:00:28]   [additional_pdf/ims] 205716 bytes, parsing PDF
[2026-05-11 07:00:28]   [additional_pdf/ims] 10 pages, 29623 text chars
[2026-05-11 07:00:29]   [additional_pdf/ims] structured: 141 logical rows -> 132 lectures
[2026-05-11 07:00:29]   [additional_pdf/business] fetching ბიზნესტექნოლოგიები_დამატებითი_17_04_2026.pdf
[2026-05-11 07:00:29]   [additional_pdf/business] 114955 bytes, parsing PDF
[2026-05-11 07:00:29]   [additional_pdf/business] 4 pages, 12300 text chars
[2026-05-11 07:00:29]   [additional_pdf/business] structured: 37 logical rows -> 19 lectures
[2026-05-11 07:00:29]   [additional_pdf/social] fetching დამატებიი ცხრილი სოციალურ მეცნიერებათა ფაკულტეტი 23_04-2026.pdf
[2026-05-11 07:00:30]   [additional_pdf/social] 87905 bytes, parsing PDF
[2026-05-11 07:00:30]   [additional_pdf/social] 2 pages, 3033 text chars
[2026-05-11 07:00:30]   [additional_pdf/social] raw text only
[2026-05-11 07:00:30] additional_pdf: stored 10, failed 0
[2026-05-11 07:00:30] midterm_pdf: no PDFs
[2026-05-11 07:00:30] done in 28.43s
[2026-05-11 12:00:01] fetching homepage
[2026-05-11 12:00:02] discovered 12 links across 2 sections
[2026-05-11 12:00:02] teachers_html: 2 unique source(s)
[2026-05-11 12:00:03]   [http://leqtori.gtu.ge:9000/public/teachers_2025_2026_2_8_.html] fetching
[2026-05-11 12:00:04]   fetched 7863393 bytes
[2026-05-11 12:00:06]   parsed 10198 lectures from VIII კვირის სასწავლო ცხრილი
[2026-05-11 12:00:23]   stored 10198 (deduped 0) into lecture
[2026-05-11 12:00:23]   [http://leqtori.gtu.ge:9000/public/prof_teachers.html] fetching
[2026-05-11 12:00:24]   fetched 111363 bytes
[2026-05-11 12:00:24]   parsed 52 lectures from VIII კვირის სასწავლო ცხრილი
[2026-05-11 12:00:24]   stored 52 (deduped 0) into lecture
[2026-05-11 12:00:24] teachers totals: 1679 teachers, 4556 subjects, 10250 lectures
[2026-05-11 12:00:24] additional_pdf: 10 PDF(s) to fetch
[2026-05-11 12:00:24]   [additional_pdf/construction] fetching დამატ. ცხრ. -25-26 2 21.04.26 სამშენებლო.pdf
[2026-05-11 12:00:24]   [additional_pdf/construction] 307648 bytes, parsing PDF
[2026-05-11 12:00:25]   [additional_pdf/construction] 14 pages, 52664 text chars
[2026-05-11 12:00:25]   [additional_pdf/construction] structured: 195 logical rows -> 185 lectures
[2026-05-11 12:00:25]   [additional_pdf/power] fetching ენერგ ფაკ. დამატებითი_2025_2026_II_07_04_2026).pdf
[2026-05-11 12:00:26]   [additional_pdf/power] 71228 bytes, parsing PDF
[2026-05-11 12:00:26]   [additional_pdf/power] 2 pages, 6454 text chars
[2026-05-11 12:00:26]   [additional_pdf/power] raw text only
[2026-05-11 12:00:26]   [additional_pdf/mining] fetching სამთო-გეოლოგიური და მთის მდგრადი განვითარების ფაკულტეტი.pdf
[2026-05-11 12:00:26]   [additional_pdf/mining] 51893 bytes, parsing PDF
[2026-05-11 12:00:26]   [additional_pdf/mining] 1 pages, 2197 text chars
[2026-05-11 12:00:26]   [additional_pdf/mining] structured: 9 logical rows -> 8 lectures
[2026-05-11 12:00:26]   [additional_pdf/agrarian] fetching 2025-2026 II აგრარული დამატებითი_16_04_2026.pdf
[2026-05-11 12:00:27]   [additional_pdf/agrarian] 130098 bytes, parsing PDF
[2026-05-11 12:00:27]   [additional_pdf/agrarian] 4 pages, 11664 text chars
[2026-05-11 12:00:27]   [additional_pdf/agrarian] structured: 64 logical rows -> 64 lectures
[2026-05-11 12:00:27]   [additional_pdf/transport] fetching 05 დამატებითი ცხრილი . 23.04.2026.pdf
[2026-05-11 12:00:27]   [additional_pdf/transport] 164850 bytes, parsing PDF
[2026-05-11 12:00:27]   [additional_pdf/transport] 7 pages, 16906 text chars
[2026-05-11 12:00:27]   [additional_pdf/transport] raw text only
[2026-05-11 12:00:27]   [additional_pdf/architecture] fetching ცხრილი დამატ. არქიტექტურის, ურბანისტიკისა და დიზაინის.pdf
[2026-05-11 12:00:28]   [additional_pdf/architecture] 90193 bytes, parsing PDF
[2026-05-11 12:00:28]   [additional_pdf/architecture] 2 pages, 5806 text chars
[2026-05-11 12:00:28]   [additional_pdf/architecture] structured: 18 logical rows -> 15 lectures
[2026-05-11 12:00:28]   [additional_pdf/law] fetching სამართლისა და საერტაშორისო ურთ.დამატებითი ცხრილი_17_04_2026.pdf
[2026-05-11 12:00:28]   [additional_pdf/law] 284550 bytes, parsing PDF
[2026-05-11 12:00:29]   [additional_pdf/law] 9 pages, 16229 text chars
[2026-05-11 12:00:29]   [additional_pdf/law] raw text only
[2026-05-11 12:00:29]   [additional_pdf/ims] fetching იმს დამატებითი სასწავლო კურსების ცხრილი 2025-2026 II სემესტრი 9_05_2026.pdf
[2026-05-11 12:00:29]   [additional_pdf/ims] 205716 bytes, parsing PDF
[2026-05-11 12:00:29]   [additional_pdf/ims] 10 pages, 29623 text chars
[2026-05-11 12:00:30]   [additional_pdf/ims] structured: 141 logical rows -> 132 lectures
[2026-05-11 12:00:30]   [additional_pdf/business] fetching ბიზნესტექნოლოგიები_დამატებითი_17_04_2026.pdf
[2026-05-11 12:00:30]   [additional_pdf/business] 114955 bytes, parsing PDF
[2026-05-11 12:00:30]   [additional_pdf/business] 4 pages, 12300 text chars
[2026-05-11 12:00:30]   [additional_pdf/business] structured: 37 logical rows -> 19 lectures
[2026-05-11 12:00:30]   [additional_pdf/social] fetching დამატებიი ცხრილი სოციალურ მეცნიერებათა ფაკულტეტი 23_04-2026.pdf
[2026-05-11 12:00:31]   [additional_pdf/social] 87905 bytes, parsing PDF
[2026-05-11 12:00:31]   [additional_pdf/social] 2 pages, 3033 text chars
[2026-05-11 12:00:31]   [additional_pdf/social] raw text only
[2026-05-11 12:00:31] additional_pdf: stored 10, failed 0
[2026-05-11 12:00:31] midterm_pdf: no PDFs
[2026-05-11 12:00:31] done in 29.21s
[2026-05-11 17:00:01] fetching homepage
[2026-05-11 17:00:02] discovered 12 links across 2 sections
[2026-05-11 17:00:02] teachers_html: 2 unique source(s)
[2026-05-11 17:00:03]   [http://leqtori.gtu.ge:9000/public/teachers_2025_2026_2_8_.html] fetching
[2026-05-11 17:00:04]   fetched 7863393 bytes
[2026-05-11 17:00:06]   parsed 10198 lectures from VIII კვირის სასწავლო ცხრილი
[2026-05-11 17:00:22]   stored 10198 (deduped 0) into lecture
[2026-05-11 17:00:22]   [http://leqtori.gtu.ge:9000/public/prof_teachers.html] fetching
[2026-05-11 17:00:23]   fetched 111363 bytes
[2026-05-11 17:00:23]   parsed 52 lectures from VIII კვირის სასწავლო ცხრილი
[2026-05-11 17:00:23]   stored 52 (deduped 0) into lecture
[2026-05-11 17:00:23] teachers totals: 1679 teachers, 4556 subjects, 10250 lectures
[2026-05-11 17:00:23] additional_pdf: 10 PDF(s) to fetch
[2026-05-11 17:00:23]   [additional_pdf/construction] fetching დამატ. ცხრ. -25-26 2 21.04.26 სამშენებლო.pdf
[2026-05-11 17:00:24]   [additional_pdf/construction] 307648 bytes, parsing PDF
[2026-05-11 17:00:24]   [additional_pdf/construction] 14 pages, 52664 text chars
[2026-05-11 17:00:25]   [additional_pdf/construction] structured: 195 logical rows -> 185 lectures
[2026-05-11 17:00:25]   [additional_pdf/power] fetching ენერგ ფაკ. დამატებითი_2025_2026_II_07_04_2026).pdf
[2026-05-11 17:00:25]   [additional_pdf/power] 71228 bytes, parsing PDF
[2026-05-11 17:00:25]   [additional_pdf/power] 2 pages, 6454 text chars
[2026-05-11 17:00:25]   [additional_pdf/power] raw text only
[2026-05-11 17:00:25]   [additional_pdf/mining] fetching სამთო-გეოლოგიური და მთის მდგრადი განვითარების ფაკულტეტი.pdf
[2026-05-11 17:00:26]   [additional_pdf/mining] 51893 bytes, parsing PDF
[2026-05-11 17:00:26]   [additional_pdf/mining] 1 pages, 2197 text chars
[2026-05-11 17:00:26]   [additional_pdf/mining] structured: 9 logical rows -> 8 lectures
[2026-05-11 17:00:26]   [additional_pdf/agrarian] fetching 2025-2026 II აგრარული დამატებითი_16_04_2026.pdf
[2026-05-11 17:00:26]   [additional_pdf/agrarian] 130098 bytes, parsing PDF
[2026-05-11 17:00:26]   [additional_pdf/agrarian] 4 pages, 11664 text chars
[2026-05-11 17:00:26]   [additional_pdf/agrarian] structured: 64 logical rows -> 64 lectures
[2026-05-11 17:00:26]   [additional_pdf/transport] fetching 05 დამატებითი ცხრილი . 23.04.2026.pdf
[2026-05-11 17:00:27]   [additional_pdf/transport] 164850 bytes, parsing PDF
[2026-05-11 17:00:27]   [additional_pdf/transport] 7 pages, 16906 text chars
[2026-05-11 17:00:27]   [additional_pdf/transport] raw text only
[2026-05-11 17:00:27]   [additional_pdf/architecture] fetching ცხრილი დამატ. არქიტექტურის, ურბანისტიკისა და დიზაინის.pdf
[2026-05-11 17:00:27]   [additional_pdf/architecture] 90193 bytes, parsing PDF
[2026-05-11 17:00:28]   [additional_pdf/architecture] 2 pages, 5806 text chars
[2026-05-11 17:00:28]   [additional_pdf/architecture] structured: 18 logical rows -> 15 lectures
[2026-05-11 17:00:28]   [additional_pdf/law] fetching სამართლისა და საერტაშორისო ურთ.დამატებითი ცხრილი_17_04_2026.pdf
[2026-05-11 17:00:28]   [additional_pdf/law] 284550 bytes, parsing PDF
[2026-05-11 17:00:28]   [additional_pdf/law] 9 pages, 16229 text chars
[2026-05-11 17:00:28]   [additional_pdf/law] raw text only
[2026-05-11 17:00:28]   [additional_pdf/ims] fetching იმს დამატებითი სასწავლო კურსების ცხრილი 2025-2026 II სემესტრი 9_05_2026.pdf
[2026-05-11 17:00:29]   [additional_pdf/ims] 205716 bytes, parsing PDF
[2026-05-11 17:00:29]   [additional_pdf/ims] 10 pages, 29623 text chars
[2026-05-11 17:00:30]   [additional_pdf/ims] structured: 141 logical rows -> 132 lectures
[2026-05-11 17:00:30]   [additional_pdf/business] fetching ბიზნესტექნოლოგიები_დამატებითი_17_04_2026.pdf
[2026-05-11 17:00:30]   [additional_pdf/business] 114955 bytes, parsing PDF
[2026-05-11 17:00:30]   [additional_pdf/business] 4 pages, 12300 text chars
[2026-05-11 17:00:30]   [additional_pdf/business] structured: 37 logical rows -> 19 lectures
[2026-05-11 17:00:30]   [additional_pdf/social] fetching დამატებიი ცხრილი სოციალურ მეცნიერებათა ფაკულტეტი 23_04-2026.pdf
[2026-05-11 17:00:31]   [additional_pdf/social] 87905 bytes, parsing PDF
[2026-05-11 17:00:31]   [additional_pdf/social] 2 pages, 3033 text chars
[2026-05-11 17:00:31]   [additional_pdf/social] raw text only
[2026-05-11 17:00:31] additional_pdf: stored 10, failed 0
[2026-05-11 17:00:31] midterm_pdf: no PDFs
[2026-05-11 17:00:31] done in 29.80s
[2026-05-11 22:00:01] fetching homepage
[2026-05-11 22:00:02] discovered 12 links across 2 sections
[2026-05-11 22:00:02] teachers_html: 2 unique source(s)
[2026-05-11 22:00:03]   [http://leqtori.gtu.ge:9000/public/teachers_2025_2026_2_8_.html] fetching
[2026-05-11 22:00:04]   fetched 7863393 bytes
[2026-05-11 22:00:06]   parsed 10198 lectures from VIII კვირის სასწავლო ცხრილი
[2026-05-11 22:00:25]   stored 10198 (deduped 0) into lecture
[2026-05-11 22:00:25]   [http://leqtori.gtu.ge:9000/public/prof_teachers.html] fetching
[2026-05-11 22:00:25]   fetched 111363 bytes
[2026-05-11 22:00:25]   parsed 52 lectures from VIII კვირის სასწავლო ცხრილი
[2026-05-11 22:00:26]   stored 52 (deduped 0) into lecture
[2026-05-11 22:00:26] teachers totals: 1679 teachers, 4556 subjects, 10250 lectures
[2026-05-11 22:00:26] additional_pdf: 10 PDF(s) to fetch
[2026-05-11 22:00:26]   [additional_pdf/construction] fetching დამატ. ცხრ. -25-26 2 21.04.26 სამშენებლო.pdf
[2026-05-11 22:00:26]   [additional_pdf/construction] 307648 bytes, parsing PDF
[2026-05-11 22:00:26]   [additional_pdf/construction] 14 pages, 52664 text chars
[2026-05-11 22:00:27]   [additional_pdf/construction] structured: 195 logical rows -> 185 lectures
[2026-05-11 22:00:27]   [additional_pdf/power] fetching ენერგ ფაკ. დამატებითი_2025_2026_II_07_04_2026).pdf
[2026-05-11 22:00:28]   [additional_pdf/power] 71228 bytes, parsing PDF
[2026-05-11 22:00:28]   [additional_pdf/power] 2 pages, 6454 text chars
[2026-05-11 22:00:28]   [additional_pdf/power] raw text only
[2026-05-11 22:00:28]   [additional_pdf/mining] fetching სამთო-გეოლოგიური და მთის მდგრადი განვითარების ფაკულტეტი.pdf
[2026-05-11 22:00:28]   [additional_pdf/mining] 51893 bytes, parsing PDF
[2026-05-11 22:00:28]   [additional_pdf/mining] 1 pages, 2197 text chars
[2026-05-11 22:00:28]   [additional_pdf/mining] structured: 9 logical rows -> 8 lectures
[2026-05-11 22:00:28]   [additional_pdf/agrarian] fetching 2025-2026 II აგრარული დამატებითი_16_04_2026.pdf
[2026-05-11 22:00:29]   [additional_pdf/agrarian] 130098 bytes, parsing PDF
[2026-05-11 22:00:29]   [additional_pdf/agrarian] 4 pages, 11664 text chars
[2026-05-11 22:00:29]   [additional_pdf/agrarian] structured: 64 logical rows -> 64 lectures
[2026-05-11 22:00:29]   [additional_pdf/transport] fetching 05 დამატებითი ცხრილი . 23.04.2026.pdf
[2026-05-11 22:00:29]   [additional_pdf/transport] 164850 bytes, parsing PDF
[2026-05-11 22:00:29]   [additional_pdf/transport] 7 pages, 16906 text chars
[2026-05-11 22:00:29]   [additional_pdf/transport] raw text only
[2026-05-11 22:00:29]   [additional_pdf/architecture] fetching ცხრილი დამატ. არქიტექტურის, ურბანისტიკისა და დიზაინის.pdf
[2026-05-11 22:00:30]   [additional_pdf/architecture] 90193 bytes, parsing PDF
[2026-05-11 22:00:30]   [additional_pdf/architecture] 2 pages, 5806 text chars
[2026-05-11 22:00:30]   [additional_pdf/architecture] structured: 18 logical rows -> 15 lectures
[2026-05-11 22:00:30]   [additional_pdf/law] fetching სამართლისა და საერტაშორისო ურთ.დამატებითი ცხრილი_17_04_2026.pdf
[2026-05-11 22:00:31]   [additional_pdf/law] 284550 bytes, parsing PDF
[2026-05-11 22:00:31]   [additional_pdf/law] 9 pages, 16229 text chars
[2026-05-11 22:00:31]   [additional_pdf/law] raw text only
[2026-05-11 22:00:31]   [additional_pdf/ims] fetching იმს დამატებითი სასწავლო კურსების ცხრილი 2025-2026 II სემესტრი 9_05_2026.pdf
[2026-05-11 22:00:31]   [additional_pdf/ims] 205716 bytes, parsing PDF
[2026-05-11 22:00:32]   [additional_pdf/ims] 10 pages, 29623 text chars
[2026-05-11 22:00:32]   [additional_pdf/ims] structured: 141 logical rows -> 132 lectures
[2026-05-11 22:00:32]   [additional_pdf/business] fetching ბიზნესტექნოლოგიები_დამატებითი_17_04_2026.pdf
[2026-05-11 22:00:33]   [additional_pdf/business] 114955 bytes, parsing PDF
[2026-05-11 22:00:33]   [additional_pdf/business] 4 pages, 12300 text chars
[2026-05-11 22:00:33]   [additional_pdf/business] structured: 37 logical rows -> 19 lectures
[2026-05-11 22:00:33]   [additional_pdf/social] fetching დამატებიი ცხრილი სოციალურ მეცნიერებათა ფაკულტეტი 23_04-2026.pdf
[2026-05-11 22:00:33]   [additional_pdf/social] 87905 bytes, parsing PDF
[2026-05-11 22:00:33]   [additional_pdf/social] 2 pages, 3033 text chars
[2026-05-11 22:00:33]   [additional_pdf/social] raw text only
[2026-05-11 22:00:33] additional_pdf: stored 10, failed 0
[2026-05-11 22:00:33] midterm_pdf: no PDFs
[2026-05-11 22:00:33] done in 31.67s
[2026-05-12 02:00:01] fetching homepage
[2026-05-12 02:00:03] discovered 12 links across 2 sections
[2026-05-12 02:00:03] teachers_html: 2 unique source(s)
[2026-05-12 02:00:05]   [http://leqtori.gtu.ge:9000/public/teachers_2025_2026_2_8_.html] fetching
[2026-05-12 02:00:08]   fetched 7863393 bytes
[2026-05-12 02:00:11]   parsed 10198 lectures from VIII კვირის სასწავლო ცხრილი
[2026-05-12 02:00:56]   stored 10198 (deduped 0) into lecture
[2026-05-12 02:00:56]   [http://leqtori.gtu.ge:9000/public/prof_teachers.html] fetching
[2026-05-12 02:00:56]   fetched 111363 bytes
[2026-05-12 02:00:56]   parsed 52 lectures from VIII კვირის სასწავლო ცხრილი
[2026-05-12 02:00:57]   stored 52 (deduped 0) into lecture
[2026-05-12 02:00:57] teachers totals: 1679 teachers, 4556 subjects, 10250 lectures
[2026-05-12 02:00:57] additional_pdf: 10 PDF(s) to fetch
[2026-05-12 02:00:57]   [additional_pdf/construction] fetching დამატ. ცხრ. -25-26 2 21.04.26 სამშენებლო.pdf
[2026-05-12 02:00:57]   [additional_pdf/construction] 307648 bytes, parsing PDF
[2026-05-12 02:00:58]   [additional_pdf/construction] 14 pages, 52664 text chars
[2026-05-12 02:00:59]   [additional_pdf/construction] structured: 195 logical rows -> 185 lectures
[2026-05-12 02:00:59]   [additional_pdf/power] fetching ენერგ ფაკ. დამატებითი_2025_2026_II_07_04_2026).pdf
[2026-05-12 02:00:59]   [additional_pdf/power] 71228 bytes, parsing PDF
[2026-05-12 02:00:59]   [additional_pdf/power] 2 pages, 6454 text chars
[2026-05-12 02:00:59]   [additional_pdf/power] raw text only
[2026-05-12 02:00:59]   [additional_pdf/mining] fetching სამთო-გეოლოგიური და მთის მდგრადი განვითარების ფაკულტეტი.pdf
[2026-05-12 02:01:00]   [additional_pdf/mining] 51893 bytes, parsing PDF
[2026-05-12 02:01:00]   [additional_pdf/mining] 1 pages, 2197 text chars
[2026-05-12 02:01:00]   [additional_pdf/mining] structured: 9 logical rows -> 8 lectures
[2026-05-12 02:01:00]   [additional_pdf/agrarian] fetching 2025-2026 II აგრარული დამატებითი_16_04_2026.pdf
[2026-05-12 02:01:00]   [additional_pdf/agrarian] 130098 bytes, parsing PDF
[2026-05-12 02:01:00]   [additional_pdf/agrarian] 4 pages, 11664 text chars
[2026-05-12 02:01:01]   [additional_pdf/agrarian] structured: 64 logical rows -> 64 lectures
[2026-05-12 02:01:01]   [additional_pdf/transport] fetching 05 დამატებითი ცხრილი . 23.04.2026.pdf
[2026-05-12 02:01:01]   [additional_pdf/transport] 164850 bytes, parsing PDF
[2026-05-12 02:01:02]   [additional_pdf/transport] 7 pages, 16906 text chars
[2026-05-12 02:01:02]   [additional_pdf/transport] raw text only
[2026-05-12 02:01:02]   [additional_pdf/architecture] fetching ცხრილი დამატ. არქიტექტურის, ურბანისტიკისა და დიზაინის.pdf
[2026-05-12 02:01:02]   [additional_pdf/architecture] 90193 bytes, parsing PDF
[2026-05-12 02:01:02]   [additional_pdf/architecture] 2 pages, 5806 text chars
[2026-05-12 02:01:02]   [additional_pdf/architecture] structured: 18 logical rows -> 15 lectures
[2026-05-12 02:01:02]   [additional_pdf/law] fetching სამართლისა და საერტაშორისო ურთ.დამატებითი ცხრილი_17_04_2026.pdf
[2026-05-12 02:01:03]   [additional_pdf/law] 284550 bytes, parsing PDF
[2026-05-12 02:01:03]   [additional_pdf/law] 9 pages, 16229 text chars
[2026-05-12 02:01:03]   [additional_pdf/law] raw text only
[2026-05-12 02:01:03]   [additional_pdf/ims] fetching იმს დამატებითი სასწავლო კურსების ცხრილი 2025-2026 II სემესტრი 9_05_2026.pdf
[2026-05-12 02:01:04]   [additional_pdf/ims] 205716 bytes, parsing PDF
[2026-05-12 02:01:04]   [additional_pdf/ims] 10 pages, 29623 text chars
[2026-05-12 02:01:05]   [additional_pdf/ims] structured: 141 logical rows -> 132 lectures
[2026-05-12 02:01:05]   [additional_pdf/business] fetching ბიზნესტექნოლოგიები_დამატებითი_17_04_2026.pdf
[2026-05-12 02:01:06]   [additional_pdf/business] 114955 bytes, parsing PDF
[2026-05-12 02:01:06]   [additional_pdf/business] 4 pages, 12300 text chars
[2026-05-12 02:01:06]   [additional_pdf/business] structured: 37 logical rows -> 19 lectures
[2026-05-12 02:01:06]   [additional_pdf/social] fetching დამატებიი ცხრილი სოციალურ მეცნიერებათა ფაკულტეტი 23_04-2026.pdf
[2026-05-12 02:01:06]   [additional_pdf/social] 87905 bytes, parsing PDF
[2026-05-12 02:01:06]   [additional_pdf/social] 2 pages, 3033 text chars
[2026-05-12 02:01:06]   [additional_pdf/social] raw text only
[2026-05-12 02:01:06] additional_pdf: stored 10, failed 0
[2026-05-12 02:01:06] midterm_pdf: no PDFs
[2026-05-12 02:01:06] done in 65.20s
[2026-05-12 07:00:02] fetching homepage
[2026-05-12 07:00:03] discovered 12 links across 2 sections
[2026-05-12 07:00:03] teachers_html: 2 unique source(s)
[2026-05-12 07:00:04]   [http://leqtori.gtu.ge:9000/public/teachers_2025_2026_2_8_.html] fetching
[2026-05-12 07:00:06]   fetched 7863393 bytes
[2026-05-12 07:00:08]   parsed 10198 lectures from VIII კვირის სასწავლო ცხრილი
[2026-05-12 07:00:23]   stored 10198 (deduped 0) into lecture
[2026-05-12 07:00:23]   [http://leqtori.gtu.ge:9000/public/prof_teachers.html] fetching
[2026-05-12 07:00:24]   fetched 111363 bytes
[2026-05-12 07:00:24]   parsed 52 lectures from VIII კვირის სასწავლო ცხრილი
[2026-05-12 07:00:24]   stored 52 (deduped 0) into lecture
[2026-05-12 07:00:24] teachers totals: 1679 teachers, 4556 subjects, 10250 lectures
[2026-05-12 07:00:24] additional_pdf: 10 PDF(s) to fetch
[2026-05-12 07:00:24]   [additional_pdf/construction] fetching დამატ. ცხრ. -25-26 2 21.04.26 სამშენებლო.pdf
[2026-05-12 07:00:24]   [additional_pdf/construction] 307648 bytes, parsing PDF
[2026-05-12 07:00:25]   [additional_pdf/construction] 14 pages, 52664 text chars
[2026-05-12 07:00:25]   [additional_pdf/construction] structured: 195 logical rows -> 185 lectures
[2026-05-12 07:00:25]   [additional_pdf/power] fetching ენერგ ფაკ. დამატებითი_2025_2026_II_07_04_2026).pdf
[2026-05-12 07:00:26]   [additional_pdf/power] 71228 bytes, parsing PDF
[2026-05-12 07:00:26]   [additional_pdf/power] 2 pages, 6454 text chars
[2026-05-12 07:00:26]   [additional_pdf/power] raw text only
[2026-05-12 07:00:26]   [additional_pdf/mining] fetching სამთო-გეოლოგიური და მთის მდგრადი განვითარების ფაკულტეტი.pdf
[2026-05-12 07:00:26]   [additional_pdf/mining] 51893 bytes, parsing PDF
[2026-05-12 07:00:26]   [additional_pdf/mining] 1 pages, 2197 text chars
[2026-05-12 07:00:26]   [additional_pdf/mining] structured: 9 logical rows -> 8 lectures
[2026-05-12 07:00:26]   [additional_pdf/agrarian] fetching 2025-2026 II აგრარული დამატებითი_16_04_2026.pdf
[2026-05-12 07:00:27]   [additional_pdf/agrarian] 130098 bytes, parsing PDF
[2026-05-12 07:00:27]   [additional_pdf/agrarian] 4 pages, 11664 text chars
[2026-05-12 07:00:27]   [additional_pdf/agrarian] structured: 64 logical rows -> 64 lectures
[2026-05-12 07:00:27]   [additional_pdf/transport] fetching 05 დამატებითი ცხრილი . 23.04.2026.pdf
[2026-05-12 07:00:27]   [additional_pdf/transport] 164850 bytes, parsing PDF
[2026-05-12 07:00:28]   [additional_pdf/transport] 7 pages, 16906 text chars
[2026-05-12 07:00:28]   [additional_pdf/transport] raw text only
[2026-05-12 07:00:28]   [additional_pdf/architecture] fetching ცხრილი დამატ. არქიტექტურის, ურბანისტიკისა და დიზაინის.pdf
[2026-05-12 07:00:28]   [additional_pdf/architecture] 90193 bytes, parsing PDF
[2026-05-12 07:00:28]   [additional_pdf/architecture] 2 pages, 5806 text chars
[2026-05-12 07:00:28]   [additional_pdf/architecture] structured: 18 logical rows -> 15 lectures
[2026-05-12 07:00:28]   [additional_pdf/law] fetching სამართლისა და საერტაშორისო ურთ.დამატებითი ცხრილი_17_04_2026.pdf
[2026-05-12 07:00:29]   [additional_pdf/law] 284550 bytes, parsing PDF
[2026-05-12 07:00:29]   [additional_pdf/law] 9 pages, 16229 text chars
[2026-05-12 07:00:29]   [additional_pdf/law] raw text only
[2026-05-12 07:00:29]   [additional_pdf/ims] fetching იმს დამატებითი სასწავლო კურსების ცხრილი 2025-2026 II სემესტრი 9_05_2026.pdf
[2026-05-12 07:00:30]   [additional_pdf/ims] 205716 bytes, parsing PDF
[2026-05-12 07:00:30]   [additional_pdf/ims] 10 pages, 29623 text chars
[2026-05-12 07:00:30]   [additional_pdf/ims] structured: 141 logical rows -> 132 lectures
[2026-05-12 07:00:30]   [additional_pdf/business] fetching ბიზნესტექნოლოგიები_დამატებითი_17_04_2026.pdf
[2026-05-12 07:00:31]   [additional_pdf/business] 114955 bytes, parsing PDF
[2026-05-12 07:00:31]   [additional_pdf/business] 4 pages, 12300 text chars
[2026-05-12 07:00:31]   [additional_pdf/business] structured: 37 logical rows -> 19 lectures
[2026-05-12 07:00:31]   [additional_pdf/social] fetching დამატებიი ცხრილი სოციალურ მეცნიერებათა ფაკულტეტი 23_04-2026.pdf
[2026-05-12 07:00:31]   [additional_pdf/social] 87905 bytes, parsing PDF
[2026-05-12 07:00:31]   [additional_pdf/social] 2 pages, 3033 text chars
[2026-05-12 07:00:31]   [additional_pdf/social] raw text only
[2026-05-12 07:00:31] additional_pdf: stored 10, failed 0
[2026-05-12 07:00:31] midterm_pdf: no PDFs
[2026-05-12 07:00:31] done in 29.37s
[2026-05-12 12:00:02] fetching homepage
[2026-05-12 12:00:03] discovered 12 links across 2 sections
[2026-05-12 12:00:03] teachers_html: 2 unique source(s)
[2026-05-12 12:00:04]   [http://leqtori.gtu.ge:9000/public/teachers_2025_2026_2_8_.html] fetching
[2026-05-12 12:00:05]   fetched 7863393 bytes
[2026-05-12 12:00:07]   parsed 10198 lectures from VIII კვირის სასწავლო ცხრილი
[2026-05-12 12:00:23]   stored 10198 (deduped 0) into lecture
[2026-05-12 12:00:23]   [http://leqtori.gtu.ge:9000/public/prof_teachers.html] fetching
[2026-05-12 12:00:23]   fetched 111363 bytes
[2026-05-12 12:00:23]   parsed 52 lectures from VIII კვირის სასწავლო ცხრილი
[2026-05-12 12:00:24]   stored 52 (deduped 0) into lecture
[2026-05-12 12:00:24] teachers totals: 1679 teachers, 4556 subjects, 10250 lectures
[2026-05-12 12:00:24] additional_pdf: 10 PDF(s) to fetch
[2026-05-12 12:00:24]   [additional_pdf/construction] fetching დამატ. ცხრ. -25-26 2 21.04.26 სამშენებლო.pdf
[2026-05-12 12:00:24]   [additional_pdf/construction] 307648 bytes, parsing PDF
[2026-05-12 12:00:24]   [additional_pdf/construction] 14 pages, 52664 text chars
[2026-05-12 12:00:25]   [additional_pdf/construction] structured: 195 logical rows -> 185 lectures
[2026-05-12 12:00:25]   [additional_pdf/power] fetching ენერგ ფაკ. დამატებითი_2025_2026_II_07_04_2026).pdf
[2026-05-12 12:00:26]   [additional_pdf/power] 71228 bytes, parsing PDF
[2026-05-12 12:00:26]   [additional_pdf/power] 2 pages, 6454 text chars
[2026-05-12 12:00:26]   [additional_pdf/power] raw text only
[2026-05-12 12:00:26]   [additional_pdf/mining] fetching სამთო-გეოლოგიური და მთის მდგრადი განვითარების ფაკულტეტი.pdf
[2026-05-12 12:00:26]   [additional_pdf/mining] 51893 bytes, parsing PDF
[2026-05-12 12:00:26]   [additional_pdf/mining] 1 pages, 2197 text chars
[2026-05-12 12:00:26]   [additional_pdf/mining] structured: 9 logical rows -> 8 lectures
[2026-05-12 12:00:26]   [additional_pdf/agrarian] fetching 2025-2026 II აგრარული დამატებითი_16_04_2026.pdf
[2026-05-12 12:00:27]   [additional_pdf/agrarian] 130098 bytes, parsing PDF
[2026-05-12 12:00:27]   [additional_pdf/agrarian] 4 pages, 11664 text chars
[2026-05-12 12:00:27]   [additional_pdf/agrarian] structured: 64 logical rows -> 64 lectures
[2026-05-12 12:00:27]   [additional_pdf/transport] fetching 05 დამატებითი ცხრილი . 23.04.2026.pdf
[2026-05-12 12:00:27]   [additional_pdf/transport] 164850 bytes, parsing PDF
[2026-05-12 12:00:28]   [additional_pdf/transport] 7 pages, 16906 text chars
[2026-05-12 12:00:28]   [additional_pdf/transport] raw text only
[2026-05-12 12:00:28]   [additional_pdf/architecture] fetching ცხრილი დამატ. არქიტექტურის, ურბანისტიკისა და დიზაინის.pdf
[2026-05-12 12:00:28]   [additional_pdf/architecture] 90193 bytes, parsing PDF
[2026-05-12 12:00:28]   [additional_pdf/architecture] 2 pages, 5806 text chars
[2026-05-12 12:00:28]   [additional_pdf/architecture] structured: 18 logical rows -> 15 lectures
[2026-05-12 12:00:28]   [additional_pdf/law] fetching სამართლისა და საერტაშორისო ურთ.დამატებითი ცხრილი_17_04_2026.pdf
[2026-05-12 12:00:29]   [additional_pdf/law] 284550 bytes, parsing PDF
[2026-05-12 12:00:29]   [additional_pdf/law] 9 pages, 16229 text chars
[2026-05-12 12:00:29]   [additional_pdf/law] raw text only
[2026-05-12 12:00:29]   [additional_pdf/ims] fetching იმს დამატებითი სასწავლო კურსების ცხრილი 2025-2026 II სემესტრი 9_05_2026.pdf
[2026-05-12 12:00:29]   [additional_pdf/ims] 205716 bytes, parsing PDF
[2026-05-12 12:00:30]   [additional_pdf/ims] 10 pages, 29623 text chars
[2026-05-12 12:00:30]   [additional_pdf/ims] structured: 141 logical rows -> 132 lectures
[2026-05-12 12:00:30]   [additional_pdf/business] fetching ბიზნესტექნოლოგიები_დამატებითი_17_04_2026.pdf
[2026-05-12 12:00:31]   [additional_pdf/business] 114955 bytes, parsing PDF
[2026-05-12 12:00:31]   [additional_pdf/business] 4 pages, 12300 text chars
[2026-05-12 12:00:31]   [additional_pdf/business] structured: 37 logical rows -> 19 lectures
[2026-05-12 12:00:31]   [additional_pdf/social] fetching დამატებიი ცხრილი სოციალურ მეცნიერებათა ფაკულტეტი 23_04-2026.pdf
[2026-05-12 12:00:31]   [additional_pdf/social] 87905 bytes, parsing PDF
[2026-05-12 12:00:31]   [additional_pdf/social] 2 pages, 3033 text chars
[2026-05-12 12:00:31]   [additional_pdf/social] raw text only
[2026-05-12 12:00:31] additional_pdf: stored 10, failed 0
[2026-05-12 12:00:31] midterm_pdf: no PDFs
[2026-05-12 12:00:31] done in 29.49s
[2026-05-12 17:00:02] fetching homepage
[2026-05-12 17:00:03] discovered 12 links across 2 sections
[2026-05-12 17:00:03] teachers_html: 2 unique source(s)
[2026-05-12 17:00:03]   [http://leqtori.gtu.ge:9000/public/teachers_2025_2026_2_8_.html] fetching
[2026-05-12 17:00:04]   fetched 7863393 bytes
[2026-05-12 17:00:07]   parsed 10198 lectures from VIII კვირის სასწავლო ცხრილი
[2026-05-12 17:00:25]   stored 10198 (deduped 0) into lecture
[2026-05-12 17:00:25]   [http://leqtori.gtu.ge:9000/public/prof_teachers.html] fetching
[2026-05-12 17:00:26]   fetched 111363 bytes
[2026-05-12 17:00:26]   parsed 52 lectures from VIII კვირის სასწავლო ცხრილი
[2026-05-12 17:00:26]   stored 52 (deduped 0) into lecture
[2026-05-12 17:00:26] teachers totals: 1679 teachers, 4556 subjects, 10250 lectures
[2026-05-12 17:00:26] additional_pdf: 10 PDF(s) to fetch
[2026-05-12 17:00:26]   [additional_pdf/construction] fetching დამატ. ცხრ. -25-26 2 21.04.26 სამშენებლო.pdf
[2026-05-12 17:00:26]   [additional_pdf/construction] 307648 bytes, parsing PDF
[2026-05-12 17:00:27]   [additional_pdf/construction] 14 pages, 52664 text chars
[2026-05-12 17:00:27]   [additional_pdf/construction] structured: 195 logical rows -> 185 lectures
[2026-05-12 17:00:27]   [additional_pdf/power] fetching ენერგ ფაკ. დამატებითი_2025_2026_II_07_04_2026).pdf
[2026-05-12 17:00:28]   [additional_pdf/power] 71228 bytes, parsing PDF
[2026-05-12 17:00:28]   [additional_pdf/power] 2 pages, 6454 text chars
[2026-05-12 17:00:28]   [additional_pdf/power] raw text only
[2026-05-12 17:00:28]   [additional_pdf/mining] fetching სამთო-გეოლოგიური და მთის მდგრადი განვითარების ფაკულტეტი.pdf
[2026-05-12 17:00:28]   [additional_pdf/mining] 51893 bytes, parsing PDF
[2026-05-12 17:00:28]   [additional_pdf/mining] 1 pages, 2197 text chars
[2026-05-12 17:00:28]   [additional_pdf/mining] structured: 9 logical rows -> 8 lectures
[2026-05-12 17:00:28]   [additional_pdf/agrarian] fetching 2025-2026 II აგრარული დამატებითი_16_04_2026.pdf
[2026-05-12 17:00:29]   [additional_pdf/agrarian] 130098 bytes, parsing PDF
[2026-05-12 17:00:29]   [additional_pdf/agrarian] 4 pages, 11664 text chars
[2026-05-12 17:00:29]   [additional_pdf/agrarian] structured: 64 logical rows -> 64 lectures
[2026-05-12 17:00:29]   [additional_pdf/transport] fetching 05 დამატებითი ცხრილი . 23.04.2026.pdf
[2026-05-12 17:00:30]   [additional_pdf/transport] 164850 bytes, parsing PDF
[2026-05-12 17:00:30]   [additional_pdf/transport] 7 pages, 16906 text chars
[2026-05-12 17:00:30]   [additional_pdf/transport] raw text only
[2026-05-12 17:00:30]   [additional_pdf/architecture] fetching ცხრილი დამატ. არქიტექტურის, ურბანისტიკისა და დიზაინის.pdf
[2026-05-12 17:00:30]   [additional_pdf/architecture] 90193 bytes, parsing PDF
[2026-05-12 17:00:30]   [additional_pdf/architecture] 2 pages, 5806 text chars
[2026-05-12 17:00:30]   [additional_pdf/architecture] structured: 18 logical rows -> 15 lectures
[2026-05-12 17:00:30]   [additional_pdf/law] fetching სამართლისა და საერტაშორისო ურთ.დამატებითი ცხრილი_17_04_2026.pdf
[2026-05-12 17:00:31]   [additional_pdf/law] 284550 bytes, parsing PDF
[2026-05-12 17:00:31]   [additional_pdf/law] 9 pages, 16229 text chars
[2026-05-12 17:00:31]   [additional_pdf/law] raw text only
[2026-05-12 17:00:31]   [additional_pdf/ims] fetching იმს დამატებითი სასწავლო კურსების ცხრილი 2025-2026 II სემესტრი 9_05_2026.pdf
[2026-05-12 17:00:32]   [additional_pdf/ims] 205716 bytes, parsing PDF
[2026-05-12 17:00:32]   [additional_pdf/ims] 10 pages, 29623 text chars
[2026-05-12 17:00:32]   [additional_pdf/ims] structured: 141 logical rows -> 132 lectures
[2026-05-12 17:00:32]   [additional_pdf/business] fetching ბიზნესტექნოლოგიები_დამატებითი_17_04_2026.pdf
[2026-05-12 17:00:33]   [additional_pdf/business] 114955 bytes, parsing PDF
[2026-05-12 17:00:33]   [additional_pdf/business] 4 pages, 12300 text chars
[2026-05-12 17:00:33]   [additional_pdf/business] structured: 37 logical rows -> 19 lectures
[2026-05-12 17:00:33]   [additional_pdf/social] fetching დამატებიი ცხრილი სოციალურ მეცნიერებათა ფაკულტეტი 23_04-2026.pdf
[2026-05-12 17:00:33]   [additional_pdf/social] 87905 bytes, parsing PDF
[2026-05-12 17:00:33]   [additional_pdf/social] 2 pages, 3033 text chars
[2026-05-12 17:00:33]   [additional_pdf/social] raw text only
[2026-05-12 17:00:33] additional_pdf: stored 10, failed 0
[2026-05-12 17:00:33] midterm_pdf: no PDFs
[2026-05-12 17:00:33] done in 31.84s
[2026-05-12 22:00:01] fetching homepage
[2026-05-12 22:00:02] discovered 12 links across 2 sections
[2026-05-12 22:00:02] teachers_html: 2 unique source(s)
[2026-05-12 22:00:03]   [http://leqtori.gtu.ge:9000/public/teachers_2025_2026_2_8_.html] fetching
[2026-05-12 22:00:04]   fetched 7863393 bytes
[2026-05-12 22:00:07]   parsed 10198 lectures from VIII კვირის სასწავლო ცხრილი
[2026-05-12 22:00:22]   stored 10198 (deduped 0) into lecture
[2026-05-12 22:00:22]   [http://leqtori.gtu.ge:9000/public/prof_teachers.html] fetching
[2026-05-12 22:00:23]   fetched 111363 bytes
[2026-05-12 22:00:23]   parsed 52 lectures from VIII კვირის სასწავლო ცხრილი
[2026-05-12 22:00:23]   stored 52 (deduped 0) into lecture
[2026-05-12 22:00:23] teachers totals: 1679 teachers, 4556 subjects, 10250 lectures
[2026-05-12 22:00:23] additional_pdf: 10 PDF(s) to fetch
[2026-05-12 22:00:23]   [additional_pdf/construction] fetching დამატ. ცხრ. -25-26 2 21.04.26 სამშენებლო.pdf
[2026-05-12 22:00:23]   [additional_pdf/construction] 307648 bytes, parsing PDF
[2026-05-12 22:00:23]   [additional_pdf/construction] 14 pages, 52664 text chars
[2026-05-12 22:00:24]   [additional_pdf/construction] structured: 195 logical rows -> 185 lectures
[2026-05-12 22:00:24]   [additional_pdf/power] fetching ენერგ ფაკ. დამატებითი_2025_2026_II_07_04_2026).pdf
[2026-05-12 22:00:25]   [additional_pdf/power] 71228 bytes, parsing PDF
[2026-05-12 22:00:25]   [additional_pdf/power] 2 pages, 6454 text chars
[2026-05-12 22:00:25]   [additional_pdf/power] raw text only
[2026-05-12 22:00:25]   [additional_pdf/mining] fetching სამთო-გეოლოგიური და მთის მდგრადი განვითარების ფაკულტეტი.pdf
[2026-05-12 22:00:25]   [additional_pdf/mining] 51893 bytes, parsing PDF
[2026-05-12 22:00:25]   [additional_pdf/mining] 1 pages, 2197 text chars
[2026-05-12 22:00:25]   [additional_pdf/mining] structured: 9 logical rows -> 8 lectures
[2026-05-12 22:00:25]   [additional_pdf/agrarian] fetching 2025-2026 II აგრარული დამატებითი_16_04_2026.pdf
[2026-05-12 22:00:26]   [additional_pdf/agrarian] 130098 bytes, parsing PDF
[2026-05-12 22:00:26]   [additional_pdf/agrarian] 4 pages, 11664 text chars
[2026-05-12 22:00:26]   [additional_pdf/agrarian] structured: 64 logical rows -> 64 lectures
[2026-05-12 22:00:26]   [additional_pdf/transport] fetching 05 დამატებითი ცხრილი . 23.04.2026.pdf
[2026-05-12 22:00:26]   [additional_pdf/transport] 164850 bytes, parsing PDF
[2026-05-12 22:00:27]   [additional_pdf/transport] 7 pages, 16906 text chars
[2026-05-12 22:00:27]   [additional_pdf/transport] raw text only
[2026-05-12 22:00:27]   [additional_pdf/architecture] fetching ცხრილი დამატ. არქიტექტურის, ურბანისტიკისა და დიზაინის.pdf
[2026-05-12 22:00:27]   [additional_pdf/architecture] 90193 bytes, parsing PDF
[2026-05-12 22:00:27]   [additional_pdf/architecture] 2 pages, 5806 text chars
[2026-05-12 22:00:27]   [additional_pdf/architecture] structured: 18 logical rows -> 15 lectures
[2026-05-12 22:00:27]   [additional_pdf/law] fetching სამართლისა და საერტაშორისო ურთ.დამატებითი ცხრილი_17_04_2026.pdf
[2026-05-12 22:00:28]   [additional_pdf/law] 284550 bytes, parsing PDF
[2026-05-12 22:00:28]   [additional_pdf/law] 9 pages, 16229 text chars
[2026-05-12 22:00:28]   [additional_pdf/law] raw text only
[2026-05-12 22:00:28]   [additional_pdf/ims] fetching იმს დამატებითი სასწავლო კურსების ცხრილი 2025-2026 II სემესტრი 9_05_2026.pdf
[2026-05-12 22:00:28]   [additional_pdf/ims] 205716 bytes, parsing PDF
[2026-05-12 22:00:29]   [additional_pdf/ims] 10 pages, 29623 text chars
[2026-05-12 22:00:29]   [additional_pdf/ims] structured: 141 logical rows -> 132 lectures
[2026-05-12 22:00:29]   [additional_pdf/business] fetching ბიზნესტექნოლოგიები_დამატებითი_17_04_2026.pdf
[2026-05-12 22:00:30]   [additional_pdf/business] 114955 bytes, parsing PDF
[2026-05-12 22:00:30]   [additional_pdf/business] 4 pages, 12300 text chars
[2026-05-12 22:00:30]   [additional_pdf/business] structured: 37 logical rows -> 19 lectures
[2026-05-12 22:00:30]   [additional_pdf/social] fetching დამატებიი ცხრილი სოციალურ მეცნიერებათა ფაკულტეტი 23_04-2026.pdf
[2026-05-12 22:00:30]   [additional_pdf/social] 87905 bytes, parsing PDF
[2026-05-12 22:00:30]   [additional_pdf/social] 2 pages, 3033 text chars
[2026-05-12 22:00:30]   [additional_pdf/social] raw text only
[2026-05-12 22:00:30] additional_pdf: stored 10, failed 0
[2026-05-12 22:00:30] midterm_pdf: no PDFs
[2026-05-12 22:00:30] done in 29.14s
[2026-05-13 02:00:01] fetching homepage
[2026-05-13 02:00:03] discovered 12 links across 2 sections
[2026-05-13 02:00:03] teachers_html: 2 unique source(s)
[2026-05-13 02:00:03]   [http://leqtori.gtu.ge:9000/public/teachers_2025_2026_2_8_.html] fetching
[2026-05-13 02:00:05]   fetched 7863393 bytes
[2026-05-13 02:00:15]   parsed 10198 lectures from VIII კვირის სასწავლო ცხრილი
[2026-05-13 02:01:05]   stored 10198 (deduped 0) into lecture
[2026-05-13 02:01:05]   [http://leqtori.gtu.ge:9000/public/prof_teachers.html] fetching
[2026-05-13 02:01:06]   fetched 111363 bytes
[2026-05-13 02:01:06]   parsed 52 lectures from VIII კვირის სასწავლო ცხრილი
[2026-05-13 02:01:06]   stored 52 (deduped 0) into lecture
[2026-05-13 02:01:06] teachers totals: 1679 teachers, 4556 subjects, 10250 lectures
[2026-05-13 02:01:06] additional_pdf: 10 PDF(s) to fetch
[2026-05-13 02:01:06]   [additional_pdf/construction] fetching დამატ. ცხრ. -25-26 2 21.04.26 სამშენებლო.pdf
[2026-05-13 02:01:06]   [additional_pdf/construction] 307648 bytes, parsing PDF
[2026-05-13 02:01:07]   [additional_pdf/construction] 14 pages, 52664 text chars
[2026-05-13 02:01:08]   [additional_pdf/construction] structured: 195 logical rows -> 185 lectures
[2026-05-13 02:01:08]   [additional_pdf/power] fetching ენერგ ფაკ. დამატებითი_2025_2026_II_07_04_2026).pdf
[2026-05-13 02:01:08]   [additional_pdf/power] 71228 bytes, parsing PDF
[2026-05-13 02:01:08]   [additional_pdf/power] 2 pages, 6454 text chars
[2026-05-13 02:01:08]   [additional_pdf/power] raw text only
[2026-05-13 02:01:08]   [additional_pdf/mining] fetching სამთო-გეოლოგიური და მთის მდგრადი განვითარების ფაკულტეტი.pdf
[2026-05-13 02:01:09]   [additional_pdf/mining] 51893 bytes, parsing PDF
[2026-05-13 02:01:09]   [additional_pdf/mining] 1 pages, 2197 text chars
[2026-05-13 02:01:09]   [additional_pdf/mining] structured: 9 logical rows -> 8 lectures
[2026-05-13 02:01:09]   [additional_pdf/agrarian] fetching 2025-2026 II აგრარული დამატებითი_16_04_2026.pdf
[2026-05-13 02:01:09]   [additional_pdf/agrarian] 130098 bytes, parsing PDF
[2026-05-13 02:01:09]   [additional_pdf/agrarian] 4 pages, 11664 text chars
[2026-05-13 02:01:09]   [additional_pdf/agrarian] structured: 64 logical rows -> 64 lectures
[2026-05-13 02:01:09]   [additional_pdf/transport] fetching 05 დამატებითი ცხრილი . 23.04.2026.pdf
[2026-05-13 02:01:10]   [additional_pdf/transport] 164850 bytes, parsing PDF
[2026-05-13 02:01:10]   [additional_pdf/transport] 7 pages, 16906 text chars
[2026-05-13 02:01:10]   [additional_pdf/transport] raw text only
[2026-05-13 02:01:10]   [additional_pdf/architecture] fetching ცხრილი დამატ. არქიტექტურის, ურბანისტიკისა და დიზაინის.pdf
[2026-05-13 02:01:10]   [additional_pdf/architecture] 90193 bytes, parsing PDF
[2026-05-13 02:01:11]   [additional_pdf/architecture] 2 pages, 5806 text chars
[2026-05-13 02:01:11]   [additional_pdf/architecture] structured: 18 logical rows -> 15 lectures
[2026-05-13 02:01:11]   [additional_pdf/law] fetching სამართლისა და საერტაშორისო ურთ.დამატებითი ცხრილი_17_04_2026.pdf
[2026-05-13 02:01:11]   [additional_pdf/law] 284550 bytes, parsing PDF
[2026-05-13 02:01:12]   [additional_pdf/law] 9 pages, 16229 text chars
[2026-05-13 02:01:12]   [additional_pdf/law] raw text only
[2026-05-13 02:01:12]   [additional_pdf/ims] fetching იმს დამატებითი სასწავლო კურსების ცხრილი 2025-2026 II სემესტრი 9_05_2026.pdf
[2026-05-13 02:01:12]   [additional_pdf/ims] 205716 bytes, parsing PDF
[2026-05-13 02:01:12]   [additional_pdf/ims] 10 pages, 29623 text chars
[2026-05-13 02:01:13]   [additional_pdf/ims] structured: 141 logical rows -> 132 lectures
[2026-05-13 02:01:13]   [additional_pdf/business] fetching ბიზნესტექნოლოგიები_დამატებითი_17_04_2026.pdf
[2026-05-13 02:01:13]   [additional_pdf/business] 114955 bytes, parsing PDF
[2026-05-13 02:01:13]   [additional_pdf/business] 4 pages, 12300 text chars
[2026-05-13 02:01:14]   [additional_pdf/business] structured: 37 logical rows -> 19 lectures
[2026-05-13 02:01:14]   [additional_pdf/social] fetching დამატებიი ცხრილი სოციალურ მეცნიერებათა ფაკულტეტი 23_04-2026.pdf
[2026-05-13 02:01:14]   [additional_pdf/social] 87905 bytes, parsing PDF
[2026-05-13 02:01:14]   [additional_pdf/social] 2 pages, 3033 text chars
[2026-05-13 02:01:14]   [additional_pdf/social] raw text only
[2026-05-13 02:01:14] additional_pdf: stored 10, failed 0
[2026-05-13 02:01:14] midterm_pdf: no PDFs
[2026-05-13 02:01:14] done in 72.68s
[2026-05-13 07:00:02] fetching homepage
[2026-05-13 07:00:03] discovered 12 links across 2 sections
[2026-05-13 07:00:03] teachers_html: 2 unique source(s)
[2026-05-13 07:00:05]   [http://leqtori.gtu.ge:9000/public/teachers_2025_2026_2_8_.html] fetching
[2026-05-13 07:00:06]   fetched 7863393 bytes
[2026-05-13 07:00:07]   parsed 10198 lectures from VIII კვირის სასწავლო ცხრილი
[2026-05-13 07:00:25]   stored 10198 (deduped 0) into lecture
[2026-05-13 07:00:25]   [http://leqtori.gtu.ge:9000/public/prof_teachers.html] fetching
[2026-05-13 07:00:25]   fetched 111363 bytes
[2026-05-13 07:00:25]   parsed 52 lectures from VIII კვირის სასწავლო ცხრილი
[2026-05-13 07:00:25]   stored 52 (deduped 0) into lecture
[2026-05-13 07:00:25] teachers totals: 1679 teachers, 4556 subjects, 10250 lectures
[2026-05-13 07:00:25] additional_pdf: 10 PDF(s) to fetch
[2026-05-13 07:00:25]   [additional_pdf/construction] fetching დამატ. ცხრ. -25-26 2 21.04.26 სამშენებლო.pdf
[2026-05-13 07:00:26]   [additional_pdf/construction] 307648 bytes, parsing PDF
[2026-05-13 07:00:26]   [additional_pdf/construction] 14 pages, 52664 text chars
[2026-05-13 07:00:27]   [additional_pdf/construction] structured: 195 logical rows -> 185 lectures
[2026-05-13 07:00:27]   [additional_pdf/power] fetching ენერგ ფაკ. დამატებითი_2025_2026_II_07_04_2026).pdf
[2026-05-13 07:00:27]   [additional_pdf/power] 71228 bytes, parsing PDF
[2026-05-13 07:00:27]   [additional_pdf/power] 2 pages, 6454 text chars
[2026-05-13 07:00:27]   [additional_pdf/power] raw text only
[2026-05-13 07:00:27]   [additional_pdf/mining] fetching სამთო-გეოლოგიური და მთის მდგრადი განვითარების ფაკულტეტი.pdf
[2026-05-13 07:00:28]   [additional_pdf/mining] 51893 bytes, parsing PDF
[2026-05-13 07:00:28]   [additional_pdf/mining] 1 pages, 2197 text chars
[2026-05-13 07:00:28]   [additional_pdf/mining] structured: 9 logical rows -> 8 lectures
[2026-05-13 07:00:28]   [additional_pdf/agrarian] fetching 2025-2026 II აგრარული დამატებითი_16_04_2026.pdf
[2026-05-13 07:00:28]   [additional_pdf/agrarian] 130098 bytes, parsing PDF
[2026-05-13 07:00:28]   [additional_pdf/agrarian] 4 pages, 11664 text chars
[2026-05-13 07:00:28]   [additional_pdf/agrarian] structured: 64 logical rows -> 64 lectures
[2026-05-13 07:00:28]   [additional_pdf/transport] fetching 05 დამატებითი ცხრილი . 23.04.2026.pdf
[2026-05-13 07:00:29]   [additional_pdf/transport] 164850 bytes, parsing PDF
[2026-05-13 07:00:29]   [additional_pdf/transport] 7 pages, 16906 text chars
[2026-05-13 07:00:29]   [additional_pdf/transport] raw text only
[2026-05-13 07:00:29]   [additional_pdf/architecture] fetching ცხრილი დამატ. არქიტექტურის, ურბანისტიკისა და დიზაინის.pdf
[2026-05-13 07:00:29]   [additional_pdf/architecture] 90193 bytes, parsing PDF
[2026-05-13 07:00:29]   [additional_pdf/architecture] 2 pages, 5806 text chars
[2026-05-13 07:00:29]   [additional_pdf/architecture] structured: 18 logical rows -> 15 lectures
[2026-05-13 07:00:29]   [additional_pdf/law] fetching სამართლისა და საერტაშორისო ურთ.დამატებითი ცხრილი_17_04_2026.pdf
[2026-05-13 07:00:30]   [additional_pdf/law] 284550 bytes, parsing PDF
[2026-05-13 07:00:30]   [additional_pdf/law] 9 pages, 16229 text chars
[2026-05-13 07:00:30]   [additional_pdf/law] raw text only
[2026-05-13 07:00:30]   [additional_pdf/ims] fetching იმს დამატებითი სასწავლო კურსების ცხრილი 2025-2026 II სემესტრი 9_05_2026.pdf
[2026-05-13 07:00:31]   [additional_pdf/ims] 205716 bytes, parsing PDF
[2026-05-13 07:00:31]   [additional_pdf/ims] 10 pages, 29623 text chars
[2026-05-13 07:00:32]   [additional_pdf/ims] structured: 141 logical rows -> 132 lectures
[2026-05-13 07:00:32]   [additional_pdf/business] fetching ბიზნესტექნოლოგიები_დამატებითი_17_04_2026.pdf
[2026-05-13 07:00:32]   [additional_pdf/business] 114955 bytes, parsing PDF
[2026-05-13 07:00:32]   [additional_pdf/business] 4 pages, 12300 text chars
[2026-05-13 07:00:32]   [additional_pdf/business] structured: 37 logical rows -> 19 lectures
[2026-05-13 07:00:32]   [additional_pdf/social] fetching დამატებიი ცხრილი სოციალურ მეცნიერებათა ფაკულტეტი 23_04-2026.pdf
[2026-05-13 07:00:33]   [additional_pdf/social] 87905 bytes, parsing PDF
[2026-05-13 07:00:33]   [additional_pdf/social] 2 pages, 3033 text chars
[2026-05-13 07:00:33]   [additional_pdf/social] raw text only
[2026-05-13 07:00:33] additional_pdf: stored 10, failed 0
[2026-05-13 07:00:33] midterm_pdf: no PDFs
[2026-05-13 07:00:33] done in 30.71s
[2026-05-13 12:00:01] fetching homepage
[2026-05-13 12:00:02] discovered 12 links across 2 sections
[2026-05-13 12:00:02] teachers_html: 2 unique source(s)
[2026-05-13 12:00:03]   [http://leqtori.gtu.ge:9000/public/teachers_2025_2026_2_8_.html] fetching
[2026-05-13 12:00:04]   fetched 7863393 bytes
[2026-05-13 12:00:07]   parsed 10198 lectures from VIII კვირის სასწავლო ცხრილი
[2026-05-13 12:00:25]   stored 10198 (deduped 0) into lecture
[2026-05-13 12:00:25]   [http://leqtori.gtu.ge:9000/public/prof_teachers.html] fetching
[2026-05-13 12:00:26]   fetched 111363 bytes
[2026-05-13 12:00:26]   parsed 52 lectures from VIII კვირის სასწავლო ცხრილი
[2026-05-13 12:00:26]   stored 52 (deduped 0) into lecture
[2026-05-13 12:00:26] teachers totals: 1679 teachers, 4556 subjects, 10250 lectures
[2026-05-13 12:00:26] additional_pdf: 10 PDF(s) to fetch
[2026-05-13 12:00:26]   [additional_pdf/construction] fetching დამატ. ცხრ. -25-26 2 21.04.26 სამშენებლო.pdf
[2026-05-13 12:00:26]   [additional_pdf/construction] 307648 bytes, parsing PDF
[2026-05-13 12:00:27]   [additional_pdf/construction] 14 pages, 52664 text chars
[2026-05-13 12:00:28]   [additional_pdf/construction] structured: 195 logical rows -> 185 lectures
[2026-05-13 12:00:28]   [additional_pdf/power] fetching ენერგ ფაკ. დამატებითი_2025_2026_II_07_04_2026).pdf
[2026-05-13 12:00:28]   [additional_pdf/power] 71228 bytes, parsing PDF
[2026-05-13 12:00:28]   [additional_pdf/power] 2 pages, 6454 text chars
[2026-05-13 12:00:28]   [additional_pdf/power] raw text only
[2026-05-13 12:00:28]   [additional_pdf/mining] fetching სამთო-გეოლოგიური და მთის მდგრადი განვითარების ფაკულტეტი.pdf
[2026-05-13 12:00:28]   [additional_pdf/mining] 51893 bytes, parsing PDF
[2026-05-13 12:00:28]   [additional_pdf/mining] 1 pages, 2197 text chars
[2026-05-13 12:00:28]   [additional_pdf/mining] structured: 9 logical rows -> 8 lectures
[2026-05-13 12:00:28]   [additional_pdf/agrarian] fetching 2025-2026 II აგრარული დამატებითი_16_04_2026.pdf
[2026-05-13 12:00:29]   [additional_pdf/agrarian] 130098 bytes, parsing PDF
[2026-05-13 12:00:29]   [additional_pdf/agrarian] 4 pages, 11664 text chars
[2026-05-13 12:00:29]   [additional_pdf/agrarian] structured: 64 logical rows -> 64 lectures
[2026-05-13 12:00:29]   [additional_pdf/transport] fetching 05 დამატებითი ცხრილი . 23.04.2026.pdf
[2026-05-13 12:00:29]   [additional_pdf/transport] 164850 bytes, parsing PDF
[2026-05-13 12:00:29]   [additional_pdf/transport] 7 pages, 16906 text chars
[2026-05-13 12:00:30]   [additional_pdf/transport] raw text only
[2026-05-13 12:00:30]   [additional_pdf/architecture] fetching ცხრილი დამატ. არქიტექტურის, ურბანისტიკისა და დიზაინის.pdf
[2026-05-13 12:00:30]   [additional_pdf/architecture] 90193 bytes, parsing PDF
[2026-05-13 12:00:30]   [additional_pdf/architecture] 2 pages, 5806 text chars
[2026-05-13 12:00:30]   [additional_pdf/architecture] structured: 18 logical rows -> 15 lectures
[2026-05-13 12:00:30]   [additional_pdf/law] fetching სამართლისა და საერტაშორისო ურთ.დამატებითი ცხრილი_17_04_2026.pdf
[2026-05-13 12:00:30]   [additional_pdf/law] 284550 bytes, parsing PDF
[2026-05-13 12:00:31]   [additional_pdf/law] 9 pages, 16229 text chars
[2026-05-13 12:00:31]   [additional_pdf/law] raw text only
[2026-05-13 12:00:31]   [additional_pdf/ims] fetching იმს დამატებითი სასწავლო კურსების ცხრილი 2025-2026 II სემესტრი 9_05_2026.pdf
[2026-05-13 12:00:31]   [additional_pdf/ims] 205716 bytes, parsing PDF
[2026-05-13 12:00:31]   [additional_pdf/ims] 10 pages, 29623 text chars
[2026-05-13 12:00:32]   [additional_pdf/ims] structured: 141 logical rows -> 132 lectures
[2026-05-13 12:00:32]   [additional_pdf/business] fetching ბიზნესტექნოლოგიები_დამატებითი_17_04_2026.pdf
[2026-05-13 12:00:32]   [additional_pdf/business] 114955 bytes, parsing PDF
[2026-05-13 12:00:32]   [additional_pdf/business] 4 pages, 12300 text chars
[2026-05-13 12:00:33]   [additional_pdf/business] structured: 37 logical rows -> 19 lectures
[2026-05-13 12:00:33]   [additional_pdf/social] fetching დამატებიი ცხრილი სოციალურ მეცნიერებათა ფაკულტეტი 23_04-2026.pdf
[2026-05-13 12:00:33]   [additional_pdf/social] 87905 bytes, parsing PDF
[2026-05-13 12:00:33]   [additional_pdf/social] 2 pages, 3033 text chars
[2026-05-13 12:00:33]   [additional_pdf/social] raw text only
[2026-05-13 12:00:33] additional_pdf: stored 10, failed 0
[2026-05-13 12:00:33] midterm_pdf: no PDFs
[2026-05-13 12:00:33] done in 32.05s
[2026-05-13 17:00:02] fetching homepage
[2026-05-13 17:00:03] discovered 12 links across 2 sections
[2026-05-13 17:00:03] teachers_html: 2 unique source(s)
[2026-05-13 17:00:04]   [http://leqtori.gtu.ge:9000/public/teachers_2025_2026_2_8_.html] fetching
[2026-05-13 17:00:05]   fetched 7863393 bytes
[2026-05-13 17:00:07]   parsed 10198 lectures from VIII კვირის სასწავლო ცხრილი
[2026-05-13 17:00:27]   stored 10198 (deduped 0) into lecture
[2026-05-13 17:00:27]   [http://leqtori.gtu.ge:9000/public/prof_teachers.html] fetching
[2026-05-13 17:00:27]   fetched 111363 bytes
[2026-05-13 17:00:27]   parsed 52 lectures from VIII კვირის სასწავლო ცხრილი
[2026-05-13 17:00:27]   stored 52 (deduped 0) into lecture
[2026-05-13 17:00:27] teachers totals: 1679 teachers, 4556 subjects, 10250 lectures
[2026-05-13 17:00:27] additional_pdf: 10 PDF(s) to fetch
[2026-05-13 17:00:27]   [additional_pdf/construction] fetching დამატ. ცხრ. -25-26 2 21.04.26 სამშენებლო.pdf
[2026-05-13 17:00:28]   [additional_pdf/construction] 307648 bytes, parsing PDF
[2026-05-13 17:00:28]   [additional_pdf/construction] 14 pages, 52664 text chars
[2026-05-13 17:00:29]   [additional_pdf/construction] structured: 195 logical rows -> 185 lectures
[2026-05-13 17:00:29]   [additional_pdf/power] fetching ენერგ ფაკ. დამატებითი_2025_2026_II_07_04_2026).pdf
[2026-05-13 17:00:29]   [additional_pdf/power] 71228 bytes, parsing PDF
[2026-05-13 17:00:29]   [additional_pdf/power] 2 pages, 6454 text chars
[2026-05-13 17:00:29]   [additional_pdf/power] raw text only
[2026-05-13 17:00:29]   [additional_pdf/mining] fetching სამთო-გეოლოგიური და მთის მდგრადი განვითარების ფაკულტეტი.pdf
[2026-05-13 17:00:30]   [additional_pdf/mining] 51893 bytes, parsing PDF
[2026-05-13 17:00:30]   [additional_pdf/mining] 1 pages, 2197 text chars
[2026-05-13 17:00:30]   [additional_pdf/mining] structured: 9 logical rows -> 8 lectures
[2026-05-13 17:00:30]   [additional_pdf/agrarian] fetching 2025-2026 II აგრარული დამატებითი_16_04_2026.pdf
[2026-05-13 17:00:30]   [additional_pdf/agrarian] 130098 bytes, parsing PDF
[2026-05-13 17:00:30]   [additional_pdf/agrarian] 4 pages, 11664 text chars
[2026-05-13 17:00:30]   [additional_pdf/agrarian] structured: 64 logical rows -> 64 lectures
[2026-05-13 17:00:30]   [additional_pdf/transport] fetching 05 დამატებითი ცხრილი . 23.04.2026.pdf
[2026-05-13 17:00:31]   [additional_pdf/transport] 164850 bytes, parsing PDF
[2026-05-13 17:00:31]   [additional_pdf/transport] 7 pages, 16906 text chars
[2026-05-13 17:00:31]   [additional_pdf/transport] raw text only
[2026-05-13 17:00:31]   [additional_pdf/architecture] fetching ცხრილი დამატ. არქიტექტურის, ურბანისტიკისა და დიზაინის.pdf
[2026-05-13 17:00:31]   [additional_pdf/architecture] 90193 bytes, parsing PDF
[2026-05-13 17:00:31]   [additional_pdf/architecture] 2 pages, 5806 text chars
[2026-05-13 17:00:31]   [additional_pdf/architecture] structured: 18 logical rows -> 15 lectures
[2026-05-13 17:00:31]   [additional_pdf/law] fetching სამართლისა და საერტაშორისო ურთ.დამატებითი ცხრილი_17_04_2026.pdf
[2026-05-13 17:00:32]   [additional_pdf/law] 284550 bytes, parsing PDF
[2026-05-13 17:00:32]   [additional_pdf/law] 9 pages, 16229 text chars
[2026-05-13 17:00:32]   [additional_pdf/law] raw text only
[2026-05-13 17:00:32]   [additional_pdf/ims] fetching იმს დამატებითი სასწავლო კურსების ცხრილი 2025-2026 II სემესტრი 9_05_2026.pdf
[2026-05-13 17:00:33]   [additional_pdf/ims] 205716 bytes, parsing PDF
[2026-05-13 17:00:33]   [additional_pdf/ims] 10 pages, 29623 text chars
[2026-05-13 17:00:34]   [additional_pdf/ims] structured: 141 logical rows -> 132 lectures
[2026-05-13 17:00:34]   [additional_pdf/business] fetching ბიზნესტექნოლოგიები_დამატებითი_17_04_2026.pdf
[2026-05-13 17:00:34]   [additional_pdf/business] 114955 bytes, parsing PDF
[2026-05-13 17:00:34]   [additional_pdf/business] 4 pages, 12300 text chars
[2026-05-13 17:00:34]   [additional_pdf/business] structured: 37 logical rows -> 19 lectures
[2026-05-13 17:00:34]   [additional_pdf/social] fetching დამატებიი ცხრილი სოციალურ მეცნიერებათა ფაკულტეტი 23_04-2026.pdf
[2026-05-13 17:00:35]   [additional_pdf/social] 87905 bytes, parsing PDF
[2026-05-13 17:00:35]   [additional_pdf/social] 2 pages, 3033 text chars
[2026-05-13 17:00:35]   [additional_pdf/social] raw text only
[2026-05-13 17:00:35] additional_pdf: stored 10, failed 0
[2026-05-13 17:00:35] midterm_pdf: no PDFs
[2026-05-13 17:00:35] done in 32.44s
[2026-05-13 22:00:02] fetching homepage
[2026-05-13 22:00:03] discovered 12 links across 2 sections
[2026-05-13 22:00:03] teachers_html: 2 unique source(s)
[2026-05-13 22:00:04]   [http://leqtori.gtu.ge:9000/public/teachers_2025_2026_2_8_.html] fetching
[2026-05-13 22:00:05]   fetched 7863393 bytes
[2026-05-13 22:00:07]   parsed 10198 lectures from VIII კვირის სასწავლო ცხრილი
[2026-05-13 22:00:26]   stored 10198 (deduped 0) into lecture
[2026-05-13 22:00:26]   [http://leqtori.gtu.ge:9000/public/prof_teachers.html] fetching
[2026-05-13 22:00:27]   fetched 111363 bytes
[2026-05-13 22:00:27]   parsed 52 lectures from VIII კვირის სასწავლო ცხრილი
[2026-05-13 22:00:27]   stored 52 (deduped 0) into lecture
[2026-05-13 22:00:27] teachers totals: 1679 teachers, 4556 subjects, 10250 lectures
[2026-05-13 22:00:27] additional_pdf: 10 PDF(s) to fetch
[2026-05-13 22:00:27]   [additional_pdf/construction] fetching დამატ. ცხრ. -25-26 2 21.04.26 სამშენებლო.pdf
[2026-05-13 22:00:28]   [additional_pdf/construction] 307648 bytes, parsing PDF
[2026-05-13 22:00:28]   [additional_pdf/construction] 14 pages, 52664 text chars
[2026-05-13 22:00:29]   [additional_pdf/construction] structured: 195 logical rows -> 185 lectures
[2026-05-13 22:00:29]   [additional_pdf/power] fetching ენერგ ფაკ. დამატებითი_2025_2026_II_07_04_2026).pdf
[2026-05-13 22:00:29]   [additional_pdf/power] 71228 bytes, parsing PDF
[2026-05-13 22:00:29]   [additional_pdf/power] 2 pages, 6454 text chars
[2026-05-13 22:00:29]   [additional_pdf/power] raw text only
[2026-05-13 22:00:29]   [additional_pdf/mining] fetching სამთო-გეოლოგიური და მთის მდგრადი განვითარების ფაკულტეტი.pdf
[2026-05-13 22:00:29]   [additional_pdf/mining] 51893 bytes, parsing PDF
[2026-05-13 22:00:29]   [additional_pdf/mining] 1 pages, 2197 text chars
[2026-05-13 22:00:29]   [additional_pdf/mining] structured: 9 logical rows -> 8 lectures
[2026-05-13 22:00:29]   [additional_pdf/agrarian] fetching 2025-2026 II აგრარული დამატებითი_16_04_2026.pdf
[2026-05-13 22:00:30]   [additional_pdf/agrarian] 130098 bytes, parsing PDF
[2026-05-13 22:00:30]   [additional_pdf/agrarian] 4 pages, 11664 text chars
[2026-05-13 22:00:30]   [additional_pdf/agrarian] structured: 64 logical rows -> 64 lectures
[2026-05-13 22:00:30]   [additional_pdf/transport] fetching 05 დამატებითი ცხრილი . 23.04.2026.pdf
[2026-05-13 22:00:30]   [additional_pdf/transport] 164850 bytes, parsing PDF
[2026-05-13 22:00:31]   [additional_pdf/transport] 7 pages, 16906 text chars
[2026-05-13 22:00:31]   [additional_pdf/transport] raw text only
[2026-05-13 22:00:31]   [additional_pdf/architecture] fetching ცხრილი დამატ. არქიტექტურის, ურბანისტიკისა და დიზაინის.pdf
[2026-05-13 22:00:31]   [additional_pdf/architecture] 90193 bytes, parsing PDF
[2026-05-13 22:00:31]   [additional_pdf/architecture] 2 pages, 5806 text chars
[2026-05-13 22:00:31]   [additional_pdf/architecture] structured: 18 logical rows -> 15 lectures
[2026-05-13 22:00:31]   [additional_pdf/law] fetching სამართლისა და საერტაშორისო ურთ.დამატებითი ცხრილი_17_04_2026.pdf
[2026-05-13 22:00:32]   [additional_pdf/law] 284550 bytes, parsing PDF
[2026-05-13 22:00:32]   [additional_pdf/law] 9 pages, 16229 text chars
[2026-05-13 22:00:32]   [additional_pdf/law] raw text only
[2026-05-13 22:00:32]   [additional_pdf/ims] fetching იმს დამატებითი სასწავლო კურსების ცხრილი 2025-2026 II სემესტრი 9_05_2026.pdf
[2026-05-13 22:00:32]   [additional_pdf/ims] 205716 bytes, parsing PDF
[2026-05-13 22:00:33]   [additional_pdf/ims] 10 pages, 29623 text chars
[2026-05-13 22:00:33]   [additional_pdf/ims] structured: 141 logical rows -> 132 lectures
[2026-05-13 22:00:33]   [additional_pdf/business] fetching ბიზნესტექნოლოგიები_დამატებითი_17_04_2026.pdf
[2026-05-13 22:00:34]   [additional_pdf/business] 114955 bytes, parsing PDF
[2026-05-13 22:00:34]   [additional_pdf/business] 4 pages, 12300 text chars
[2026-05-13 22:00:34]   [additional_pdf/business] structured: 37 logical rows -> 19 lectures
[2026-05-13 22:00:34]   [additional_pdf/social] fetching დამატებიი ცხრილი სოციალურ მეცნიერებათა ფაკულტეტი 23_04-2026.pdf
[2026-05-13 22:00:34]   [additional_pdf/social] 87905 bytes, parsing PDF
[2026-05-13 22:00:34]   [additional_pdf/social] 2 pages, 3033 text chars
[2026-05-13 22:00:34]   [additional_pdf/social] raw text only
[2026-05-13 22:00:34] additional_pdf: stored 10, failed 0
[2026-05-13 22:00:34] midterm_pdf: no PDFs
[2026-05-13 22:00:34] done in 32.04s
[2026-05-14 02:00:01] fetching homepage
[2026-05-14 02:00:03] discovered 12 links across 2 sections
[2026-05-14 02:00:03] teachers_html: 2 unique source(s)
[2026-05-14 02:00:04]   [http://leqtori.gtu.ge:9000/public/teachers_2025_2026_2_8_.html] fetching
[2026-05-14 02:00:05]   fetched 7863393 bytes
[2026-05-14 02:00:08]   parsed 10198 lectures from VIII კვირის სასწავლო ცხრილი
[2026-05-14 02:00:59]   stored 10198 (deduped 0) into lecture
[2026-05-14 02:00:59]   [http://leqtori.gtu.ge:9000/public/prof_teachers.html] fetching
[2026-05-14 02:01:00]   fetched 111363 bytes
[2026-05-14 02:01:00]   parsed 52 lectures from VIII კვირის სასწავლო ცხრილი
[2026-05-14 02:01:00]   stored 52 (deduped 0) into lecture
[2026-05-14 02:01:00] teachers totals: 1679 teachers, 4556 subjects, 10250 lectures
[2026-05-14 02:01:00] additional_pdf: 10 PDF(s) to fetch
[2026-05-14 02:01:00]   [additional_pdf/construction] fetching დამატ. ცხრ. -25-26 2 21.04.26 სამშენებლო.pdf
[2026-05-14 02:01:01]   [additional_pdf/construction] 307648 bytes, parsing PDF
[2026-05-14 02:01:01]   [additional_pdf/construction] 14 pages, 52664 text chars
[2026-05-14 02:01:02]   [additional_pdf/construction] structured: 195 logical rows -> 185 lectures
[2026-05-14 02:01:02]   [additional_pdf/power] fetching ენერგ ფაკ. დამატებითი_2025_2026_II_07_04_2026).pdf
[2026-05-14 02:01:03]   [additional_pdf/power] 71228 bytes, parsing PDF
[2026-05-14 02:01:03]   [additional_pdf/power] 2 pages, 6454 text chars
[2026-05-14 02:01:03]   [additional_pdf/power] raw text only
[2026-05-14 02:01:03]   [additional_pdf/mining] fetching სამთო-გეოლოგიური და მთის მდგრადი განვითარების ფაკულტეტი.pdf
[2026-05-14 02:01:03]   [additional_pdf/mining] 51893 bytes, parsing PDF
[2026-05-14 02:01:03]   [additional_pdf/mining] 1 pages, 2197 text chars
[2026-05-14 02:01:04]   [additional_pdf/mining] structured: 9 logical rows -> 8 lectures
[2026-05-14 02:01:04]   [additional_pdf/agrarian] fetching 2025-2026 II აგრარული დამატებითი_16_04_2026.pdf
[2026-05-14 02:01:04]   [additional_pdf/agrarian] 130098 bytes, parsing PDF
[2026-05-14 02:01:04]   [additional_pdf/agrarian] 4 pages, 11664 text chars
[2026-05-14 02:01:04]   [additional_pdf/agrarian] structured: 64 logical rows -> 64 lectures
[2026-05-14 02:01:04]   [additional_pdf/transport] fetching 05 დამატებითი ცხრილი . 23.04.2026.pdf
[2026-05-14 02:01:05]   [additional_pdf/transport] 164850 bytes, parsing PDF
[2026-05-14 02:01:05]   [additional_pdf/transport] 7 pages, 16906 text chars
[2026-05-14 02:01:05]   [additional_pdf/transport] raw text only
[2026-05-14 02:01:05]   [additional_pdf/architecture] fetching ცხრილი დამატ. არქიტექტურის, ურბანისტიკისა და დიზაინის.pdf
[2026-05-14 02:01:05]   [additional_pdf/architecture] 90193 bytes, parsing PDF
[2026-05-14 02:01:05]   [additional_pdf/architecture] 2 pages, 5806 text chars
[2026-05-14 02:01:05]   [additional_pdf/architecture] structured: 18 logical rows -> 15 lectures
[2026-05-14 02:01:05]   [additional_pdf/law] fetching სამართლისა და საერტაშორისო ურთ.დამატებითი ცხრილი_17_04_2026.pdf
[2026-05-14 02:01:06]   [additional_pdf/law] 284550 bytes, parsing PDF
[2026-05-14 02:01:06]   [additional_pdf/law] 9 pages, 16229 text chars
[2026-05-14 02:01:06]   [additional_pdf/law] raw text only
[2026-05-14 02:01:06]   [additional_pdf/ims] fetching იმს დამატებითი სასწავლო კურსების ცხრილი 2025-2026 II სემესტრი 9_05_2026.pdf
[2026-05-14 02:01:07]   [additional_pdf/ims] 205716 bytes, parsing PDF
[2026-05-14 02:01:07]   [additional_pdf/ims] 10 pages, 29623 text chars
[2026-05-14 02:01:08]   [additional_pdf/ims] structured: 141 logical rows -> 132 lectures
[2026-05-14 02:01:08]   [additional_pdf/business] fetching ბიზნესტექნოლოგიები_დამატებითი_17_04_2026.pdf
[2026-05-14 02:01:08]   [additional_pdf/business] 114955 bytes, parsing PDF
[2026-05-14 02:01:08]   [additional_pdf/business] 4 pages, 12300 text chars
[2026-05-14 02:01:08]   [additional_pdf/business] structured: 37 logical rows -> 19 lectures
[2026-05-14 02:01:08]   [additional_pdf/social] fetching დამატებიი ცხრილი სოციალურ მეცნიერებათა ფაკულტეტი 23_04-2026.pdf
[2026-05-14 02:01:09]   [additional_pdf/social] 87905 bytes, parsing PDF
[2026-05-14 02:01:09]   [additional_pdf/social] 2 pages, 3033 text chars
[2026-05-14 02:01:09]   [additional_pdf/social] raw text only
[2026-05-14 02:01:09] additional_pdf: stored 10, failed 0
[2026-05-14 02:01:09] midterm_pdf: no PDFs
[2026-05-14 02:01:09] done in 67.86s
[2026-05-14 07:00:01] fetching homepage
[2026-05-14 07:00:02] discovered 12 links across 2 sections
[2026-05-14 07:00:02] teachers_html: 2 unique source(s)
[2026-05-14 07:00:03]   [http://leqtori.gtu.ge:9000/public/teachers_2025_2026_2_8_.html] fetching
[2026-05-14 07:00:04]   fetched 7863393 bytes
[2026-05-14 07:00:06]   parsed 10198 lectures from VIII კვირის სასწავლო ცხრილი
[2026-05-14 07:00:24]   stored 10198 (deduped 0) into lecture
[2026-05-14 07:00:24]   [http://leqtori.gtu.ge:9000/public/prof_teachers.html] fetching
[2026-05-14 07:00:25]   fetched 111363 bytes
[2026-05-14 07:00:25]   parsed 52 lectures from VIII კვირის სასწავლო ცხრილი
[2026-05-14 07:00:25]   stored 52 (deduped 0) into lecture
[2026-05-14 07:00:25] teachers totals: 1679 teachers, 4556 subjects, 10250 lectures
[2026-05-14 07:00:25] additional_pdf: 10 PDF(s) to fetch
[2026-05-14 07:00:25]   [additional_pdf/construction] fetching დამატ. ცხრ. -25-26 2 21.04.26 სამშენებლო.pdf
[2026-05-14 07:00:25]   [additional_pdf/construction] 307648 bytes, parsing PDF
[2026-05-14 07:00:26]   [additional_pdf/construction] 14 pages, 52664 text chars
[2026-05-14 07:00:27]   [additional_pdf/construction] structured: 195 logical rows -> 185 lectures
[2026-05-14 07:00:27]   [additional_pdf/power] fetching ენერგ ფაკ. დამატებითი_2025_2026_II_07_04_2026).pdf
[2026-05-14 07:00:27]   [additional_pdf/power] 71228 bytes, parsing PDF
[2026-05-14 07:00:27]   [additional_pdf/power] 2 pages, 6454 text chars
[2026-05-14 07:00:27]   [additional_pdf/power] raw text only
[2026-05-14 07:00:27]   [additional_pdf/mining] fetching სამთო-გეოლოგიური და მთის მდგრადი განვითარების ფაკულტეტი.pdf
[2026-05-14 07:00:27]   [additional_pdf/mining] 51893 bytes, parsing PDF
[2026-05-14 07:00:27]   [additional_pdf/mining] 1 pages, 2197 text chars
[2026-05-14 07:00:27]   [additional_pdf/mining] structured: 9 logical rows -> 8 lectures
[2026-05-14 07:00:27]   [additional_pdf/agrarian] fetching 2025-2026 II აგრარული დამატებითი_16_04_2026.pdf
[2026-05-14 07:00:28]   [additional_pdf/agrarian] 130098 bytes, parsing PDF
[2026-05-14 07:00:28]   [additional_pdf/agrarian] 4 pages, 11664 text chars
[2026-05-14 07:00:28]   [additional_pdf/agrarian] structured: 64 logical rows -> 64 lectures
[2026-05-14 07:00:28]   [additional_pdf/transport] fetching 05 დამატებითი ცხრილი . 23.04.2026.pdf
[2026-05-14 07:00:28]   [additional_pdf/transport] 164850 bytes, parsing PDF
[2026-05-14 07:00:29]   [additional_pdf/transport] 7 pages, 16906 text chars
[2026-05-14 07:00:29]   [additional_pdf/transport] raw text only
[2026-05-14 07:00:29]   [additional_pdf/architecture] fetching ცხრილი დამატ. არქიტექტურის, ურბანისტიკისა და დიზაინის.pdf
[2026-05-14 07:00:29]   [additional_pdf/architecture] 90193 bytes, parsing PDF
[2026-05-14 07:00:29]   [additional_pdf/architecture] 2 pages, 5806 text chars
[2026-05-14 07:00:29]   [additional_pdf/architecture] structured: 18 logical rows -> 15 lectures
[2026-05-14 07:00:29]   [additional_pdf/law] fetching სამართლისა და საერტაშორისო ურთ.დამატებითი ცხრილი_17_04_2026.pdf
[2026-05-14 07:00:30]   [additional_pdf/law] 284550 bytes, parsing PDF
[2026-05-14 07:00:30]   [additional_pdf/law] 9 pages, 16229 text chars
[2026-05-14 07:00:30]   [additional_pdf/law] raw text only
[2026-05-14 07:00:30]   [additional_pdf/ims] fetching იმს დამატებითი სასწავლო კურსების ცხრილი 2025-2026 II სემესტრი 9_05_2026.pdf
[2026-05-14 07:00:30]   [additional_pdf/ims] 205716 bytes, parsing PDF
[2026-05-14 07:00:31]   [additional_pdf/ims] 10 pages, 29623 text chars
[2026-05-14 07:00:31]   [additional_pdf/ims] structured: 141 logical rows -> 132 lectures
[2026-05-14 07:00:31]   [additional_pdf/business] fetching ბიზნესტექნოლოგიები_დამატებითი_17_04_2026.pdf
[2026-05-14 07:00:32]   [additional_pdf/business] 114955 bytes, parsing PDF
[2026-05-14 07:00:32]   [additional_pdf/business] 4 pages, 12300 text chars
[2026-05-14 07:00:32]   [additional_pdf/business] structured: 37 logical rows -> 19 lectures
[2026-05-14 07:00:32]   [additional_pdf/social] fetching დამატებიი ცხრილი სოციალურ მეცნიერებათა ფაკულტეტი 23_04-2026.pdf
[2026-05-14 07:00:32]   [additional_pdf/social] 87905 bytes, parsing PDF
[2026-05-14 07:00:32]   [additional_pdf/social] 2 pages, 3033 text chars
[2026-05-14 07:00:32]   [additional_pdf/social] raw text only
[2026-05-14 07:00:32] additional_pdf: stored 10, failed 0
[2026-05-14 07:00:32] midterm_pdf: no PDFs
[2026-05-14 07:00:32] done in 31.57s
[2026-05-14 12:00:01] fetching homepage
[2026-05-14 12:00:02] discovered 12 links across 2 sections
[2026-05-14 12:00:02] teachers_html: 2 unique source(s)
[2026-05-14 12:00:03]   [http://leqtori.gtu.ge:9000/public/teachers_2025_2026_2_8_.html] fetching
[2026-05-14 12:00:04]   fetched 7863393 bytes
[2026-05-14 12:00:06]   parsed 10198 lectures from VIII კვირის სასწავლო ცხრილი
[2026-05-14 12:00:25]   stored 10198 (deduped 0) into lecture
[2026-05-14 12:00:25]   [http://leqtori.gtu.ge:9000/public/prof_teachers.html] fetching
[2026-05-14 12:00:25]   fetched 111363 bytes
[2026-05-14 12:00:25]   parsed 52 lectures from VIII კვირის სასწავლო ცხრილი
[2026-05-14 12:00:25]   stored 52 (deduped 0) into lecture
[2026-05-14 12:00:25] teachers totals: 1679 teachers, 4556 subjects, 10250 lectures
[2026-05-14 12:00:25] additional_pdf: 10 PDF(s) to fetch
[2026-05-14 12:00:25]   [additional_pdf/construction] fetching დამატ. ცხრ. -25-26 2 21.04.26 სამშენებლო.pdf
[2026-05-14 12:00:26]   [additional_pdf/construction] 307648 bytes, parsing PDF
[2026-05-14 12:00:26]   [additional_pdf/construction] 14 pages, 52664 text chars
[2026-05-14 12:00:27]   [additional_pdf/construction] structured: 195 logical rows -> 185 lectures
[2026-05-14 12:00:27]   [additional_pdf/power] fetching ენერგ ფაკ. დამატებითი_2025_2026_II_07_04_2026).pdf
[2026-05-14 12:00:27]   [additional_pdf/power] 71228 bytes, parsing PDF
[2026-05-14 12:00:27]   [additional_pdf/power] 2 pages, 6454 text chars
[2026-05-14 12:00:27]   [additional_pdf/power] raw text only
[2026-05-14 12:00:27]   [additional_pdf/mining] fetching სამთო-გეოლოგიური და მთის მდგრადი განვითარების ფაკულტეტი.pdf
[2026-05-14 12:00:28]   [additional_pdf/mining] 51893 bytes, parsing PDF
[2026-05-14 12:00:28]   [additional_pdf/mining] 1 pages, 2197 text chars
[2026-05-14 12:00:28]   [additional_pdf/mining] structured: 9 logical rows -> 8 lectures
[2026-05-14 12:00:28]   [additional_pdf/agrarian] fetching 2025-2026 II აგრარული დამატებითი_16_04_2026.pdf
[2026-05-14 12:00:28]   [additional_pdf/agrarian] 130098 bytes, parsing PDF
[2026-05-14 12:00:28]   [additional_pdf/agrarian] 4 pages, 11664 text chars
[2026-05-14 12:00:28]   [additional_pdf/agrarian] structured: 64 logical rows -> 64 lectures
[2026-05-14 12:00:28]   [additional_pdf/transport] fetching 05 დამატებითი ცხრილი . 23.04.2026.pdf
[2026-05-14 12:00:29]   [additional_pdf/transport] 164850 bytes, parsing PDF
[2026-05-14 12:00:29]   [additional_pdf/transport] 7 pages, 16906 text chars
[2026-05-14 12:00:29]   [additional_pdf/transport] raw text only
[2026-05-14 12:00:29]   [additional_pdf/architecture] fetching ცხრილი დამატ. არქიტექტურის, ურბანისტიკისა და დიზაინის.pdf
[2026-05-14 12:00:29]   [additional_pdf/architecture] 90193 bytes, parsing PDF
[2026-05-14 12:00:29]   [additional_pdf/architecture] 2 pages, 5806 text chars
[2026-05-14 12:00:29]   [additional_pdf/architecture] structured: 18 logical rows -> 15 lectures
[2026-05-14 12:00:29]   [additional_pdf/law] fetching სამართლისა და საერტაშორისო ურთ.დამატებითი ცხრილი_17_04_2026.pdf
[2026-05-14 12:00:30]   [additional_pdf/law] 284550 bytes, parsing PDF
[2026-05-14 12:00:30]   [additional_pdf/law] 9 pages, 16229 text chars
[2026-05-14 12:00:30]   [additional_pdf/law] raw text only
[2026-05-14 12:00:30]   [additional_pdf/ims] fetching იმს დამატებითი სასწავლო კურსების ცხრილი 2025-2026 II სემესტრი 9_05_2026.pdf
[2026-05-14 12:00:31]   [additional_pdf/ims] 205716 bytes, parsing PDF
[2026-05-14 12:00:31]   [additional_pdf/ims] 10 pages, 29623 text chars
[2026-05-14 12:00:32]   [additional_pdf/ims] structured: 141 logical rows -> 132 lectures
[2026-05-14 12:00:32]   [additional_pdf/business] fetching ბიზნესტექნოლოგიები_დამატებითი_17_04_2026.pdf
[2026-05-14 12:00:32]   [additional_pdf/business] 114955 bytes, parsing PDF
[2026-05-14 12:00:32]   [additional_pdf/business] 4 pages, 12300 text chars
[2026-05-14 12:00:32]   [additional_pdf/business] structured: 37 logical rows -> 19 lectures
[2026-05-14 12:00:32]   [additional_pdf/social] fetching დამატებიი ცხრილი სოციალურ მეცნიერებათა ფაკულტეტი 23_04-2026.pdf
[2026-05-14 12:00:33]   [additional_pdf/social] 87905 bytes, parsing PDF
[2026-05-14 12:00:33]   [additional_pdf/social] 2 pages, 3033 text chars
[2026-05-14 12:00:33]   [additional_pdf/social] raw text only
[2026-05-14 12:00:33] additional_pdf: stored 10, failed 0
[2026-05-14 12:00:33] midterm_pdf: no PDFs
[2026-05-14 12:00:33] done in 31.92s
[2026-05-14 17:00:01] fetching homepage
[2026-05-14 17:00:02] discovered 12 links across 2 sections
[2026-05-14 17:00:02] teachers_html: 2 unique source(s)
[2026-05-14 17:00:02]   [http://leqtori.gtu.ge:9000/public/teachers_2025_2026_2_8_.html] fetching
[2026-05-14 17:00:04]   fetched 7863393 bytes
[2026-05-14 17:00:07]   parsed 10198 lectures from VIII კვირის სასწავლო ცხრილი
[2026-05-14 17:00:24]   stored 10198 (deduped 0) into lecture
[2026-05-14 17:00:24]   [http://leqtori.gtu.ge:9000/public/prof_teachers.html] fetching
[2026-05-14 17:00:25]   fetched 111363 bytes
[2026-05-14 17:00:25]   parsed 52 lectures from VIII კვირის სასწავლო ცხრილი
[2026-05-14 17:00:25]   stored 52 (deduped 0) into lecture
[2026-05-14 17:00:25] teachers totals: 1679 teachers, 4556 subjects, 10250 lectures
[2026-05-14 17:00:25] additional_pdf: 10 PDF(s) to fetch
[2026-05-14 17:00:25]   [additional_pdf/construction] fetching დამატ. ცხრ. -25-26 2 21.04.26 სამშენებლო.pdf
[2026-05-14 17:00:25]   [additional_pdf/construction] 307648 bytes, parsing PDF
[2026-05-14 17:00:26]   [additional_pdf/construction] 14 pages, 52664 text chars
[2026-05-14 17:00:26]   [additional_pdf/construction] structured: 195 logical rows -> 185 lectures
[2026-05-14 17:00:26]   [additional_pdf/power] fetching ენერგ ფაკ. დამატებითი_2025_2026_II_07_04_2026).pdf
[2026-05-14 17:00:27]   [additional_pdf/power] 71228 bytes, parsing PDF
[2026-05-14 17:00:27]   [additional_pdf/power] 2 pages, 6454 text chars
[2026-05-14 17:00:27]   [additional_pdf/power] raw text only
[2026-05-14 17:00:27]   [additional_pdf/mining] fetching სამთო-გეოლოგიური და მთის მდგრადი განვითარების ფაკულტეტი.pdf
[2026-05-14 17:00:27]   [additional_pdf/mining] 51893 bytes, parsing PDF
[2026-05-14 17:00:27]   [additional_pdf/mining] 1 pages, 2197 text chars
[2026-05-14 17:00:27]   [additional_pdf/mining] structured: 9 logical rows -> 8 lectures
[2026-05-14 17:00:27]   [additional_pdf/agrarian] fetching 2025-2026 II აგრარული დამატებითი_16_04_2026.pdf
[2026-05-14 17:00:28]   [additional_pdf/agrarian] 130098 bytes, parsing PDF
[2026-05-14 17:00:28]   [additional_pdf/agrarian] 4 pages, 11664 text chars
[2026-05-14 17:00:28]   [additional_pdf/agrarian] structured: 64 logical rows -> 64 lectures
[2026-05-14 17:00:28]   [additional_pdf/transport] fetching 05 დამატებითი ცხრილი . 23.04.2026.pdf
[2026-05-14 17:00:28]   [additional_pdf/transport] 164850 bytes, parsing PDF
[2026-05-14 17:00:28]   [additional_pdf/transport] 7 pages, 16906 text chars
[2026-05-14 17:00:28]   [additional_pdf/transport] raw text only
[2026-05-14 17:00:28]   [additional_pdf/architecture] fetching ცხრილი დამატ. არქიტექტურის, ურბანისტიკისა და დიზაინის.pdf
[2026-05-14 17:00:29]   [additional_pdf/architecture] 90193 bytes, parsing PDF
[2026-05-14 17:00:29]   [additional_pdf/architecture] 2 pages, 5806 text chars
[2026-05-14 17:00:29]   [additional_pdf/architecture] structured: 18 logical rows -> 15 lectures
[2026-05-14 17:00:29]   [additional_pdf/law] fetching სამართლისა და საერტაშორისო ურთ.დამატებითი ცხრილი_17_04_2026.pdf
[2026-05-14 17:00:29]   [additional_pdf/law] 284550 bytes, parsing PDF
[2026-05-14 17:00:30]   [additional_pdf/law] 9 pages, 16229 text chars
[2026-05-14 17:00:30]   [additional_pdf/law] raw text only
[2026-05-14 17:00:30]   [additional_pdf/ims] fetching იმს დამატებითი სასწავლო კურსების ცხრილი 2025-2026 II სემესტრი 9_05_2026.pdf
[2026-05-14 17:00:30]   [additional_pdf/ims] 205716 bytes, parsing PDF
[2026-05-14 17:00:30]   [additional_pdf/ims] 10 pages, 29623 text chars
[2026-05-14 17:00:31]   [additional_pdf/ims] structured: 141 logical rows -> 132 lectures
[2026-05-14 17:00:31]   [additional_pdf/business] fetching ბიზნესტექნოლოგიები_დამატებითი_17_04_2026.pdf
[2026-05-14 17:00:31]   [additional_pdf/business] 114955 bytes, parsing PDF
[2026-05-14 17:00:31]   [additional_pdf/business] 4 pages, 12300 text chars
[2026-05-14 17:00:32]   [additional_pdf/business] structured: 37 logical rows -> 19 lectures
[2026-05-14 17:00:32]   [additional_pdf/social] fetching დამატებიი ცხრილი სოციალურ მეცნიერებათა ფაკულტეტი 23_04-2026.pdf
[2026-05-14 17:00:32]   [additional_pdf/social] 87905 bytes, parsing PDF
[2026-05-14 17:00:32]   [additional_pdf/social] 2 pages, 3033 text chars
[2026-05-14 17:00:32]   [additional_pdf/social] raw text only
[2026-05-14 17:00:32] additional_pdf: stored 10, failed 0
[2026-05-14 17:00:32] midterm_pdf: no PDFs
[2026-05-14 17:00:32] done in 31.09s
[2026-05-14 22:00:01] fetching homepage
[2026-05-14 22:00:02] discovered 12 links across 2 sections
[2026-05-14 22:00:02] teachers_html: 2 unique source(s)
[2026-05-14 22:00:03]   [http://leqtori.gtu.ge:9000/public/teachers_2025_2026_2_8_.html] fetching
[2026-05-14 22:00:04]   fetched 7863393 bytes
[2026-05-14 22:00:06]   parsed 10198 lectures from VIII კვირის სასწავლო ცხრილი
[2026-05-14 22:00:24]   stored 10198 (deduped 0) into lecture
[2026-05-14 22:00:24]   [http://leqtori.gtu.ge:9000/public/prof_teachers.html] fetching
[2026-05-14 22:00:24]   fetched 111363 bytes
[2026-05-14 22:00:24]   parsed 52 lectures from VIII კვირის სასწავლო ცხრილი
[2026-05-14 22:00:24]   stored 52 (deduped 0) into lecture
[2026-05-14 22:00:24] teachers totals: 1679 teachers, 4556 subjects, 10250 lectures
[2026-05-14 22:00:24] additional_pdf: 10 PDF(s) to fetch
[2026-05-14 22:00:24]   [additional_pdf/construction] fetching დამატ. ცხრ. -25-26 2 21.04.26 სამშენებლო.pdf
[2026-05-14 22:00:25]   [additional_pdf/construction] 307648 bytes, parsing PDF
[2026-05-14 22:00:25]   [additional_pdf/construction] 14 pages, 52664 text chars
[2026-05-14 22:00:26]   [additional_pdf/construction] structured: 195 logical rows -> 185 lectures
[2026-05-14 22:00:26]   [additional_pdf/power] fetching ენერგ ფაკ. დამატებითი_2025_2026_II_07_04_2026).pdf
[2026-05-14 22:00:26]   [additional_pdf/power] 71228 bytes, parsing PDF
[2026-05-14 22:00:26]   [additional_pdf/power] 2 pages, 6454 text chars
[2026-05-14 22:00:26]   [additional_pdf/power] raw text only
[2026-05-14 22:00:26]   [additional_pdf/mining] fetching სამთო-გეოლოგიური და მთის მდგრადი განვითარების ფაკულტეტი.pdf
[2026-05-14 22:00:26]   [additional_pdf/mining] 51893 bytes, parsing PDF
[2026-05-14 22:00:26]   [additional_pdf/mining] 1 pages, 2197 text chars
[2026-05-14 22:00:26]   [additional_pdf/mining] structured: 9 logical rows -> 8 lectures
[2026-05-14 22:00:26]   [additional_pdf/agrarian] fetching 2025-2026 II აგრარული დამატებითი_16_04_2026.pdf
[2026-05-14 22:00:27]   [additional_pdf/agrarian] 130098 bytes, parsing PDF
[2026-05-14 22:00:27]   [additional_pdf/agrarian] 4 pages, 11664 text chars
[2026-05-14 22:00:27]   [additional_pdf/agrarian] structured: 64 logical rows -> 64 lectures
[2026-05-14 22:00:27]   [additional_pdf/transport] fetching 05 დამატებითი ცხრილი . 23.04.2026.pdf
[2026-05-14 22:00:27]   [additional_pdf/transport] 164850 bytes, parsing PDF
[2026-05-14 22:00:28]   [additional_pdf/transport] 7 pages, 16906 text chars
[2026-05-14 22:00:28]   [additional_pdf/transport] raw text only
[2026-05-14 22:00:28]   [additional_pdf/architecture] fetching ცხრილი დამატ. არქიტექტურის, ურბანისტიკისა და დიზაინის.pdf
[2026-05-14 22:00:28]   [additional_pdf/architecture] 90193 bytes, parsing PDF
[2026-05-14 22:00:28]   [additional_pdf/architecture] 2 pages, 5806 text chars
[2026-05-14 22:00:28]   [additional_pdf/architecture] structured: 18 logical rows -> 15 lectures
[2026-05-14 22:00:28]   [additional_pdf/law] fetching სამართლისა და საერტაშორისო ურთ.დამატებითი ცხრილი_17_04_2026.pdf
[2026-05-14 22:00:29]   [additional_pdf/law] 284550 bytes, parsing PDF
[2026-05-14 22:00:29]   [additional_pdf/law] 9 pages, 16229 text chars
[2026-05-14 22:00:29]   [additional_pdf/law] raw text only
[2026-05-14 22:00:29]   [additional_pdf/ims] fetching იმს დამატებითი სასწავლო კურსების ცხრილი 2025-2026 II სემესტრი 9_05_2026.pdf
[2026-05-14 22:00:29]   [additional_pdf/ims] 205716 bytes, parsing PDF
[2026-05-14 22:00:29]   [additional_pdf/ims] 10 pages, 29623 text chars
[2026-05-14 22:00:30]   [additional_pdf/ims] structured: 141 logical rows -> 132 lectures
[2026-05-14 22:00:30]   [additional_pdf/business] fetching ბიზნესტექნოლოგიები_დამატებითი_17_04_2026.pdf
[2026-05-14 22:00:30]   [additional_pdf/business] 114955 bytes, parsing PDF
[2026-05-14 22:00:31]   [additional_pdf/business] 4 pages, 12300 text chars
[2026-05-14 22:00:31]   [additional_pdf/business] structured: 37 logical rows -> 19 lectures
[2026-05-14 22:00:31]   [additional_pdf/social] fetching დამატებიი ცხრილი სოციალურ მეცნიერებათა ფაკულტეტი 23_04-2026.pdf
[2026-05-14 22:00:31]   [additional_pdf/social] 87905 bytes, parsing PDF
[2026-05-14 22:00:31]   [additional_pdf/social] 2 pages, 3033 text chars
[2026-05-14 22:00:31]   [additional_pdf/social] raw text only
[2026-05-14 22:00:31] additional_pdf: stored 10, failed 0
[2026-05-14 22:00:31] midterm_pdf: no PDFs
[2026-05-14 22:00:31] done in 30.29s
[2026-05-15 02:00:01] fetching homepage
[2026-05-15 02:00:02] discovered 12 links across 2 sections
[2026-05-15 02:00:02] teachers_html: 2 unique source(s)
[2026-05-15 02:00:03]   [http://leqtori.gtu.ge:9000/public/teachers_2025_2026_2_8_.html] fetching
[2026-05-15 02:00:05]   fetched 7863393 bytes
[2026-05-15 02:00:09]   parsed 10198 lectures from VIII კვირის სასწავლო ცხრილი
[2026-05-15 02:01:08]   stored 10198 (deduped 0) into lecture
[2026-05-15 02:01:08]   [http://leqtori.gtu.ge:9000/public/prof_teachers.html] fetching
[2026-05-15 02:01:08]   fetched 111363 bytes
[2026-05-15 02:01:08]   parsed 52 lectures from VIII კვირის სასწავლო ცხრილი
[2026-05-15 02:01:08]   stored 52 (deduped 0) into lecture
[2026-05-15 02:01:08] teachers totals: 1679 teachers, 4556 subjects, 10250 lectures
[2026-05-15 02:01:08] additional_pdf: 10 PDF(s) to fetch
[2026-05-15 02:01:08]   [additional_pdf/construction] fetching დამატ. ცხრ. -25-26 2 21.04.26 სამშენებლო.pdf
[2026-05-15 02:01:09]   [additional_pdf/construction] 307648 bytes, parsing PDF
[2026-05-15 02:01:09]   [additional_pdf/construction] 14 pages, 52664 text chars
[2026-05-15 02:01:10]   [additional_pdf/construction] structured: 195 logical rows -> 185 lectures
[2026-05-15 02:01:10]   [additional_pdf/power] fetching ენერგ ფაკ. დამატებითი_2025_2026_II_07_04_2026).pdf
[2026-05-15 02:01:11]   [additional_pdf/power] 71228 bytes, parsing PDF
[2026-05-15 02:01:11]   [additional_pdf/power] 2 pages, 6454 text chars
[2026-05-15 02:01:11]   [additional_pdf/power] raw text only
[2026-05-15 02:01:11]   [additional_pdf/mining] fetching სამთო-გეოლოგიური და მთის მდგრადი განვითარების ფაკულტეტი.pdf
[2026-05-15 02:01:11]   [additional_pdf/mining] 51893 bytes, parsing PDF
[2026-05-15 02:01:11]   [additional_pdf/mining] 1 pages, 2197 text chars
[2026-05-15 02:01:11]   [additional_pdf/mining] structured: 9 logical rows -> 8 lectures
[2026-05-15 02:01:11]   [additional_pdf/agrarian] fetching 2025-2026 II აგრარული დამატებითი_16_04_2026.pdf
[2026-05-15 02:01:12]   [additional_pdf/agrarian] 130098 bytes, parsing PDF
[2026-05-15 02:01:12]   [additional_pdf/agrarian] 4 pages, 11664 text chars
[2026-05-15 02:01:12]   [additional_pdf/agrarian] structured: 64 logical rows -> 64 lectures
[2026-05-15 02:01:12]   [additional_pdf/transport] fetching 05 დამატებითი ცხრილი . 23.04.2026.pdf
[2026-05-15 02:01:12]   [additional_pdf/transport] 164850 bytes, parsing PDF
[2026-05-15 02:01:13]   [additional_pdf/transport] 7 pages, 16906 text chars
[2026-05-15 02:01:13]   [additional_pdf/transport] raw text only
[2026-05-15 02:01:13]   [additional_pdf/architecture] fetching ცხრილი დამატ. არქიტექტურის, ურბანისტიკისა და დიზაინის.pdf
[2026-05-15 02:01:13]   [additional_pdf/architecture] 90193 bytes, parsing PDF
[2026-05-15 02:01:13]   [additional_pdf/architecture] 2 pages, 5806 text chars
[2026-05-15 02:01:13]   [additional_pdf/architecture] structured: 18 logical rows -> 15 lectures
[2026-05-15 02:01:13]   [additional_pdf/law] fetching სამართლისა და საერტაშორისო ურთ.დამატებითი ცხრილი_17_04_2026.pdf
[2026-05-15 02:01:14]   [additional_pdf/law] 284550 bytes, parsing PDF
[2026-05-15 02:01:14]   [additional_pdf/law] 9 pages, 16229 text chars
[2026-05-15 02:01:14]   [additional_pdf/law] raw text only
[2026-05-15 02:01:14]   [additional_pdf/ims] fetching იმს დამატებითი სასწავლო კურსების ცხრილი 2025-2026 II სემესტრი 9_05_2026.pdf
[2026-05-15 02:01:14]   [additional_pdf/ims] 205716 bytes, parsing PDF
[2026-05-15 02:01:15]   [additional_pdf/ims] 10 pages, 29623 text chars
[2026-05-15 02:01:16]   [additional_pdf/ims] structured: 141 logical rows -> 132 lectures
[2026-05-15 02:01:16]   [additional_pdf/business] fetching ბიზნესტექნოლოგიები_დამატებითი_17_04_2026.pdf
[2026-05-15 02:01:16]   [additional_pdf/business] 114955 bytes, parsing PDF
[2026-05-15 02:01:16]   [additional_pdf/business] 4 pages, 12300 text chars
[2026-05-15 02:01:16]   [additional_pdf/business] structured: 37 logical rows -> 19 lectures
[2026-05-15 02:01:16]   [additional_pdf/social] fetching დამატებიი ცხრილი სოციალურ მეცნიერებათა ფაკულტეტი 23_04-2026.pdf
[2026-05-15 02:01:17]   [additional_pdf/social] 87905 bytes, parsing PDF
[2026-05-15 02:01:17]   [additional_pdf/social] 2 pages, 3033 text chars
[2026-05-15 02:01:17]   [additional_pdf/social] raw text only
[2026-05-15 02:01:17] additional_pdf: stored 10, failed 0
[2026-05-15 02:01:17] midterm_pdf: no PDFs
[2026-05-15 02:01:17] done in 75.54s
[2026-05-15 07:00:01] fetching homepage
[2026-05-15 07:00:03] discovered 12 links across 2 sections
[2026-05-15 07:00:03] teachers_html: 2 unique source(s)
[2026-05-15 07:00:04]   [http://leqtori.gtu.ge:9000/public/teachers_2025_2026_2_8_.html] fetching
[2026-05-15 07:00:05]   fetched 7863393 bytes
[2026-05-15 07:00:07]   parsed 10198 lectures from VIII კვირის სასწავლო ცხრილი
[2026-05-15 07:00:23]   stored 10198 (deduped 0) into lecture
[2026-05-15 07:00:23]   [http://leqtori.gtu.ge:9000/public/prof_teachers.html] fetching
[2026-05-15 07:00:23]   fetched 111363 bytes
[2026-05-15 07:00:23]   parsed 52 lectures from VIII კვირის სასწავლო ცხრილი
[2026-05-15 07:00:23]   stored 52 (deduped 0) into lecture
[2026-05-15 07:00:23] teachers totals: 1679 teachers, 4556 subjects, 10250 lectures
[2026-05-15 07:00:23] additional_pdf: 10 PDF(s) to fetch
[2026-05-15 07:00:23]   [additional_pdf/construction] fetching დამატ. ცხრ. -25-26 2 21.04.26 სამშენებლო.pdf
[2026-05-15 07:00:24]   [additional_pdf/construction] 307648 bytes, parsing PDF
[2026-05-15 07:00:24]   [additional_pdf/construction] 14 pages, 52664 text chars
[2026-05-15 07:00:25]   [additional_pdf/construction] structured: 195 logical rows -> 185 lectures
[2026-05-15 07:00:25]   [additional_pdf/power] fetching ენერგ ფაკ. დამატებითი_2025_2026_II_07_04_2026).pdf
[2026-05-15 07:00:25]   [additional_pdf/power] 71228 bytes, parsing PDF
[2026-05-15 07:00:26]   [additional_pdf/power] 2 pages, 6454 text chars
[2026-05-15 07:00:26]   [additional_pdf/power] raw text only
[2026-05-15 07:00:26]   [additional_pdf/mining] fetching სამთო-გეოლოგიური და მთის მდგრადი განვითარების ფაკულტეტი.pdf
[2026-05-15 07:00:26]   [additional_pdf/mining] 51893 bytes, parsing PDF
[2026-05-15 07:00:26]   [additional_pdf/mining] 1 pages, 2197 text chars
[2026-05-15 07:00:26]   [additional_pdf/mining] structured: 9 logical rows -> 8 lectures
[2026-05-15 07:00:26]   [additional_pdf/agrarian] fetching 2025-2026 II აგრარული დამატებითი_16_04_2026.pdf
[2026-05-15 07:00:26]   [additional_pdf/agrarian] 130098 bytes, parsing PDF
[2026-05-15 07:00:26]   [additional_pdf/agrarian] 4 pages, 11664 text chars
[2026-05-15 07:00:26]   [additional_pdf/agrarian] structured: 64 logical rows -> 64 lectures
[2026-05-15 07:00:26]   [additional_pdf/transport] fetching 05 დამატებითი ცხრილი . 23.04.2026.pdf
[2026-05-15 07:00:27]   [additional_pdf/transport] 164850 bytes, parsing PDF
[2026-05-15 07:00:27]   [additional_pdf/transport] 7 pages, 16906 text chars
[2026-05-15 07:00:27]   [additional_pdf/transport] raw text only
[2026-05-15 07:00:27]   [additional_pdf/architecture] fetching ცხრილი დამატ. არქიტექტურის, ურბანისტიკისა და დიზაინის.pdf
[2026-05-15 07:00:27]   [additional_pdf/architecture] 90193 bytes, parsing PDF
[2026-05-15 07:00:27]   [additional_pdf/architecture] 2 pages, 5806 text chars
[2026-05-15 07:00:27]   [additional_pdf/architecture] structured: 18 logical rows -> 15 lectures
[2026-05-15 07:00:27]   [additional_pdf/law] fetching სამართლისა და საერტაშორისო ურთ.დამატებითი ცხრილი_17_04_2026.pdf
[2026-05-15 07:00:28]   [additional_pdf/law] 284550 bytes, parsing PDF
[2026-05-15 07:00:28]   [additional_pdf/law] 9 pages, 16229 text chars
[2026-05-15 07:00:28]   [additional_pdf/law] raw text only
[2026-05-15 07:00:28]   [additional_pdf/ims] fetching იმს დამატებითი სასწავლო კურსების ცხრილი 2025-2026 II სემესტრი 9_05_2026.pdf
[2026-05-15 07:00:29]   [additional_pdf/ims] 205716 bytes, parsing PDF
[2026-05-15 07:00:29]   [additional_pdf/ims] 10 pages, 29623 text chars
[2026-05-15 07:00:29]   [additional_pdf/ims] structured: 141 logical rows -> 132 lectures
[2026-05-15 07:00:29]   [additional_pdf/business] fetching ბიზნესტექნოლოგიები_დამატებითი_17_04_2026.pdf
[2026-05-15 07:00:30]   [additional_pdf/business] 114955 bytes, parsing PDF
[2026-05-15 07:00:30]   [additional_pdf/business] 4 pages, 12300 text chars
[2026-05-15 07:00:30]   [additional_pdf/business] structured: 37 logical rows -> 19 lectures
[2026-05-15 07:00:30]   [additional_pdf/social] fetching დამატებიი ცხრილი სოციალურ მეცნიერებათა ფაკულტეტი 23_04-2026.pdf
[2026-05-15 07:00:30]   [additional_pdf/social] 87905 bytes, parsing PDF
[2026-05-15 07:00:30]   [additional_pdf/social] 2 pages, 3033 text chars
[2026-05-15 07:00:30]   [additional_pdf/social] raw text only
[2026-05-15 07:00:30] additional_pdf: stored 10, failed 0
[2026-05-15 07:00:30] midterm_pdf: no PDFs
[2026-05-15 07:00:30] done in 28.97s
[2026-05-15 12:00:01] fetching homepage
[2026-05-15 12:00:02] discovered 12 links across 2 sections
[2026-05-15 12:00:02] teachers_html: 2 unique source(s)
[2026-05-15 12:00:03]   [http://leqtori.gtu.ge:9000/public/teachers_2025_2026_2_8_.html] fetching
[2026-05-15 12:00:04]   fetched 7863393 bytes
[2026-05-15 12:00:06]   parsed 10198 lectures from VIII კვირის სასწავლო ცხრილი
[2026-05-15 12:00:24]   stored 10198 (deduped 0) into lecture
[2026-05-15 12:00:24]   [http://leqtori.gtu.ge:9000/public/prof_teachers.html] fetching
[2026-05-15 12:00:24]   fetched 111363 bytes
[2026-05-15 12:00:24]   parsed 52 lectures from VIII კვირის სასწავლო ცხრილი
[2026-05-15 12:00:25]   stored 52 (deduped 0) into lecture
[2026-05-15 12:00:25] teachers totals: 1679 teachers, 4556 subjects, 10250 lectures
[2026-05-15 12:00:25] additional_pdf: 10 PDF(s) to fetch
[2026-05-15 12:00:25]   [additional_pdf/construction] fetching დამატ. ცხრ. -25-26 2 21.04.26 სამშენებლო.pdf
[2026-05-15 12:00:25]   [additional_pdf/construction] 307648 bytes, parsing PDF
[2026-05-15 12:00:25]   [additional_pdf/construction] 14 pages, 52664 text chars
[2026-05-15 12:00:26]   [additional_pdf/construction] structured: 195 logical rows -> 185 lectures
[2026-05-15 12:00:26]   [additional_pdf/power] fetching ენერგ ფაკ. დამატებითი_2025_2026_II_07_04_2026).pdf
[2026-05-15 12:00:27]   [additional_pdf/power] 71228 bytes, parsing PDF
[2026-05-15 12:00:27]   [additional_pdf/power] 2 pages, 6454 text chars
[2026-05-15 12:00:27]   [additional_pdf/power] raw text only
[2026-05-15 12:00:27]   [additional_pdf/mining] fetching სამთო-გეოლოგიური და მთის მდგრადი განვითარების ფაკულტეტი.pdf
[2026-05-15 12:00:27]   [additional_pdf/mining] 51893 bytes, parsing PDF
[2026-05-15 12:00:27]   [additional_pdf/mining] 1 pages, 2197 text chars
[2026-05-15 12:00:27]   [additional_pdf/mining] structured: 9 logical rows -> 8 lectures
[2026-05-15 12:00:27]   [additional_pdf/agrarian] fetching 2025-2026 II აგრარული დამატებითი_16_04_2026.pdf
[2026-05-15 12:00:28]   [additional_pdf/agrarian] 130098 bytes, parsing PDF
[2026-05-15 12:00:28]   [additional_pdf/agrarian] 4 pages, 11664 text chars
[2026-05-15 12:00:28]   [additional_pdf/agrarian] structured: 64 logical rows -> 64 lectures
[2026-05-15 12:00:28]   [additional_pdf/transport] fetching 05 დამატებითი ცხრილი . 23.04.2026.pdf
[2026-05-15 12:00:28]   [additional_pdf/transport] 164850 bytes, parsing PDF
[2026-05-15 12:00:28]   [additional_pdf/transport] 7 pages, 16906 text chars
[2026-05-15 12:00:28]   [additional_pdf/transport] raw text only
[2026-05-15 12:00:28]   [additional_pdf/architecture] fetching ცხრილი დამატ. არქიტექტურის, ურბანისტიკისა და დიზაინის.pdf
[2026-05-15 12:00:29]   [additional_pdf/architecture] 90193 bytes, parsing PDF
[2026-05-15 12:00:29]   [additional_pdf/architecture] 2 pages, 5806 text chars
[2026-05-15 12:00:29]   [additional_pdf/architecture] structured: 18 logical rows -> 15 lectures
[2026-05-15 12:00:29]   [additional_pdf/law] fetching სამართლისა და საერტაშორისო ურთ.დამატებითი ცხრილი_17_04_2026.pdf
[2026-05-15 12:00:29]   [additional_pdf/law] 284550 bytes, parsing PDF
[2026-05-15 12:00:30]   [additional_pdf/law] 9 pages, 16229 text chars
[2026-05-15 12:00:30]   [additional_pdf/law] raw text only
[2026-05-15 12:00:30]   [additional_pdf/ims] fetching იმს დამატებითი სასწავლო კურსების ცხრილი 2025-2026 II სემესტრი 9_05_2026.pdf
[2026-05-15 12:00:30]   [additional_pdf/ims] 205716 bytes, parsing PDF
[2026-05-15 12:00:30]   [additional_pdf/ims] 10 pages, 29623 text chars
[2026-05-15 12:00:31]   [additional_pdf/ims] structured: 141 logical rows -> 132 lectures
[2026-05-15 12:00:31]   [additional_pdf/business] fetching ბიზნესტექნოლოგიები_დამატებითი_17_04_2026.pdf
[2026-05-15 12:00:31]   [additional_pdf/business] 114955 bytes, parsing PDF
[2026-05-15 12:00:31]   [additional_pdf/business] 4 pages, 12300 text chars
[2026-05-15 12:00:31]   [additional_pdf/business] structured: 37 logical rows -> 19 lectures
[2026-05-15 12:00:31]   [additional_pdf/social] fetching დამატებიი ცხრილი სოციალურ მეცნიერებათა ფაკულტეტი 23_04-2026.pdf
[2026-05-15 12:00:32]   [additional_pdf/social] 87905 bytes, parsing PDF
[2026-05-15 12:00:32]   [additional_pdf/social] 2 pages, 3033 text chars
[2026-05-15 12:00:32]   [additional_pdf/social] raw text only
[2026-05-15 12:00:32] additional_pdf: stored 10, failed 0
[2026-05-15 12:00:32] midterm_pdf: no PDFs
[2026-05-15 12:00:32] done in 30.94s
[2026-05-15 17:00:02] fetching homepage
[2026-05-15 17:00:03] discovered 12 links across 2 sections
[2026-05-15 17:00:03] teachers_html: 2 unique source(s)
[2026-05-15 17:00:03]   [http://leqtori.gtu.ge:9000/public/teachers_2025_2026_2_8_.html] fetching
[2026-05-15 17:00:04]   fetched 7863393 bytes
[2026-05-15 17:00:07]   parsed 10198 lectures from VIII კვირის სასწავლო ცხრილი
[2026-05-15 17:00:27]   stored 10198 (deduped 0) into lecture
[2026-05-15 17:00:27]   [http://leqtori.gtu.ge:9000/public/prof_teachers.html] fetching
[2026-05-15 17:00:27]   fetched 111363 bytes
[2026-05-15 17:00:27]   parsed 52 lectures from VIII კვირის სასწავლო ცხრილი
[2026-05-15 17:00:27]   stored 52 (deduped 0) into lecture
[2026-05-15 17:00:27] teachers totals: 1679 teachers, 4556 subjects, 10250 lectures
[2026-05-15 17:00:27] additional_pdf: 10 PDF(s) to fetch
[2026-05-15 17:00:27]   [additional_pdf/construction] fetching დამატ. ცხრ. -25-26 2 21.04.26 სამშენებლო.pdf
[2026-05-15 17:00:28]   [additional_pdf/construction] 307648 bytes, parsing PDF
[2026-05-15 17:00:28]   [additional_pdf/construction] 14 pages, 52664 text chars
[2026-05-15 17:00:29]   [additional_pdf/construction] structured: 195 logical rows -> 185 lectures
[2026-05-15 17:00:29]   [additional_pdf/power] fetching ენერგ ფაკ. დამატებითი_2025_2026_II_07_04_2026).pdf
[2026-05-15 17:00:29]   [additional_pdf/power] 71228 bytes, parsing PDF
[2026-05-15 17:00:29]   [additional_pdf/power] 2 pages, 6454 text chars
[2026-05-15 17:00:29]   [additional_pdf/power] raw text only
[2026-05-15 17:00:29]   [additional_pdf/mining] fetching სამთო-გეოლოგიური და მთის მდგრადი განვითარების ფაკულტეტი.pdf
[2026-05-15 17:00:29]   [additional_pdf/mining] 51893 bytes, parsing PDF
[2026-05-15 17:00:29]   [additional_pdf/mining] 1 pages, 2197 text chars
[2026-05-15 17:00:29]   [additional_pdf/mining] structured: 9 logical rows -> 8 lectures
[2026-05-15 17:00:29]   [additional_pdf/agrarian] fetching 2025-2026 II აგრარული დამატებითი_16_04_2026.pdf
[2026-05-15 17:00:30]   [additional_pdf/agrarian] 130098 bytes, parsing PDF
[2026-05-15 17:00:30]   [additional_pdf/agrarian] 4 pages, 11664 text chars
[2026-05-15 17:00:30]   [additional_pdf/agrarian] structured: 64 logical rows -> 64 lectures
[2026-05-15 17:00:30]   [additional_pdf/transport] fetching 05 დამატებითი ცხრილი . 23.04.2026.pdf
[2026-05-15 17:00:30]   [additional_pdf/transport] 164850 bytes, parsing PDF
[2026-05-15 17:00:30]   [additional_pdf/transport] 7 pages, 16906 text chars
[2026-05-15 17:00:30]   [additional_pdf/transport] raw text only
[2026-05-15 17:00:30]   [additional_pdf/architecture] fetching ცხრილი დამატ. არქიტექტურის, ურბანისტიკისა და დიზაინის.pdf
[2026-05-15 17:00:31]   [additional_pdf/architecture] 90193 bytes, parsing PDF
[2026-05-15 17:00:31]   [additional_pdf/architecture] 2 pages, 5806 text chars
[2026-05-15 17:00:31]   [additional_pdf/architecture] structured: 18 logical rows -> 15 lectures
[2026-05-15 17:00:31]   [additional_pdf/law] fetching სამართლისა და საერტაშორისო ურთ.დამატებითი ცხრილი_17_04_2026.pdf
[2026-05-15 17:00:31]   [additional_pdf/law] 284550 bytes, parsing PDF
[2026-05-15 17:00:32]   [additional_pdf/law] 9 pages, 16229 text chars
[2026-05-15 17:00:32]   [additional_pdf/law] raw text only
[2026-05-15 17:00:32]   [additional_pdf/ims] fetching იმს დამატებითი სასწავლო კურსების ცხრილი 2025-2026 II სემესტრი 9_05_2026.pdf
[2026-05-15 17:00:32]   [additional_pdf/ims] 205716 bytes, parsing PDF
[2026-05-15 17:00:32]   [additional_pdf/ims] 10 pages, 29623 text chars
[2026-05-15 17:00:33]   [additional_pdf/ims] structured: 141 logical rows -> 132 lectures
[2026-05-15 17:00:33]   [additional_pdf/business] fetching ბიზნესტექნოლოგიები_დამატებითი_17_04_2026.pdf
[2026-05-15 17:00:33]   [additional_pdf/business] 114955 bytes, parsing PDF
[2026-05-15 17:00:33]   [additional_pdf/business] 4 pages, 12300 text chars
[2026-05-15 17:00:33]   [additional_pdf/business] structured: 37 logical rows -> 19 lectures
[2026-05-15 17:00:33]   [additional_pdf/social] fetching დამატებიი ცხრილი სოციალურ მეცნიერებათა ფაკულტეტი 15_05_2026.pdf
[2026-05-15 17:00:34]   [additional_pdf/social] 86807 bytes, parsing PDF
[2026-05-15 17:00:34]   [additional_pdf/social] 1 pages, 2911 text chars
[2026-05-15 17:00:34]   [additional_pdf/social] raw text only
[2026-05-15 17:00:34] additional_pdf: stored 10, failed 0
[2026-05-15 17:00:34] midterm_pdf: no PDFs
[2026-05-15 17:00:34] done in 31.74s
[2026-05-15 22:00:02] fetching homepage
[2026-05-15 22:00:03] discovered 12 links across 2 sections
[2026-05-15 22:00:03] teachers_html: 2 unique source(s)
[2026-05-15 22:00:03]   [http://leqtori.gtu.ge:9000/public/teachers_2025_2026_2_8_.html] fetching
[2026-05-15 22:00:04]   fetched 7863393 bytes
[2026-05-15 22:00:06]   parsed 10198 lectures from VIII კვირის სასწავლო ცხრილი
[2026-05-15 22:00:23]   stored 10198 (deduped 0) into lecture
[2026-05-15 22:00:23]   [http://leqtori.gtu.ge:9000/public/prof_teachers.html] fetching
[2026-05-15 22:00:24]   fetched 111363 bytes
[2026-05-15 22:00:24]   parsed 52 lectures from VIII კვირის სასწავლო ცხრილი
[2026-05-15 22:00:24]   stored 52 (deduped 0) into lecture
[2026-05-15 22:00:24] teachers totals: 1679 teachers, 4556 subjects, 10250 lectures
[2026-05-15 22:00:24] additional_pdf: 10 PDF(s) to fetch
[2026-05-15 22:00:24]   [additional_pdf/construction] fetching დამატ. ცხრ. -25-26 2 21.04.26 სამშენებლო.pdf
[2026-05-15 22:00:24]   [additional_pdf/construction] 307648 bytes, parsing PDF
[2026-05-15 22:00:25]   [additional_pdf/construction] 14 pages, 52664 text chars
[2026-05-15 22:00:25]   [additional_pdf/construction] structured: 195 logical rows -> 185 lectures
[2026-05-15 22:00:25]   [additional_pdf/power] fetching ენერგ ფაკ. დამატებითი_2025_2026_II_07_04_2026).pdf
[2026-05-15 22:00:26]   [additional_pdf/power] 71228 bytes, parsing PDF
[2026-05-15 22:00:26]   [additional_pdf/power] 2 pages, 6454 text chars
[2026-05-15 22:00:26]   [additional_pdf/power] raw text only
[2026-05-15 22:00:26]   [additional_pdf/mining] fetching სამთო-გეოლოგიური და მთის მდგრადი განვითარების ფაკულტეტი.pdf
[2026-05-15 22:00:26]   [additional_pdf/mining] 51893 bytes, parsing PDF
[2026-05-15 22:00:26]   [additional_pdf/mining] 1 pages, 2197 text chars
[2026-05-15 22:00:26]   [additional_pdf/mining] structured: 9 logical rows -> 8 lectures
[2026-05-15 22:00:26]   [additional_pdf/agrarian] fetching 2025-2026 II აგრარული დამატებითი_16_04_2026.pdf
[2026-05-15 22:00:27]   [additional_pdf/agrarian] 130098 bytes, parsing PDF
[2026-05-15 22:00:27]   [additional_pdf/agrarian] 4 pages, 11664 text chars
[2026-05-15 22:00:27]   [additional_pdf/agrarian] structured: 64 logical rows -> 64 lectures
[2026-05-15 22:00:27]   [additional_pdf/transport] fetching 05 დამატებითი ცხრილი . 23.04.2026.pdf
[2026-05-15 22:00:27]   [additional_pdf/transport] 164850 bytes, parsing PDF
[2026-05-15 22:00:27]   [additional_pdf/transport] 7 pages, 16906 text chars
[2026-05-15 22:00:27]   [additional_pdf/transport] raw text only
[2026-05-15 22:00:27]   [additional_pdf/architecture] fetching ცხრილი დამატ. არქიტექტურის, ურბანისტიკისა და დიზაინის.pdf
[2026-05-15 22:00:28]   [additional_pdf/architecture] 90193 bytes, parsing PDF
[2026-05-15 22:00:28]   [additional_pdf/architecture] 2 pages, 5806 text chars
[2026-05-15 22:00:28]   [additional_pdf/architecture] structured: 18 logical rows -> 15 lectures
[2026-05-15 22:00:28]   [additional_pdf/law] fetching სამართლისა და საერტაშორისო ურთ.დამატებითი ცხრილი_17_04_2026.pdf
[2026-05-15 22:00:28]   [additional_pdf/law] 284550 bytes, parsing PDF
[2026-05-15 22:00:29]   [additional_pdf/law] 9 pages, 16229 text chars
[2026-05-15 22:00:29]   [additional_pdf/law] raw text only
[2026-05-15 22:00:29]   [additional_pdf/ims] fetching იმს დამატებითი სასწავლო კურსების ცხრილი 2025-2026 II სემესტრი 9_05_2026.pdf
[2026-05-15 22:00:29]   [additional_pdf/ims] 205716 bytes, parsing PDF
[2026-05-15 22:00:29]   [additional_pdf/ims] 10 pages, 29623 text chars
[2026-05-15 22:00:30]   [additional_pdf/ims] structured: 141 logical rows -> 132 lectures
[2026-05-15 22:00:30]   [additional_pdf/business] fetching ბიზნესტექნოლოგიები_დამატებითი_17_04_2026.pdf
[2026-05-15 22:00:30]   [additional_pdf/business] 114955 bytes, parsing PDF
[2026-05-15 22:00:30]   [additional_pdf/business] 4 pages, 12300 text chars
[2026-05-15 22:00:30]   [additional_pdf/business] structured: 37 logical rows -> 19 lectures
[2026-05-15 22:00:30]   [additional_pdf/social] fetching დამატებიი ცხრილი სოციალურ მეცნიერებათა ფაკულტეტი 15_05_2026.pdf
[2026-05-15 22:00:31]   [additional_pdf/social] 86807 bytes, parsing PDF
[2026-05-15 22:00:31]   [additional_pdf/social] 1 pages, 2911 text chars
[2026-05-15 22:00:31]   [additional_pdf/social] raw text only
[2026-05-15 22:00:31] additional_pdf: stored 10, failed 0
[2026-05-15 22:00:31] midterm_pdf: no PDFs
[2026-05-15 22:00:31] done in 29.18s
[2026-05-16 02:00:02] fetching homepage
[2026-05-16 02:00:03] discovered 12 links across 2 sections
[2026-05-16 02:00:03] teachers_html: 2 unique source(s)
[2026-05-16 02:00:04]   [http://leqtori.gtu.ge:9000/public/teachers_2025_2026_2_8_.html] fetching
[2026-05-16 02:00:05]   fetched 7863393 bytes
[2026-05-16 02:00:09]   parsed 10198 lectures from VIII კვირის სასწავლო ცხრილი
[2026-05-16 02:00:59]   stored 10198 (deduped 0) into lecture
[2026-05-16 02:00:59]   [http://leqtori.gtu.ge:9000/public/prof_teachers.html] fetching
[2026-05-16 02:00:59]   fetched 111363 bytes
[2026-05-16 02:00:59]   parsed 52 lectures from VIII კვირის სასწავლო ცხრილი
[2026-05-16 02:01:00]   stored 52 (deduped 0) into lecture
[2026-05-16 02:01:00] teachers totals: 1679 teachers, 4556 subjects, 10250 lectures
[2026-05-16 02:01:00] additional_pdf: 10 PDF(s) to fetch
[2026-05-16 02:01:00]   [additional_pdf/construction] fetching დამატ. ცხრ. -25-26 2 21.04.26 სამშენებლო.pdf
[2026-05-16 02:01:00]   [additional_pdf/construction] 307648 bytes, parsing PDF
[2026-05-16 02:01:01]   [additional_pdf/construction] 14 pages, 52664 text chars
[2026-05-16 02:01:02]   [additional_pdf/construction] structured: 195 logical rows -> 185 lectures
[2026-05-16 02:01:02]   [additional_pdf/power] fetching ენერგ ფაკ. დამატებითი_2025_2026_II_07_04_2026).pdf
[2026-05-16 02:01:02]   [additional_pdf/power] 71228 bytes, parsing PDF
[2026-05-16 02:01:03]   [additional_pdf/power] 2 pages, 6454 text chars
[2026-05-16 02:01:03]   [additional_pdf/power] raw text only
[2026-05-16 02:01:03]   [additional_pdf/mining] fetching სამთო-გეოლოგიური და მთის მდგრადი განვითარების ფაკულტეტი.pdf
[2026-05-16 02:01:03]   [additional_pdf/mining] 51893 bytes, parsing PDF
[2026-05-16 02:01:03]   [additional_pdf/mining] 1 pages, 2197 text chars
[2026-05-16 02:01:03]   [additional_pdf/mining] structured: 9 logical rows -> 8 lectures
[2026-05-16 02:01:03]   [additional_pdf/agrarian] fetching 2025-2026 II აგრარული დამატებითი_16_04_2026.pdf
[2026-05-16 02:01:03]   [additional_pdf/agrarian] 130098 bytes, parsing PDF
[2026-05-16 02:01:03]   [additional_pdf/agrarian] 4 pages, 11664 text chars
[2026-05-16 02:01:04]   [additional_pdf/agrarian] structured: 64 logical rows -> 64 lectures
[2026-05-16 02:01:04]   [additional_pdf/transport] fetching 05 დამატებითი ცხრილი . 23.04.2026.pdf
[2026-05-16 02:01:04]   [additional_pdf/transport] 164850 bytes, parsing PDF
[2026-05-16 02:01:04]   [additional_pdf/transport] 7 pages, 16906 text chars
[2026-05-16 02:01:04]   [additional_pdf/transport] raw text only
[2026-05-16 02:01:04]   [additional_pdf/architecture] fetching ცხრილი დამატ. არქიტექტურის, ურბანისტიკისა და დიზაინის.pdf
[2026-05-16 02:01:05]   [additional_pdf/architecture] 90193 bytes, parsing PDF
[2026-05-16 02:01:05]   [additional_pdf/architecture] 2 pages, 5806 text chars
[2026-05-16 02:01:05]   [additional_pdf/architecture] structured: 18 logical rows -> 15 lectures
[2026-05-16 02:01:05]   [additional_pdf/law] fetching სამართლისა და საერტაშორისო ურთ.დამატებითი ცხრილი_17_04_2026.pdf
[2026-05-16 02:01:05]   [additional_pdf/law] 284550 bytes, parsing PDF
[2026-05-16 02:01:06]   [additional_pdf/law] 9 pages, 16229 text chars
[2026-05-16 02:01:06]   [additional_pdf/law] raw text only
[2026-05-16 02:01:06]   [additional_pdf/ims] fetching იმს დამატებითი სასწავლო კურსების ცხრილი 2025-2026 II სემესტრი 9_05_2026.pdf
[2026-05-16 02:01:06]   [additional_pdf/ims] 205716 bytes, parsing PDF
[2026-05-16 02:01:06]   [additional_pdf/ims] 10 pages, 29623 text chars
[2026-05-16 02:01:07]   [additional_pdf/ims] structured: 141 logical rows -> 132 lectures
[2026-05-16 02:01:07]   [additional_pdf/business] fetching ბიზნესტექნოლოგიები_დამატებითი_17_04_2026.pdf
[2026-05-16 02:01:07]   [additional_pdf/business] 114955 bytes, parsing PDF
[2026-05-16 02:01:08]   [additional_pdf/business] 4 pages, 12300 text chars
[2026-05-16 02:01:08]   [additional_pdf/business] structured: 37 logical rows -> 19 lectures
[2026-05-16 02:01:08]   [additional_pdf/social] fetching დამატებიი ცხრილი სოციალურ მეცნიერებათა ფაკულტეტი 15_05_2026.pdf
[2026-05-16 02:01:08]   [additional_pdf/social] 86807 bytes, parsing PDF
[2026-05-16 02:01:08]   [additional_pdf/social] 1 pages, 2911 text chars
[2026-05-16 02:01:08]   [additional_pdf/social] raw text only
[2026-05-16 02:01:08] additional_pdf: stored 10, failed 0
[2026-05-16 02:01:08] midterm_pdf: no PDFs
[2026-05-16 02:01:08] done in 66.44s
[2026-05-16 07:00:01] fetching homepage
[2026-05-16 07:00:03] discovered 12 links across 2 sections
[2026-05-16 07:00:03] teachers_html: 2 unique source(s)
[2026-05-16 07:00:04]   [http://leqtori.gtu.ge:9000/public/teachers_2025_2026_2_8_.html] fetching
[2026-05-16 07:00:06]   fetched 7863393 bytes
[2026-05-16 07:00:07]   parsed 10198 lectures from VIII კვირის სასწავლო ცხრილი
[2026-05-16 07:00:24]   stored 10198 (deduped 0) into lecture
[2026-05-16 07:00:24]   [http://leqtori.gtu.ge:9000/public/prof_teachers.html] fetching
[2026-05-16 07:00:24]   fetched 111363 bytes
[2026-05-16 07:00:24]   parsed 52 lectures from VIII კვირის სასწავლო ცხრილი
[2026-05-16 07:00:24]   stored 52 (deduped 0) into lecture
[2026-05-16 07:00:24] teachers totals: 1679 teachers, 4556 subjects, 10250 lectures
[2026-05-16 07:00:24] additional_pdf: 10 PDF(s) to fetch
[2026-05-16 07:00:24]   [additional_pdf/construction] fetching დამატ. ცხრ. -25-26 2 21.04.26 სამშენებლო.pdf
[2026-05-16 07:00:25]   [additional_pdf/construction] 307648 bytes, parsing PDF
[2026-05-16 07:00:25]   [additional_pdf/construction] 14 pages, 52664 text chars
[2026-05-16 07:00:26]   [additional_pdf/construction] structured: 195 logical rows -> 185 lectures
[2026-05-16 07:00:26]   [additional_pdf/power] fetching ენერგ ფაკ. დამატებითი_2025_2026_II_07_04_2026).pdf
[2026-05-16 07:00:26]   [additional_pdf/power] 71228 bytes, parsing PDF
[2026-05-16 07:00:26]   [additional_pdf/power] 2 pages, 6454 text chars
[2026-05-16 07:00:26]   [additional_pdf/power] raw text only
[2026-05-16 07:00:26]   [additional_pdf/mining] fetching სამთო-გეოლოგიური და მთის მდგრადი განვითარების ფაკულტეტი.pdf
[2026-05-16 07:00:27]   [additional_pdf/mining] 51893 bytes, parsing PDF
[2026-05-16 07:00:27]   [additional_pdf/mining] 1 pages, 2197 text chars
[2026-05-16 07:00:27]   [additional_pdf/mining] structured: 9 logical rows -> 8 lectures
[2026-05-16 07:00:27]   [additional_pdf/agrarian] fetching 2025-2026 II აგრარული დამატებითი_16_04_2026.pdf
[2026-05-16 07:00:27]   [additional_pdf/agrarian] 130098 bytes, parsing PDF
[2026-05-16 07:00:27]   [additional_pdf/agrarian] 4 pages, 11664 text chars
[2026-05-16 07:00:27]   [additional_pdf/agrarian] structured: 64 logical rows -> 64 lectures
[2026-05-16 07:00:27]   [additional_pdf/transport] fetching 05 დამატებითი ცხრილი . 23.04.2026.pdf
[2026-05-16 07:00:28]   [additional_pdf/transport] 164850 bytes, parsing PDF
[2026-05-16 07:00:28]   [additional_pdf/transport] 7 pages, 16906 text chars
[2026-05-16 07:00:28]   [additional_pdf/transport] raw text only
[2026-05-16 07:00:28]   [additional_pdf/architecture] fetching ცხრილი დამატ. არქიტექტურის, ურბანისტიკისა და დიზაინის.pdf
[2026-05-16 07:00:28]   [additional_pdf/architecture] 90193 bytes, parsing PDF
[2026-05-16 07:00:28]   [additional_pdf/architecture] 2 pages, 5806 text chars
[2026-05-16 07:00:28]   [additional_pdf/architecture] structured: 18 logical rows -> 15 lectures
[2026-05-16 07:00:28]   [additional_pdf/law] fetching სამართლისა და საერტაშორისო ურთ.დამატებითი ცხრილი_17_04_2026.pdf
[2026-05-16 07:00:29]   [additional_pdf/law] 284550 bytes, parsing PDF
[2026-05-16 07:00:29]   [additional_pdf/law] 9 pages, 16229 text chars
[2026-05-16 07:00:29]   [additional_pdf/law] raw text only
[2026-05-16 07:00:29]   [additional_pdf/ims] fetching იმს დამატებითი სასწავლო კურსების ცხრილი 2025-2026 II სემესტრი 9_05_2026.pdf
[2026-05-16 07:00:30]   [additional_pdf/ims] 205716 bytes, parsing PDF
[2026-05-16 07:00:30]   [additional_pdf/ims] 10 pages, 29623 text chars
[2026-05-16 07:00:30]   [additional_pdf/ims] structured: 141 logical rows -> 132 lectures
[2026-05-16 07:00:30]   [additional_pdf/business] fetching ბიზნესტექნოლოგიები_დამატებითი_17_04_2026.pdf
[2026-05-16 07:00:31]   [additional_pdf/business] 114955 bytes, parsing PDF
[2026-05-16 07:00:31]   [additional_pdf/business] 4 pages, 12300 text chars
[2026-05-16 07:00:31]   [additional_pdf/business] structured: 37 logical rows -> 19 lectures
[2026-05-16 07:00:31]   [additional_pdf/social] fetching დამატებიი ცხრილი სოციალურ მეცნიერებათა ფაკულტეტი 15_05_2026.pdf
[2026-05-16 07:00:31]   [additional_pdf/social] 86807 bytes, parsing PDF
[2026-05-16 07:00:31]   [additional_pdf/social] 1 pages, 2911 text chars
[2026-05-16 07:00:31]   [additional_pdf/social] raw text only
[2026-05-16 07:00:31] additional_pdf: stored 10, failed 0
[2026-05-16 07:00:31] midterm_pdf: no PDFs
[2026-05-16 07:00:31] done in 30.20s
[2026-05-16 12:00:01] fetching homepage
[2026-05-16 12:00:02] discovered 14 links across 3 sections
[2026-05-16 12:00:02] teachers_html: 3 unique source(s)
[2026-05-16 12:00:03]   [http://leqtori.gtu.ge:9000/public/teachers_2025_2026_2_8_.html] fetching
[2026-05-16 12:00:04]   fetched 7863393 bytes
[2026-05-16 12:00:06]   parsed 10198 lectures from VIII კვირის სასწავლო ცხრილი
[2026-05-16 12:00:22]   stored 10198 (deduped 0) into lecture
[2026-05-16 12:00:22]   [http://leqtori.gtu.ge:9000/public/prof_teachers.html] fetching
[2026-05-16 12:00:23]   fetched 111363 bytes
[2026-05-16 12:00:23]   parsed 52 lectures from VIII კვირის სასწავლო ცხრილი
[2026-05-16 12:00:23]   stored 52 (deduped 0) into lecture
[2026-05-16 12:00:23]   [http://leqtori.gtu.ge:9000/public/teachers_2025_2026_2_9.html] fetching
[2026-05-16 12:00:24]   fetched 8020100 bytes
[2026-05-16 12:00:24]   parsed 10216 lectures from IX კვირის სასწავლო ცხრილი
[2026-05-16 12:00:38]   stored 10216 (deduped 0) into lecture
[2026-05-16 12:00:38] teachers totals: 1680 teachers, 4571 subjects, 20466 lectures
[2026-05-16 12:00:38] additional_pdf: 10 PDF(s) to fetch
[2026-05-16 12:00:38]   [additional_pdf/construction] fetching დამატ. ცხრ. -25-26 2 21.04.26 სამშენებლო.pdf
[2026-05-16 12:00:39]   [additional_pdf/construction] 307648 bytes, parsing PDF
[2026-05-16 12:00:39]   [additional_pdf/construction] 14 pages, 52664 text chars
[2026-05-16 12:00:40]   [additional_pdf/construction] structured: 195 logical rows -> 185 lectures
[2026-05-16 12:00:40]   [additional_pdf/power] fetching ენერგ ფაკ. დამატებითი_2025_2026_II_07_04_2026).pdf
[2026-05-16 12:00:40]   [additional_pdf/power] 71228 bytes, parsing PDF
[2026-05-16 12:00:40]   [additional_pdf/power] 2 pages, 6454 text chars
[2026-05-16 12:00:40]   [additional_pdf/power] raw text only
[2026-05-16 12:00:40]   [additional_pdf/mining] fetching სამთო-გეოლოგიური და მთის მდგრადი განვითარების ფაკულტეტი.pdf
[2026-05-16 12:00:41]   [additional_pdf/mining] 51893 bytes, parsing PDF
[2026-05-16 12:00:41]   [additional_pdf/mining] 1 pages, 2197 text chars
[2026-05-16 12:00:41]   [additional_pdf/mining] structured: 9 logical rows -> 8 lectures
[2026-05-16 12:00:41]   [additional_pdf/agrarian] fetching 2025-2026 II აგრარული დამატებითი_16_04_2026.pdf
[2026-05-16 12:00:41]   [additional_pdf/agrarian] 130098 bytes, parsing PDF
[2026-05-16 12:00:41]   [additional_pdf/agrarian] 4 pages, 11664 text chars
[2026-05-16 12:00:41]   [additional_pdf/agrarian] structured: 64 logical rows -> 64 lectures
[2026-05-16 12:00:41]   [additional_pdf/transport] fetching 05 დამატებითი ცხრილი . 23.04.2026.pdf
[2026-05-16 12:00:42]   [additional_pdf/transport] 164850 bytes, parsing PDF
[2026-05-16 12:00:42]   [additional_pdf/transport] 7 pages, 16906 text chars
[2026-05-16 12:00:42]   [additional_pdf/transport] raw text only
[2026-05-16 12:00:42]   [additional_pdf/architecture] fetching ცხრილი დამატ. არქიტექტურის, ურბანისტიკისა და დიზაინის.pdf
[2026-05-16 12:00:42]   [additional_pdf/architecture] 90193 bytes, parsing PDF
[2026-05-16 12:00:42]   [additional_pdf/architecture] 2 pages, 5806 text chars
[2026-05-16 12:00:42]   [additional_pdf/architecture] structured: 18 logical rows -> 15 lectures
[2026-05-16 12:00:42]   [additional_pdf/law] fetching სამართლისა და საერტაშორისო ურთ.დამატებითი ცხრილი_17_04_2026.pdf
[2026-05-16 12:00:43]   [additional_pdf/law] 284550 bytes, parsing PDF
[2026-05-16 12:00:43]   [additional_pdf/law] 9 pages, 16229 text chars
[2026-05-16 12:00:43]   [additional_pdf/law] raw text only
[2026-05-16 12:00:43]   [additional_pdf/ims] fetching იმს დამატებითი სასწავლო კურსების ცხრილი 2025-2026 II სემესტრი 9_05_2026.pdf
[2026-05-16 12:00:44]   [additional_pdf/ims] 205716 bytes, parsing PDF
[2026-05-16 12:00:44]   [additional_pdf/ims] 10 pages, 29623 text chars
[2026-05-16 12:00:44]   [additional_pdf/ims] structured: 141 logical rows -> 132 lectures
[2026-05-16 12:00:44]   [additional_pdf/business] fetching ბიზნესტექნოლოგიები_დამატებითი_17_04_2026.pdf
[2026-05-16 12:00:45]   [additional_pdf/business] 114955 bytes, parsing PDF
[2026-05-16 12:00:45]   [additional_pdf/business] 4 pages, 12300 text chars
[2026-05-16 12:00:45]   [additional_pdf/business] structured: 37 logical rows -> 19 lectures
[2026-05-16 12:00:45]   [additional_pdf/social] fetching დამატებიი ცხრილი სოციალურ მეცნიერებათა ფაკულტეტი 15_05_2026.pdf
[2026-05-16 12:00:45]   [additional_pdf/social] 86807 bytes, parsing PDF
[2026-05-16 12:00:45]   [additional_pdf/social] 1 pages, 2911 text chars
[2026-05-16 12:00:45]   [additional_pdf/social] raw text only
[2026-05-16 12:00:45] additional_pdf: stored 10, failed 0
[2026-05-16 12:00:45] midterm_pdf: no PDFs
[2026-05-16 12:00:45] done in 44.39s
[2026-05-16 17:00:01] fetching homepage
[2026-05-16 17:00:02] discovered 14 links across 3 sections
[2026-05-16 17:00:02] teachers_html: 3 unique source(s)
[2026-05-16 17:00:03]   [http://leqtori.gtu.ge:9000/public/teachers_2025_2026_2_8_.html] fetching
[2026-05-16 17:00:05]   fetched 7863393 bytes
[2026-05-16 17:00:07]   parsed 10198 lectures from VIII კვირის სასწავლო ცხრილი
[2026-05-16 17:00:24]   stored 10198 (deduped 0) into lecture
[2026-05-16 17:00:24]   [http://leqtori.gtu.ge:9000/public/prof_teachers.html] fetching
[2026-05-16 17:00:24]   fetched 111363 bytes
[2026-05-16 17:00:24]   parsed 52 lectures from VIII კვირის სასწავლო ცხრილი
[2026-05-16 17:00:24]   stored 52 (deduped 0) into lecture
[2026-05-16 17:00:24]   [http://leqtori.gtu.ge:9000/public/teachers_2025_2026_2_9.html] fetching
[2026-05-16 17:00:25]   fetched 8020100 bytes
[2026-05-16 17:00:26]   parsed 10216 lectures from IX კვირის სასწავლო ცხრილი
[2026-05-16 17:00:41]   stored 10216 (deduped 0) into lecture
[2026-05-16 17:00:41] teachers totals: 1680 teachers, 4571 subjects, 20466 lectures
[2026-05-16 17:00:41] additional_pdf: 10 PDF(s) to fetch
[2026-05-16 17:00:41]   [additional_pdf/construction] fetching დამატ. ცხრ. -25-26 2 21.04.26 სამშენებლო.pdf
[2026-05-16 17:00:42]   [additional_pdf/construction] 307648 bytes, parsing PDF
[2026-05-16 17:00:42]   [additional_pdf/construction] 14 pages, 52664 text chars
[2026-05-16 17:00:43]   [additional_pdf/construction] structured: 195 logical rows -> 185 lectures
[2026-05-16 17:00:43]   [additional_pdf/power] fetching ენერგ ფაკ. დამატებითი_2025_2026_II_07_04_2026).pdf
[2026-05-16 17:00:43]   [additional_pdf/power] 71228 bytes, parsing PDF
[2026-05-16 17:00:43]   [additional_pdf/power] 2 pages, 6454 text chars
[2026-05-16 17:00:43]   [additional_pdf/power] raw text only
[2026-05-16 17:00:43]   [additional_pdf/mining] fetching სამთო-გეოლოგიური და მთის მდგრადი განვითარების ფაკულტეტი.pdf
[2026-05-16 17:00:43]   [additional_pdf/mining] 51893 bytes, parsing PDF
[2026-05-16 17:00:43]   [additional_pdf/mining] 1 pages, 2197 text chars
[2026-05-16 17:00:43]   [additional_pdf/mining] structured: 9 logical rows -> 8 lectures
[2026-05-16 17:00:43]   [additional_pdf/agrarian] fetching 2025-2026 II აგრარული დამატებითი_16_04_2026.pdf
[2026-05-16 17:00:44]   [additional_pdf/agrarian] 130098 bytes, parsing PDF
[2026-05-16 17:00:44]   [additional_pdf/agrarian] 4 pages, 11664 text chars
[2026-05-16 17:00:44]   [additional_pdf/agrarian] structured: 64 logical rows -> 64 lectures
[2026-05-16 17:00:44]   [additional_pdf/transport] fetching 05 დამატებითი ცხრილი . 23.04.2026.pdf
[2026-05-16 17:00:44]   [additional_pdf/transport] 164850 bytes, parsing PDF
[2026-05-16 17:00:45]   [additional_pdf/transport] 7 pages, 16906 text chars
[2026-05-16 17:00:45]   [additional_pdf/transport] raw text only
[2026-05-16 17:00:45]   [additional_pdf/architecture] fetching ცხრილი დამატ. არქიტექტურის, ურბანისტიკისა და დიზაინის.pdf
[2026-05-16 17:00:45]   [additional_pdf/architecture] 90193 bytes, parsing PDF
[2026-05-16 17:00:45]   [additional_pdf/architecture] 2 pages, 5806 text chars
[2026-05-16 17:00:45]   [additional_pdf/architecture] structured: 18 logical rows -> 15 lectures
[2026-05-16 17:00:45]   [additional_pdf/law] fetching სამართლისა და საერტაშორისო ურთ.დამატებითი ცხრილი_17_04_2026.pdf
[2026-05-16 17:00:46]   [additional_pdf/law] 284550 bytes, parsing PDF
[2026-05-16 17:00:46]   [additional_pdf/law] 9 pages, 16229 text chars
[2026-05-16 17:00:46]   [additional_pdf/law] raw text only
[2026-05-16 17:00:46]   [additional_pdf/ims] fetching იმს დამატებითი სასწავლო კურსების ცხრილი 2025-2026 II სემესტრი 9_05_2026.pdf
[2026-05-16 17:00:46]   [additional_pdf/ims] 205716 bytes, parsing PDF
[2026-05-16 17:00:46]   [additional_pdf/ims] 10 pages, 29623 text chars
[2026-05-16 17:00:47]   [additional_pdf/ims] structured: 141 logical rows -> 132 lectures
[2026-05-16 17:00:47]   [additional_pdf/business] fetching ბიზნესტექნოლოგიები_დამატებითი_17_04_2026.pdf
[2026-05-16 17:00:47]   [additional_pdf/business] 114955 bytes, parsing PDF
[2026-05-16 17:00:48]   [additional_pdf/business] 4 pages, 12300 text chars
[2026-05-16 17:00:48]   [additional_pdf/business] structured: 37 logical rows -> 19 lectures
[2026-05-16 17:00:48]   [additional_pdf/social] fetching დამატებიი ცხრილი სოციალურ მეცნიერებათა ფაკულტეტი 15_05_2026.pdf
[2026-05-16 17:00:48]   [additional_pdf/social] 86807 bytes, parsing PDF
[2026-05-16 17:00:48]   [additional_pdf/social] 1 pages, 2911 text chars
[2026-05-16 17:00:48]   [additional_pdf/social] raw text only
[2026-05-16 17:00:48] additional_pdf: stored 10, failed 0
[2026-05-16 17:00:48] midterm_pdf: no PDFs
[2026-05-16 17:00:48] done in 46.73s
[2026-05-16 22:00:02] fetching homepage
[2026-05-16 22:00:03] discovered 12 links across 2 sections
[2026-05-16 22:00:03] teachers_html: 2 unique source(s)
[2026-05-16 22:00:04]   [http://leqtori.gtu.ge:9000/public/teachers_2025_2026_2_9.html] fetching
[2026-05-16 22:00:05]   fetched 8020100 bytes
[2026-05-16 22:00:07]   parsed 10216 lectures from IX კვირის სასწავლო ცხრილი
[2026-05-16 22:00:24]   stored 10216 (deduped 0) into lecture
[2026-05-16 22:00:24]   [http://leqtori.gtu.ge:9000/public/prof_teachers.html] fetching
[2026-05-16 22:00:25]   fetched 111363 bytes
[2026-05-16 22:00:25]   parsed 52 lectures from IX კვირის სასწავლო ცხრილი
[2026-05-16 22:00:25]   stored 52 (deduped 0) into lecture
[2026-05-16 22:00:25] teachers totals: 1680 teachers, 4571 subjects, 10268 lectures
[2026-05-16 22:00:25] additional_pdf: 10 PDF(s) to fetch
[2026-05-16 22:00:25]   [additional_pdf/construction] fetching დამატ. ცხრ. -25-26 2 21.04.26 სამშენებლო.pdf
[2026-05-16 22:00:25]   [additional_pdf/construction] 307648 bytes, parsing PDF
[2026-05-16 22:00:25]   [additional_pdf/construction] 14 pages, 52664 text chars
[2026-05-16 22:00:26]   [additional_pdf/construction] structured: 195 logical rows -> 185 lectures
[2026-05-16 22:00:26]   [additional_pdf/power] fetching ენერგ ფაკ. დამატებითი_2025_2026_II_07_04_2026).pdf
[2026-05-16 22:00:27]   [additional_pdf/power] 71228 bytes, parsing PDF
[2026-05-16 22:00:27]   [additional_pdf/power] 2 pages, 6454 text chars
[2026-05-16 22:00:27]   [additional_pdf/power] raw text only
[2026-05-16 22:00:27]   [additional_pdf/mining] fetching სამთო-გეოლოგიური და მთის მდგრადი განვითარების ფაკულტეტი.pdf
[2026-05-16 22:00:27]   [additional_pdf/mining] 51893 bytes, parsing PDF
[2026-05-16 22:00:27]   [additional_pdf/mining] 1 pages, 2197 text chars
[2026-05-16 22:00:27]   [additional_pdf/mining] structured: 9 logical rows -> 8 lectures
[2026-05-16 22:00:27]   [additional_pdf/agrarian] fetching 2025-2026 II აგრარული დამატებითი_16_04_2026.pdf
[2026-05-16 22:00:27]   [additional_pdf/agrarian] 130098 bytes, parsing PDF
[2026-05-16 22:00:27]   [additional_pdf/agrarian] 4 pages, 11664 text chars
[2026-05-16 22:00:28]   [additional_pdf/agrarian] structured: 64 logical rows -> 64 lectures
[2026-05-16 22:00:28]   [additional_pdf/transport] fetching 05 დამატებითი ცხრილი . 23.04.2026.pdf
[2026-05-16 22:00:28]   [additional_pdf/transport] 164850 bytes, parsing PDF
[2026-05-16 22:00:28]   [additional_pdf/transport] 7 pages, 16906 text chars
[2026-05-16 22:00:28]   [additional_pdf/transport] raw text only
[2026-05-16 22:00:28]   [additional_pdf/architecture] fetching ცხრილი დამატ. არქიტექტურის, ურბანისტიკისა და დიზაინის.pdf
[2026-05-16 22:00:29]   [additional_pdf/architecture] 90193 bytes, parsing PDF
[2026-05-16 22:00:29]   [additional_pdf/architecture] 2 pages, 5806 text chars
[2026-05-16 22:00:29]   [additional_pdf/architecture] structured: 18 logical rows -> 15 lectures
[2026-05-16 22:00:29]   [additional_pdf/law] fetching სამართლისა და საერტაშორისო ურთ.დამატებითი ცხრილი_17_04_2026.pdf
[2026-05-16 22:00:29]   [additional_pdf/law] 284550 bytes, parsing PDF
[2026-05-16 22:00:29]   [additional_pdf/law] 9 pages, 16229 text chars
[2026-05-16 22:00:29]   [additional_pdf/law] raw text only
[2026-05-16 22:00:29]   [additional_pdf/ims] fetching იმს დამატებითი სასწავლო კურსების ცხრილი 2025-2026 II სემესტრი 9_05_2026.pdf
[2026-05-16 22:00:30]   [additional_pdf/ims] 205716 bytes, parsing PDF
[2026-05-16 22:00:30]   [additional_pdf/ims] 10 pages, 29623 text chars
[2026-05-16 22:00:31]   [additional_pdf/ims] structured: 141 logical rows -> 132 lectures
[2026-05-16 22:00:31]   [additional_pdf/business] fetching ბიზნესტექნოლოგიები_დამატებითი_17_04_2026.pdf
[2026-05-16 22:00:31]   [additional_pdf/business] 114955 bytes, parsing PDF
[2026-05-16 22:00:31]   [additional_pdf/business] 4 pages, 12300 text chars
[2026-05-16 22:00:31]   [additional_pdf/business] structured: 37 logical rows -> 19 lectures
[2026-05-16 22:00:31]   [additional_pdf/social] fetching დამატებიი ცხრილი სოციალურ მეცნიერებათა ფაკულტეტი 15_05_2026.pdf
[2026-05-16 22:00:31]   [additional_pdf/social] 86807 bytes, parsing PDF
[2026-05-16 22:00:31]   [additional_pdf/social] 1 pages, 2911 text chars
[2026-05-16 22:00:31]   [additional_pdf/social] raw text only
[2026-05-16 22:00:31] additional_pdf: stored 10, failed 0
[2026-05-16 22:00:31] midterm_pdf: no PDFs
[2026-05-16 22:00:31] done in 29.76s
[2026-05-17 02:00:02] fetching homepage
[2026-05-17 02:00:03] discovered 12 links across 2 sections
[2026-05-17 02:00:03] teachers_html: 2 unique source(s)
[2026-05-17 02:00:04]   [http://leqtori.gtu.ge:9000/public/teachers_2025_2026_2_9.html] fetching
[2026-05-17 02:00:05]   fetched 8020100 bytes
[2026-05-17 02:00:07]   parsed 10216 lectures from IX კვირის სასწავლო ცხრილი
[2026-05-17 02:01:24]   stored 10216 (deduped 0) into lecture
[2026-05-17 02:01:24]   [http://leqtori.gtu.ge:9000/public/prof_teachers.html] fetching
[2026-05-17 02:01:25]   fetched 111363 bytes
[2026-05-17 02:01:25]   parsed 52 lectures from IX კვირის სასწავლო ცხრილი
[2026-05-17 02:01:25]   stored 52 (deduped 0) into lecture
[2026-05-17 02:01:25] teachers totals: 1680 teachers, 4571 subjects, 10268 lectures
[2026-05-17 02:01:25] additional_pdf: 10 PDF(s) to fetch
[2026-05-17 02:01:25]   [additional_pdf/construction] fetching დამატ. ცხრ. -25-26 2 21.04.26 სამშენებლო.pdf
[2026-05-17 02:01:25]   [additional_pdf/construction] 307648 bytes, parsing PDF
[2026-05-17 02:01:26]   [additional_pdf/construction] 14 pages, 52664 text chars
[2026-05-17 02:01:27]   [additional_pdf/construction] structured: 195 logical rows -> 185 lectures
[2026-05-17 02:01:27]   [additional_pdf/power] fetching ენერგ ფაკ. დამატებითი_2025_2026_II_07_04_2026).pdf
[2026-05-17 02:01:27]   [additional_pdf/power] 71228 bytes, parsing PDF
[2026-05-17 02:01:27]   [additional_pdf/power] 2 pages, 6454 text chars
[2026-05-17 02:01:27]   [additional_pdf/power] raw text only
[2026-05-17 02:01:27]   [additional_pdf/mining] fetching სამთო-გეოლოგიური და მთის მდგრადი განვითარების ფაკულტეტი.pdf
[2026-05-17 02:01:27]   [additional_pdf/mining] 51893 bytes, parsing PDF
[2026-05-17 02:01:27]   [additional_pdf/mining] 1 pages, 2197 text chars
[2026-05-17 02:01:27]   [additional_pdf/mining] structured: 9 logical rows -> 8 lectures
[2026-05-17 02:01:27]   [additional_pdf/agrarian] fetching 2025-2026 II აგრარული დამატებითი_16_04_2026.pdf
[2026-05-17 02:01:28]   [additional_pdf/agrarian] 130098 bytes, parsing PDF
[2026-05-17 02:01:28]   [additional_pdf/agrarian] 4 pages, 11664 text chars
[2026-05-17 02:01:28]   [additional_pdf/agrarian] structured: 64 logical rows -> 64 lectures
[2026-05-17 02:01:28]   [additional_pdf/transport] fetching 05 დამატებითი ცხრილი . 23.04.2026.pdf
[2026-05-17 02:01:29]   [additional_pdf/transport] 164850 bytes, parsing PDF
[2026-05-17 02:01:29]   [additional_pdf/transport] 7 pages, 16906 text chars
[2026-05-17 02:01:29]   [additional_pdf/transport] raw text only
[2026-05-17 02:01:29]   [additional_pdf/architecture] fetching ცხრილი დამატ. არქიტექტურის, ურბანისტიკისა და დიზაინის.pdf
[2026-05-17 02:01:29]   [additional_pdf/architecture] 90193 bytes, parsing PDF
[2026-05-17 02:01:29]   [additional_pdf/architecture] 2 pages, 5806 text chars
[2026-05-17 02:01:29]   [additional_pdf/architecture] structured: 18 logical rows -> 15 lectures
[2026-05-17 02:01:29]   [additional_pdf/law] fetching სამართლისა და საერტაშორისო ურთ.დამატებითი ცხრილი_17_04_2026.pdf
[2026-05-17 02:01:30]   [additional_pdf/law] 284550 bytes, parsing PDF
[2026-05-17 02:01:30]   [additional_pdf/law] 9 pages, 16229 text chars
[2026-05-17 02:01:30]   [additional_pdf/law] raw text only
[2026-05-17 02:01:30]   [additional_pdf/ims] fetching იმს დამატებითი სასწავლო კურსების ცხრილი 2025-2026 II სემესტრი 9_05_2026.pdf
[2026-05-17 02:01:31]   [additional_pdf/ims] 205716 bytes, parsing PDF
[2026-05-17 02:01:31]   [additional_pdf/ims] 10 pages, 29623 text chars
[2026-05-17 02:01:32]   [additional_pdf/ims] structured: 141 logical rows -> 132 lectures
[2026-05-17 02:01:32]   [additional_pdf/business] fetching ბიზნესტექნოლოგიები_დამატებითი_17_04_2026.pdf
[2026-05-17 02:01:32]   [additional_pdf/business] 114955 bytes, parsing PDF
[2026-05-17 02:01:32]   [additional_pdf/business] 4 pages, 12300 text chars
[2026-05-17 02:01:32]   [additional_pdf/business] structured: 37 logical rows -> 19 lectures
[2026-05-17 02:01:32]   [additional_pdf/social] fetching დამატებიი ცხრილი სოციალურ მეცნიერებათა ფაკულტეტი 15_05_2026.pdf
[2026-05-17 02:01:33]   [additional_pdf/social] 86807 bytes, parsing PDF
[2026-05-17 02:01:33]   [additional_pdf/social] 1 pages, 2911 text chars
[2026-05-17 02:01:33]   [additional_pdf/social] raw text only
[2026-05-17 02:01:33] additional_pdf: stored 10, failed 0
[2026-05-17 02:01:33] midterm_pdf: no PDFs
[2026-05-17 02:01:33] done in 91.07s
[2026-05-17 07:00:02] fetching homepage
[2026-05-17 07:00:03] discovered 12 links across 2 sections
[2026-05-17 07:00:03] teachers_html: 2 unique source(s)
[2026-05-17 07:00:04]   [http://leqtori.gtu.ge:9000/public/teachers_2025_2026_2_9.html] fetching
[2026-05-17 07:00:05]   fetched 8020100 bytes
[2026-05-17 07:00:06]   parsed 10216 lectures from IX კვირის სასწავლო ცხრილი
[2026-05-17 07:00:23]   stored 10216 (deduped 0) into lecture
[2026-05-17 07:00:23]   [http://leqtori.gtu.ge:9000/public/prof_teachers.html] fetching
[2026-05-17 07:00:23]   fetched 111363 bytes
[2026-05-17 07:00:23]   parsed 52 lectures from IX კვირის სასწავლო ცხრილი
[2026-05-17 07:00:23]   stored 52 (deduped 0) into lecture
[2026-05-17 07:00:23] teachers totals: 1680 teachers, 4571 subjects, 10268 lectures
[2026-05-17 07:00:23] additional_pdf: 10 PDF(s) to fetch
[2026-05-17 07:00:23]   [additional_pdf/construction] fetching დამატ. ცხრ. -25-26 2 21.04.26 სამშენებლო.pdf
[2026-05-17 07:00:24]   [additional_pdf/construction] 307648 bytes, parsing PDF
[2026-05-17 07:00:24]   [additional_pdf/construction] 14 pages, 52664 text chars
[2026-05-17 07:00:25]   [additional_pdf/construction] structured: 195 logical rows -> 185 lectures
[2026-05-17 07:00:25]   [additional_pdf/power] fetching ენერგ ფაკ. დამატებითი_2025_2026_II_07_04_2026).pdf
[2026-05-17 07:00:25]   [additional_pdf/power] 71228 bytes, parsing PDF
[2026-05-17 07:00:25]   [additional_pdf/power] 2 pages, 6454 text chars
[2026-05-17 07:00:26]   [additional_pdf/power] raw text only
[2026-05-17 07:00:26]   [additional_pdf/mining] fetching სამთო-გეოლოგიური და მთის მდგრადი განვითარების ფაკულტეტი.pdf
[2026-05-17 07:00:26]   [additional_pdf/mining] 51893 bytes, parsing PDF
[2026-05-17 07:00:26]   [additional_pdf/mining] 1 pages, 2197 text chars
[2026-05-17 07:00:26]   [additional_pdf/mining] structured: 9 logical rows -> 8 lectures
[2026-05-17 07:00:26]   [additional_pdf/agrarian] fetching 2025-2026 II აგრარული დამატებითი_16_04_2026.pdf
[2026-05-17 07:00:26]   [additional_pdf/agrarian] 130098 bytes, parsing PDF
[2026-05-17 07:00:26]   [additional_pdf/agrarian] 4 pages, 11664 text chars
[2026-05-17 07:00:26]   [additional_pdf/agrarian] structured: 64 logical rows -> 64 lectures
[2026-05-17 07:00:26]   [additional_pdf/transport] fetching 05 დამატებითი ცხრილი . 23.04.2026.pdf
[2026-05-17 07:00:27]   [additional_pdf/transport] 164850 bytes, parsing PDF
[2026-05-17 07:00:27]   [additional_pdf/transport] 7 pages, 16906 text chars
[2026-05-17 07:00:27]   [additional_pdf/transport] raw text only
[2026-05-17 07:00:27]   [additional_pdf/architecture] fetching ცხრილი დამატ. არქიტექტურის, ურბანისტიკისა და დიზაინის.pdf
[2026-05-17 07:00:27]   [additional_pdf/architecture] 90193 bytes, parsing PDF
[2026-05-17 07:00:27]   [additional_pdf/architecture] 2 pages, 5806 text chars
[2026-05-17 07:00:27]   [additional_pdf/architecture] structured: 18 logical rows -> 15 lectures
[2026-05-17 07:00:27]   [additional_pdf/law] fetching სამართლისა და საერტაშორისო ურთ.დამატებითი ცხრილი_17_04_2026.pdf
[2026-05-17 07:00:28]   [additional_pdf/law] 284550 bytes, parsing PDF
[2026-05-17 07:00:28]   [additional_pdf/law] 9 pages, 16229 text chars
[2026-05-17 07:00:28]   [additional_pdf/law] raw text only
[2026-05-17 07:00:28]   [additional_pdf/ims] fetching იმს დამატებითი სასწავლო კურსების ცხრილი 2025-2026 II სემესტრი 9_05_2026.pdf
[2026-05-17 07:00:29]   [additional_pdf/ims] 205716 bytes, parsing PDF
[2026-05-17 07:00:29]   [additional_pdf/ims] 10 pages, 29623 text chars
[2026-05-17 07:00:29]   [additional_pdf/ims] structured: 141 logical rows -> 132 lectures
[2026-05-17 07:00:29]   [additional_pdf/business] fetching ბიზნესტექნოლოგიები_დამატებითი_17_04_2026.pdf
[2026-05-17 07:00:30]   [additional_pdf/business] 114955 bytes, parsing PDF
[2026-05-17 07:00:30]   [additional_pdf/business] 4 pages, 12300 text chars
[2026-05-17 07:00:30]   [additional_pdf/business] structured: 37 logical rows -> 19 lectures
[2026-05-17 07:00:30]   [additional_pdf/social] fetching დამატებიი ცხრილი სოციალურ მეცნიერებათა ფაკულტეტი 15_05_2026.pdf
[2026-05-17 07:00:30]   [additional_pdf/social] 86807 bytes, parsing PDF
[2026-05-17 07:00:30]   [additional_pdf/social] 1 pages, 2911 text chars
[2026-05-17 07:00:30]   [additional_pdf/social] raw text only
[2026-05-17 07:00:30] additional_pdf: stored 10, failed 0
[2026-05-17 07:00:30] midterm_pdf: no PDFs
[2026-05-17 07:00:30] done in 28.53s
[2026-05-17 12:00:01] fetching homepage
[2026-05-17 12:00:02] discovered 12 links across 2 sections
[2026-05-17 12:00:02] teachers_html: 2 unique source(s)
[2026-05-17 12:00:03]   [http://leqtori.gtu.ge:9000/public/teachers_2025_2026_2_9.html] fetching
[2026-05-17 12:00:04]   fetched 8020100 bytes
[2026-05-17 12:00:06]   parsed 10216 lectures from IX კვირის სასწავლო ცხრილი
[2026-05-17 12:00:25]   stored 10216 (deduped 0) into lecture
[2026-05-17 12:00:25]   [http://leqtori.gtu.ge:9000/public/prof_teachers.html] fetching
[2026-05-17 12:00:25]   fetched 111363 bytes
[2026-05-17 12:00:25]   parsed 52 lectures from IX კვირის სასწავლო ცხრილი
[2026-05-17 12:00:25]   stored 52 (deduped 0) into lecture
[2026-05-17 12:00:25] teachers totals: 1680 teachers, 4571 subjects, 10268 lectures
[2026-05-17 12:00:25] additional_pdf: 10 PDF(s) to fetch
[2026-05-17 12:00:25]   [additional_pdf/construction] fetching დამატ. ცხრ. -25-26 2 21.04.26 სამშენებლო.pdf
[2026-05-17 12:00:26]   [additional_pdf/construction] 307648 bytes, parsing PDF
[2026-05-17 12:00:26]   [additional_pdf/construction] 14 pages, 52664 text chars
[2026-05-17 12:00:27]   [additional_pdf/construction] structured: 195 logical rows -> 185 lectures
[2026-05-17 12:00:27]   [additional_pdf/power] fetching ენერგ ფაკ. დამატებითი_2025_2026_II_07_04_2026).pdf
[2026-05-17 12:00:27]   [additional_pdf/power] 71228 bytes, parsing PDF
[2026-05-17 12:00:27]   [additional_pdf/power] 2 pages, 6454 text chars
[2026-05-17 12:00:27]   [additional_pdf/power] raw text only
[2026-05-17 12:00:27]   [additional_pdf/mining] fetching სამთო-გეოლოგიური და მთის მდგრადი განვითარების ფაკულტეტი.pdf
[2026-05-17 12:00:28]   [additional_pdf/mining] 51893 bytes, parsing PDF
[2026-05-17 12:00:28]   [additional_pdf/mining] 1 pages, 2197 text chars
[2026-05-17 12:00:28]   [additional_pdf/mining] structured: 9 logical rows -> 8 lectures
[2026-05-17 12:00:28]   [additional_pdf/agrarian] fetching 2025-2026 II აგრარული დამატებითი_16_04_2026.pdf
[2026-05-17 12:00:28]   [additional_pdf/agrarian] 130098 bytes, parsing PDF
[2026-05-17 12:00:28]   [additional_pdf/agrarian] 4 pages, 11664 text chars
[2026-05-17 12:00:28]   [additional_pdf/agrarian] structured: 64 logical rows -> 64 lectures
[2026-05-17 12:00:28]   [additional_pdf/transport] fetching 05 დამატებითი ცხრილი . 23.04.2026.pdf
[2026-05-17 12:00:29]   [additional_pdf/transport] 164850 bytes, parsing PDF
[2026-05-17 12:00:29]   [additional_pdf/transport] 7 pages, 16906 text chars
[2026-05-17 12:00:29]   [additional_pdf/transport] raw text only
[2026-05-17 12:00:29]   [additional_pdf/architecture] fetching ცხრილი დამატ. არქიტექტურის, ურბანისტიკისა და დიზაინის.pdf
[2026-05-17 12:00:29]   [additional_pdf/architecture] 90193 bytes, parsing PDF
[2026-05-17 12:00:29]   [additional_pdf/architecture] 2 pages, 5806 text chars
[2026-05-17 12:00:29]   [additional_pdf/architecture] structured: 18 logical rows -> 15 lectures
[2026-05-17 12:00:29]   [additional_pdf/law] fetching სამართლისა და საერტაშორისო ურთ.დამატებითი ცხრილი_17_04_2026.pdf
[2026-05-17 12:00:30]   [additional_pdf/law] 284550 bytes, parsing PDF
[2026-05-17 12:00:30]   [additional_pdf/law] 9 pages, 16229 text chars
[2026-05-17 12:00:30]   [additional_pdf/law] raw text only
[2026-05-17 12:00:30]   [additional_pdf/ims] fetching იმს დამატებითი სასწავლო კურსების ცხრილი 2025-2026 II სემესტრი 9_05_2026.pdf
[2026-05-17 12:00:31]   [additional_pdf/ims] 205716 bytes, parsing PDF
[2026-05-17 12:00:31]   [additional_pdf/ims] 10 pages, 29623 text chars
[2026-05-17 12:00:31]   [additional_pdf/ims] structured: 141 logical rows -> 132 lectures
[2026-05-17 12:00:31]   [additional_pdf/business] fetching ბიზნესტექნოლოგიები_დამატებითი_17_04_2026.pdf
[2026-05-17 12:00:32]   [additional_pdf/business] 114955 bytes, parsing PDF
[2026-05-17 12:00:32]   [additional_pdf/business] 4 pages, 12300 text chars
[2026-05-17 12:00:32]   [additional_pdf/business] structured: 37 logical rows -> 19 lectures
[2026-05-17 12:00:32]   [additional_pdf/social] fetching დამატებიი ცხრილი სოციალურ მეცნიერებათა ფაკულტეტი 15_05_2026.pdf
[2026-05-17 12:00:32]   [additional_pdf/social] 86807 bytes, parsing PDF
[2026-05-17 12:00:32]   [additional_pdf/social] 1 pages, 2911 text chars
[2026-05-17 12:00:32]   [additional_pdf/social] raw text only
[2026-05-17 12:00:32] additional_pdf: stored 10, failed 0
[2026-05-17 12:00:32] midterm_pdf: no PDFs
[2026-05-17 12:00:32] done in 30.80s
[2026-05-17 17:00:01] fetching homepage
[2026-05-17 17:00:02] discovered 12 links across 2 sections
[2026-05-17 17:00:02] teachers_html: 2 unique source(s)
[2026-05-17 17:00:03]   [http://leqtori.gtu.ge:9000/public/teachers_2025_2026_2_9.html] fetching
[2026-05-17 17:00:04]   fetched 8020100 bytes
[2026-05-17 17:00:06]   parsed 10216 lectures from IX კვირის სასწავლო ცხრილი
[2026-05-17 17:00:23]   stored 10216 (deduped 0) into lecture
[2026-05-17 17:00:23]   [http://leqtori.gtu.ge:9000/public/prof_teachers.html] fetching
[2026-05-17 17:00:23]   fetched 111363 bytes
[2026-05-17 17:00:23]   parsed 52 lectures from IX კვირის სასწავლო ცხრილი
[2026-05-17 17:00:24]   stored 52 (deduped 0) into lecture
[2026-05-17 17:00:24] teachers totals: 1680 teachers, 4571 subjects, 10268 lectures
[2026-05-17 17:00:24] additional_pdf: 10 PDF(s) to fetch
[2026-05-17 17:00:24]   [additional_pdf/construction] fetching დამატ. ცხრ. -25-26 2 21.04.26 სამშენებლო.pdf
[2026-05-17 17:00:24]   [additional_pdf/construction] 307648 bytes, parsing PDF
[2026-05-17 17:00:24]   [additional_pdf/construction] 14 pages, 52664 text chars
[2026-05-17 17:00:25]   [additional_pdf/construction] structured: 195 logical rows -> 185 lectures
[2026-05-17 17:00:25]   [additional_pdf/power] fetching ენერგ ფაკ. დამატებითი_2025_2026_II_07_04_2026).pdf
[2026-05-17 17:00:25]   [additional_pdf/power] 71228 bytes, parsing PDF
[2026-05-17 17:00:26]   [additional_pdf/power] 2 pages, 6454 text chars
[2026-05-17 17:00:26]   [additional_pdf/power] raw text only
[2026-05-17 17:00:26]   [additional_pdf/mining] fetching სამთო-გეოლოგიური და მთის მდგრადი განვითარების ფაკულტეტი.pdf
[2026-05-17 17:00:26]   [additional_pdf/mining] 51893 bytes, parsing PDF
[2026-05-17 17:00:26]   [additional_pdf/mining] 1 pages, 2197 text chars
[2026-05-17 17:00:26]   [additional_pdf/mining] structured: 9 logical rows -> 8 lectures
[2026-05-17 17:00:26]   [additional_pdf/agrarian] fetching 2025-2026 II აგრარული დამატებითი_16_04_2026.pdf
[2026-05-17 17:00:26]   [additional_pdf/agrarian] 130098 bytes, parsing PDF
[2026-05-17 17:00:26]   [additional_pdf/agrarian] 4 pages, 11664 text chars
[2026-05-17 17:00:26]   [additional_pdf/agrarian] structured: 64 logical rows -> 64 lectures
[2026-05-17 17:00:26]   [additional_pdf/transport] fetching 05 დამატებითი ცხრილი . 23.04.2026.pdf
[2026-05-17 17:00:27]   [additional_pdf/transport] 164850 bytes, parsing PDF
[2026-05-17 17:00:27]   [additional_pdf/transport] 7 pages, 16906 text chars
[2026-05-17 17:00:27]   [additional_pdf/transport] raw text only
[2026-05-17 17:00:27]   [additional_pdf/architecture] fetching ცხრილი დამატ. არქიტექტურის, ურბანისტიკისა და დიზაინის.pdf
[2026-05-17 17:00:27]   [additional_pdf/architecture] 90193 bytes, parsing PDF
[2026-05-17 17:00:27]   [additional_pdf/architecture] 2 pages, 5806 text chars
[2026-05-17 17:00:27]   [additional_pdf/architecture] structured: 18 logical rows -> 15 lectures
[2026-05-17 17:00:27]   [additional_pdf/law] fetching სამართლისა და საერტაშორისო ურთ.დამატებითი ცხრილი_17_04_2026.pdf
[2026-05-17 17:00:28]   [additional_pdf/law] 284550 bytes, parsing PDF
[2026-05-17 17:00:28]   [additional_pdf/law] 9 pages, 16229 text chars
[2026-05-17 17:00:28]   [additional_pdf/law] raw text only
[2026-05-17 17:00:28]   [additional_pdf/ims] fetching იმს დამატებითი სასწავლო კურსების ცხრილი 2025-2026 II სემესტრი 9_05_2026.pdf
[2026-05-17 17:00:29]   [additional_pdf/ims] 205716 bytes, parsing PDF
[2026-05-17 17:00:29]   [additional_pdf/ims] 10 pages, 29623 text chars
[2026-05-17 17:00:30]   [additional_pdf/ims] structured: 141 logical rows -> 132 lectures
[2026-05-17 17:00:30]   [additional_pdf/business] fetching ბიზნესტექნოლოგიები_დამატებითი_17_04_2026.pdf
[2026-05-17 17:00:30]   [additional_pdf/business] 114955 bytes, parsing PDF
[2026-05-17 17:00:30]   [additional_pdf/business] 4 pages, 12300 text chars
[2026-05-17 17:00:30]   [additional_pdf/business] structured: 37 logical rows -> 19 lectures
[2026-05-17 17:00:30]   [additional_pdf/social] fetching დამატებიი ცხრილი სოციალურ მეცნიერებათა ფაკულტეტი 15_05_2026.pdf
[2026-05-17 17:00:31]   [additional_pdf/social] 86807 bytes, parsing PDF
[2026-05-17 17:00:31]   [additional_pdf/social] 1 pages, 2911 text chars
[2026-05-17 17:00:31]   [additional_pdf/social] raw text only
[2026-05-17 17:00:31] additional_pdf: stored 10, failed 0
[2026-05-17 17:00:31] midterm_pdf: no PDFs
[2026-05-17 17:00:31] done in 29.77s
[2026-05-17 22:00:01] fetching homepage
[2026-05-17 22:00:02] discovered 12 links across 2 sections
[2026-05-17 22:00:02] teachers_html: 2 unique source(s)
[2026-05-17 22:00:03]   [http://leqtori.gtu.ge:9000/public/teachers_2025_2026_2_9.html] fetching
[2026-05-17 22:00:04]   fetched 8020100 bytes
[2026-05-17 22:00:07]   parsed 10216 lectures from IX კვირის სასწავლო ცხრილი
[2026-05-17 22:00:27]   stored 10216 (deduped 0) into lecture
[2026-05-17 22:00:27]   [http://leqtori.gtu.ge:9000/public/prof_teachers.html] fetching
[2026-05-17 22:00:27]   fetched 111363 bytes
[2026-05-17 22:00:27]   parsed 52 lectures from IX კვირის სასწავლო ცხრილი
[2026-05-17 22:00:28]   stored 52 (deduped 0) into lecture
[2026-05-17 22:00:28] teachers totals: 1680 teachers, 4571 subjects, 10268 lectures
[2026-05-17 22:00:28] additional_pdf: 10 PDF(s) to fetch
[2026-05-17 22:00:28]   [additional_pdf/construction] fetching დამატ. ცხრ. -25-26 2 21.04.26 სამშენებლო.pdf
[2026-05-17 22:00:28]   [additional_pdf/construction] 307648 bytes, parsing PDF
[2026-05-17 22:00:28]   [additional_pdf/construction] 14 pages, 52664 text chars
[2026-05-17 22:00:29]   [additional_pdf/construction] structured: 195 logical rows -> 185 lectures
[2026-05-17 22:00:29]   [additional_pdf/power] fetching ენერგ ფაკ. დამატებითი_2025_2026_II_07_04_2026).pdf
[2026-05-17 22:00:29]   [additional_pdf/power] 71228 bytes, parsing PDF
[2026-05-17 22:00:30]   [additional_pdf/power] 2 pages, 6454 text chars
[2026-05-17 22:00:30]   [additional_pdf/power] raw text only
[2026-05-17 22:00:30]   [additional_pdf/mining] fetching სამთო-გეოლოგიური და მთის მდგრადი განვითარების ფაკულტეტი.pdf
[2026-05-17 22:00:30]   [additional_pdf/mining] 51893 bytes, parsing PDF
[2026-05-17 22:00:30]   [additional_pdf/mining] 1 pages, 2197 text chars
[2026-05-17 22:00:30]   [additional_pdf/mining] structured: 9 logical rows -> 8 lectures
[2026-05-17 22:00:30]   [additional_pdf/agrarian] fetching 2025-2026 II აგრარული დამატებითი_16_04_2026.pdf
[2026-05-17 22:00:30]   [additional_pdf/agrarian] 130098 bytes, parsing PDF
[2026-05-17 22:00:30]   [additional_pdf/agrarian] 4 pages, 11664 text chars
[2026-05-17 22:00:30]   [additional_pdf/agrarian] structured: 64 logical rows -> 64 lectures
[2026-05-17 22:00:30]   [additional_pdf/transport] fetching 05 დამატებითი ცხრილი . 23.04.2026.pdf
[2026-05-17 22:00:31]   [additional_pdf/transport] 164850 bytes, parsing PDF
[2026-05-17 22:00:31]   [additional_pdf/transport] 7 pages, 16906 text chars
[2026-05-17 22:00:31]   [additional_pdf/transport] raw text only
[2026-05-17 22:00:31]   [additional_pdf/architecture] fetching ცხრილი დამატ. არქიტექტურის, ურბანისტიკისა და დიზაინის.pdf
[2026-05-17 22:00:31]   [additional_pdf/architecture] 90193 bytes, parsing PDF
[2026-05-17 22:00:31]   [additional_pdf/architecture] 2 pages, 5806 text chars
[2026-05-17 22:00:32]   [additional_pdf/architecture] structured: 18 logical rows -> 15 lectures
[2026-05-17 22:00:32]   [additional_pdf/law] fetching სამართლისა და საერტაშორისო ურთ.დამატებითი ცხრილი_17_04_2026.pdf
[2026-05-17 22:00:32]   [additional_pdf/law] 284550 bytes, parsing PDF
[2026-05-17 22:00:32]   [additional_pdf/law] 9 pages, 16229 text chars
[2026-05-17 22:00:32]   [additional_pdf/law] raw text only
[2026-05-17 22:00:32]   [additional_pdf/ims] fetching იმს დამატებითი სასწავლო კურსების ცხრილი 2025-2026 II სემესტრი 9_05_2026.pdf
[2026-05-17 22:00:33]   [additional_pdf/ims] 205716 bytes, parsing PDF
[2026-05-17 22:00:33]   [additional_pdf/ims] 10 pages, 29623 text chars
[2026-05-17 22:00:34]   [additional_pdf/ims] structured: 141 logical rows -> 132 lectures
[2026-05-17 22:00:34]   [additional_pdf/business] fetching ბიზნესტექნოლოგიები_დამატებითი_17_04_2026.pdf
[2026-05-17 22:00:34]   [additional_pdf/business] 114955 bytes, parsing PDF
[2026-05-17 22:00:34]   [additional_pdf/business] 4 pages, 12300 text chars
[2026-05-17 22:00:34]   [additional_pdf/business] structured: 37 logical rows -> 19 lectures
[2026-05-17 22:00:34]   [additional_pdf/social] fetching დამატებიი ცხრილი სოციალურ მეცნიერებათა ფაკულტეტი 15_05_2026.pdf
[2026-05-17 22:00:35]   [additional_pdf/social] 86807 bytes, parsing PDF
[2026-05-17 22:00:35]   [additional_pdf/social] 1 pages, 2911 text chars
[2026-05-17 22:00:35]   [additional_pdf/social] raw text only
[2026-05-17 22:00:35] additional_pdf: stored 10, failed 0
[2026-05-17 22:00:35] midterm_pdf: no PDFs
[2026-05-17 22:00:35] done in 33.90s
[2026-05-18 02:00:02] fetching homepage
[2026-05-18 02:00:03] discovered 12 links across 2 sections
[2026-05-18 02:00:03] teachers_html: 2 unique source(s)
[2026-05-18 02:00:03]   [http://leqtori.gtu.ge:9000/public/teachers_2025_2026_2_9.html] fetching
[2026-05-18 02:00:08]   fetched 8020100 bytes
[2026-05-18 02:00:10]   parsed 10216 lectures from IX კვირის სასწავლო ცხრილი
[2026-05-18 02:01:13]   stored 10216 (deduped 0) into lecture
[2026-05-18 02:01:13]   [http://leqtori.gtu.ge:9000/public/prof_teachers.html] fetching
[2026-05-18 02:01:14]   fetched 111363 bytes
[2026-05-18 02:01:14]   parsed 52 lectures from IX კვირის სასწავლო ცხრილი
[2026-05-18 02:01:14]   stored 52 (deduped 0) into lecture
[2026-05-18 02:01:14] teachers totals: 1680 teachers, 4571 subjects, 10268 lectures
[2026-05-18 02:01:14] additional_pdf: 10 PDF(s) to fetch
[2026-05-18 02:01:14]   [additional_pdf/construction] fetching დამატ. ცხრ. -25-26 2 21.04.26 სამშენებლო.pdf
[2026-05-18 02:01:14]   [additional_pdf/construction] 307648 bytes, parsing PDF
[2026-05-18 02:01:15]   [additional_pdf/construction] 14 pages, 52664 text chars
[2026-05-18 02:01:16]   [additional_pdf/construction] structured: 195 logical rows -> 185 lectures
[2026-05-18 02:01:16]   [additional_pdf/power] fetching ენერგ ფაკ. დამატებითი_2025_2026_II_07_04_2026).pdf
[2026-05-18 02:01:16]   [additional_pdf/power] 71228 bytes, parsing PDF
[2026-05-18 02:01:16]   [additional_pdf/power] 2 pages, 6454 text chars
[2026-05-18 02:01:16]   [additional_pdf/power] raw text only
[2026-05-18 02:01:16]   [additional_pdf/mining] fetching სამთო-გეოლოგიური და მთის მდგრადი განვითარების ფაკულტეტი.pdf
[2026-05-18 02:01:17]   [additional_pdf/mining] 51893 bytes, parsing PDF
[2026-05-18 02:01:17]   [additional_pdf/mining] 1 pages, 2197 text chars
[2026-05-18 02:01:17]   [additional_pdf/mining] structured: 9 logical rows -> 8 lectures
[2026-05-18 02:01:17]   [additional_pdf/agrarian] fetching 2025-2026 II აგრარული დამატებითი_16_04_2026.pdf
[2026-05-18 02:01:17]   [additional_pdf/agrarian] 130098 bytes, parsing PDF
[2026-05-18 02:01:17]   [additional_pdf/agrarian] 4 pages, 11664 text chars
[2026-05-18 02:01:18]   [additional_pdf/agrarian] structured: 64 logical rows -> 64 lectures
[2026-05-18 02:01:18]   [additional_pdf/transport] fetching 05 დამატებითი ცხრილი . 23.04.2026.pdf
[2026-05-18 02:01:18]   [additional_pdf/transport] 164850 bytes, parsing PDF
[2026-05-18 02:01:18]   [additional_pdf/transport] 7 pages, 16906 text chars
[2026-05-18 02:01:18]   [additional_pdf/transport] raw text only
[2026-05-18 02:01:18]   [additional_pdf/architecture] fetching ცხრილი დამატ. არქიტექტურის, ურბანისტიკისა და დიზაინის.pdf
[2026-05-18 02:01:19]   [additional_pdf/architecture] 90193 bytes, parsing PDF
[2026-05-18 02:01:19]   [additional_pdf/architecture] 2 pages, 5806 text chars
[2026-05-18 02:01:19]   [additional_pdf/architecture] structured: 18 logical rows -> 15 lectures
[2026-05-18 02:01:19]   [additional_pdf/law] fetching სამართლისა და საერტაშორისო ურთ.დამატებითი ცხრილი_17_04_2026.pdf
[2026-05-18 02:01:19]   [additional_pdf/law] 284550 bytes, parsing PDF
[2026-05-18 02:01:20]   [additional_pdf/law] 9 pages, 16229 text chars
[2026-05-18 02:01:20]   [additional_pdf/law] raw text only
[2026-05-18 02:01:20]   [additional_pdf/ims] fetching იმს დამატებითი სასწავლო კურსების ცხრილი 2025-2026 II სემესტრი 9_05_2026.pdf
[2026-05-18 02:01:20]   [additional_pdf/ims] 205716 bytes, parsing PDF
[2026-05-18 02:01:21]   [additional_pdf/ims] 10 pages, 29623 text chars
[2026-05-18 02:01:21]   [additional_pdf/ims] structured: 141 logical rows -> 132 lectures
[2026-05-18 02:01:21]   [additional_pdf/business] fetching ბიზნესტექნოლოგიები_დამატებითი_17_04_2026.pdf
[2026-05-18 02:01:22]   [additional_pdf/business] 114955 bytes, parsing PDF
[2026-05-18 02:01:22]   [additional_pdf/business] 4 pages, 12300 text chars
[2026-05-18 02:01:22]   [additional_pdf/business] structured: 37 logical rows -> 19 lectures
[2026-05-18 02:01:22]   [additional_pdf/social] fetching დამატებიი ცხრილი სოციალურ მეცნიერებათა ფაკულტეტი 15_05_2026.pdf
[2026-05-18 02:01:22]   [additional_pdf/social] 86807 bytes, parsing PDF
[2026-05-18 02:01:22]   [additional_pdf/social] 1 pages, 2911 text chars
[2026-05-18 02:01:22]   [additional_pdf/social] raw text only
[2026-05-18 02:01:22] additional_pdf: stored 10, failed 0
[2026-05-18 02:01:22] midterm_pdf: no PDFs
[2026-05-18 02:01:22] done in 80.76s
[2026-05-18 07:00:02] fetching homepage
[2026-05-18 07:00:03] discovered 12 links across 2 sections
[2026-05-18 07:00:03] teachers_html: 2 unique source(s)
[2026-05-18 07:00:04]   [http://leqtori.gtu.ge:9000/public/teachers_2025_2026_2_9.html] fetching
[2026-05-18 07:00:05]   fetched 8020100 bytes
[2026-05-18 07:00:07]   parsed 10216 lectures from IX კვირის სასწავლო ცხრილი
[2026-05-18 07:00:28]   stored 10216 (deduped 0) into lecture
[2026-05-18 07:00:28]   [http://leqtori.gtu.ge:9000/public/prof_teachers.html] fetching
[2026-05-18 07:00:29]   fetched 111363 bytes
[2026-05-18 07:00:29]   parsed 52 lectures from IX კვირის სასწავლო ცხრილი
[2026-05-18 07:00:29]   stored 52 (deduped 0) into lecture
[2026-05-18 07:00:29] teachers totals: 1680 teachers, 4571 subjects, 10268 lectures
[2026-05-18 07:00:29] additional_pdf: 10 PDF(s) to fetch
[2026-05-18 07:00:29]   [additional_pdf/construction] fetching დამატ. ცხრ. -25-26 2 21.04.26 სამშენებლო.pdf
[2026-05-18 07:00:29]   [additional_pdf/construction] 307648 bytes, parsing PDF
[2026-05-18 07:00:30]   [additional_pdf/construction] 14 pages, 52664 text chars
[2026-05-18 07:00:30]   [additional_pdf/construction] structured: 195 logical rows -> 185 lectures
[2026-05-18 07:00:30]   [additional_pdf/power] fetching ენერგ ფაკ. დამატებითი_2025_2026_II_07_04_2026).pdf
[2026-05-18 07:00:31]   [additional_pdf/power] 71228 bytes, parsing PDF
[2026-05-18 07:00:31]   [additional_pdf/power] 2 pages, 6454 text chars
[2026-05-18 07:00:31]   [additional_pdf/power] raw text only
[2026-05-18 07:00:31]   [additional_pdf/mining] fetching სამთო-გეოლოგიური და მთის მდგრადი განვითარების ფაკულტეტი.pdf
[2026-05-18 07:00:31]   [additional_pdf/mining] 51893 bytes, parsing PDF
[2026-05-18 07:00:31]   [additional_pdf/mining] 1 pages, 2197 text chars
[2026-05-18 07:00:31]   [additional_pdf/mining] structured: 9 logical rows -> 8 lectures
[2026-05-18 07:00:31]   [additional_pdf/agrarian] fetching 2025-2026 II აგრარული დამატებითი_16_04_2026.pdf
[2026-05-18 07:00:32]   [additional_pdf/agrarian] 130098 bytes, parsing PDF
[2026-05-18 07:00:32]   [additional_pdf/agrarian] 4 pages, 11664 text chars
[2026-05-18 07:00:32]   [additional_pdf/agrarian] structured: 64 logical rows -> 64 lectures
[2026-05-18 07:00:32]   [additional_pdf/transport] fetching 05 დამატებითი ცხრილი . 23.04.2026.pdf
[2026-05-18 07:00:32]   [additional_pdf/transport] 164850 bytes, parsing PDF
[2026-05-18 07:00:33]   [additional_pdf/transport] 7 pages, 16906 text chars
[2026-05-18 07:00:33]   [additional_pdf/transport] raw text only
[2026-05-18 07:00:33]   [additional_pdf/architecture] fetching ცხრილი დამატ. არქიტექტურის, ურბანისტიკისა და დიზაინის.pdf
[2026-05-18 07:00:33]   [additional_pdf/architecture] 90193 bytes, parsing PDF
[2026-05-18 07:00:33]   [additional_pdf/architecture] 2 pages, 5806 text chars
[2026-05-18 07:00:33]   [additional_pdf/architecture] structured: 18 logical rows -> 15 lectures
[2026-05-18 07:00:33]   [additional_pdf/law] fetching სამართლისა და საერტაშორისო ურთ.დამატებითი ცხრილი_17_04_2026.pdf
[2026-05-18 07:00:34]   [additional_pdf/law] 284550 bytes, parsing PDF
[2026-05-18 07:00:34]   [additional_pdf/law] 9 pages, 16229 text chars
[2026-05-18 07:00:34]   [additional_pdf/law] raw text only
[2026-05-18 07:00:34]   [additional_pdf/ims] fetching იმს დამატებითი სასწავლო კურსების ცხრილი 2025-2026 II სემესტრი 9_05_2026.pdf
[2026-05-18 07:00:34]   [additional_pdf/ims] 205716 bytes, parsing PDF
[2026-05-18 07:00:35]   [additional_pdf/ims] 10 pages, 29623 text chars
[2026-05-18 07:00:35]   [additional_pdf/ims] structured: 141 logical rows -> 132 lectures
[2026-05-18 07:00:35]   [additional_pdf/business] fetching ბიზნესტექნოლოგიები_დამატებითი_17_04_2026.pdf
[2026-05-18 07:00:36]   [additional_pdf/business] 114955 bytes, parsing PDF
[2026-05-18 07:00:36]   [additional_pdf/business] 4 pages, 12300 text chars
[2026-05-18 07:00:36]   [additional_pdf/business] structured: 37 logical rows -> 19 lectures
[2026-05-18 07:00:36]   [additional_pdf/social] fetching დამატებიი ცხრილი სოციალურ მეცნიერებათა ფაკულტეტი 15_05_2026.pdf
[2026-05-18 07:00:36]   [additional_pdf/social] 86807 bytes, parsing PDF
[2026-05-18 07:00:36]   [additional_pdf/social] 1 pages, 2911 text chars
[2026-05-18 07:00:36]   [additional_pdf/social] raw text only
[2026-05-18 07:00:36] additional_pdf: stored 10, failed 0
[2026-05-18 07:00:36] midterm_pdf: no PDFs
[2026-05-18 07:00:36] done in 34.34s
[2026-05-18 12:00:02] fetching homepage
[2026-05-18 12:00:03] discovered 12 links across 2 sections
[2026-05-18 12:00:03] teachers_html: 2 unique source(s)
[2026-05-18 12:00:05]   [http://leqtori.gtu.ge:9000/public/teachers_2025_2026_2_9.html] fetching
[2026-05-18 12:00:06]   fetched 8020100 bytes
[2026-05-18 12:00:08]   parsed 10216 lectures from IX კვირის სასწავლო ცხრილი
[2026-05-18 12:00:25]   stored 10216 (deduped 0) into lecture
[2026-05-18 12:00:25]   [http://leqtori.gtu.ge:9000/public/prof_teachers.html] fetching
[2026-05-18 12:00:26]   fetched 111363 bytes
[2026-05-18 12:00:26]   parsed 52 lectures from IX კვირის სასწავლო ცხრილი
[2026-05-18 12:00:26]   stored 52 (deduped 0) into lecture
[2026-05-18 12:00:26] teachers totals: 1680 teachers, 4571 subjects, 10268 lectures
[2026-05-18 12:00:26] additional_pdf: 10 PDF(s) to fetch
[2026-05-18 12:00:26]   [additional_pdf/construction] fetching დამატ. ცხრ. -25-26 2 21.04.26 სამშენებლო.pdf
[2026-05-18 12:00:26]   [additional_pdf/construction] 307648 bytes, parsing PDF
[2026-05-18 12:00:26]   [additional_pdf/construction] 14 pages, 52664 text chars
[2026-05-18 12:00:27]   [additional_pdf/construction] structured: 195 logical rows -> 185 lectures
[2026-05-18 12:00:27]   [additional_pdf/power] fetching ენერგ ფაკ. დამატებითი_2025_2026_II_07_04_2026).pdf
[2026-05-18 12:00:28]   [additional_pdf/power] 71228 bytes, parsing PDF
[2026-05-18 12:00:28]   [additional_pdf/power] 2 pages, 6454 text chars
[2026-05-18 12:00:28]   [additional_pdf/power] raw text only
[2026-05-18 12:00:28]   [additional_pdf/mining] fetching სამთო-გეოლოგიური და მთის მდგრადი განვითარების ფაკულტეტი.pdf
[2026-05-18 12:00:28]   [additional_pdf/mining] 51893 bytes, parsing PDF
[2026-05-18 12:00:28]   [additional_pdf/mining] 1 pages, 2197 text chars
[2026-05-18 12:00:28]   [additional_pdf/mining] structured: 9 logical rows -> 8 lectures
[2026-05-18 12:00:28]   [additional_pdf/agrarian] fetching 2025-2026 II აგრარული დამატებითი_16_04_2026.pdf
[2026-05-18 12:00:29]   [additional_pdf/agrarian] 130098 bytes, parsing PDF
[2026-05-18 12:00:29]   [additional_pdf/agrarian] 4 pages, 11664 text chars
[2026-05-18 12:00:29]   [additional_pdf/agrarian] structured: 64 logical rows -> 64 lectures
[2026-05-18 12:00:29]   [additional_pdf/transport] fetching 05 დამატებითი ცხრილი . 23.04.2026.pdf
[2026-05-18 12:00:29]   [additional_pdf/transport] 164850 bytes, parsing PDF
[2026-05-18 12:00:29]   [additional_pdf/transport] 7 pages, 16906 text chars
[2026-05-18 12:00:29]   [additional_pdf/transport] raw text only
[2026-05-18 12:00:29]   [additional_pdf/architecture] fetching ცხრილი დამატ. არქიტექტურის, ურბანისტიკისა და დიზაინის.pdf
[2026-05-18 12:00:30]   [additional_pdf/architecture] 90193 bytes, parsing PDF
[2026-05-18 12:00:30]   [additional_pdf/architecture] 2 pages, 5806 text chars
[2026-05-18 12:00:30]   [additional_pdf/architecture] structured: 18 logical rows -> 15 lectures
[2026-05-18 12:00:30]   [additional_pdf/law] fetching სამართლისა და საერტაშორისო ურთ.დამატებითი ცხრილი_17_04_2026.pdf
[2026-05-18 12:00:30]   [additional_pdf/law] 284550 bytes, parsing PDF
[2026-05-18 12:00:31]   [additional_pdf/law] 9 pages, 16229 text chars
[2026-05-18 12:00:31]   [additional_pdf/law] raw text only
[2026-05-18 12:00:31]   [additional_pdf/ims] fetching იმს დამატებითი სასწავლო კურსების ცხრილი 2025-2026 II სემესტრი 9_05_2026.pdf
[2026-05-18 12:00:31]   [additional_pdf/ims] 205716 bytes, parsing PDF
[2026-05-18 12:00:31]   [additional_pdf/ims] 10 pages, 29623 text chars
[2026-05-18 12:00:32]   [additional_pdf/ims] structured: 141 logical rows -> 132 lectures
[2026-05-18 12:00:32]   [additional_pdf/business] fetching ბიზნესტექნოლოგიები_დამატებითი_17_04_2026.pdf
[2026-05-18 12:00:33]   [additional_pdf/business] 114955 bytes, parsing PDF
[2026-05-18 12:00:33]   [additional_pdf/business] 4 pages, 12300 text chars
[2026-05-18 12:00:33]   [additional_pdf/business] structured: 37 logical rows -> 19 lectures
[2026-05-18 12:00:33]   [additional_pdf/social] fetching დამატებიი ცხრილი სოციალურ მეცნიერებათა ფაკულტეტი 15_05_2026.pdf
[2026-05-18 12:00:33]   [additional_pdf/social] 86807 bytes, parsing PDF
[2026-05-18 12:00:33]   [additional_pdf/social] 1 pages, 2911 text chars
[2026-05-18 12:00:33]   [additional_pdf/social] raw text only
[2026-05-18 12:00:33] additional_pdf: stored 10, failed 0
[2026-05-18 12:00:33] midterm_pdf: no PDFs
[2026-05-18 12:00:33] done in 31.11s
[2026-05-18 17:00:02] fetching homepage
[2026-05-18 17:00:03] discovered 12 links across 2 sections
[2026-05-18 17:00:03] teachers_html: 2 unique source(s)
[2026-05-18 17:00:04]   [http://leqtori.gtu.ge:9000/public/teachers_2025_2026_2_9.html] fetching
[2026-05-18 17:00:05]   fetched 8020100 bytes
[2026-05-18 17:00:07]   parsed 10216 lectures from IX კვირის სასწავლო ცხრილი
[2026-05-18 17:00:33]   stored 10216 (deduped 0) into lecture
[2026-05-18 17:00:33]   [http://leqtori.gtu.ge:9000/public/prof_teachers.html] fetching
[2026-05-18 17:00:33]   fetched 111363 bytes
[2026-05-18 17:00:33]   parsed 52 lectures from IX კვირის სასწავლო ცხრილი
[2026-05-18 17:00:33]   stored 52 (deduped 0) into lecture
[2026-05-18 17:00:33] teachers totals: 1680 teachers, 4571 subjects, 10268 lectures
[2026-05-18 17:00:33] additional_pdf: 10 PDF(s) to fetch
[2026-05-18 17:00:33]   [additional_pdf/construction] fetching დამატ. ცხრ. -25-26 2 21.04.26 სამშენებლო.pdf
[2026-05-18 17:00:34]   [additional_pdf/construction] 307648 bytes, parsing PDF
[2026-05-18 17:00:34]   [additional_pdf/construction] 14 pages, 52664 text chars
[2026-05-18 17:00:35]   [additional_pdf/construction] structured: 195 logical rows -> 185 lectures
[2026-05-18 17:00:35]   [additional_pdf/power] fetching ენერგ ფაკ. დამატებითი_2025_2026_II_07_04_2026).pdf
[2026-05-18 17:00:36]   [additional_pdf/power] 71228 bytes, parsing PDF
[2026-05-18 17:00:36]   [additional_pdf/power] 2 pages, 6454 text chars
[2026-05-18 17:00:36]   [additional_pdf/power] raw text only
[2026-05-18 17:00:36]   [additional_pdf/mining] fetching სამთო-გეოლოგიური და მთის მდგრადი განვითარების ფაკულტეტი.pdf
[2026-05-18 17:00:36]   [additional_pdf/mining] 51893 bytes, parsing PDF
[2026-05-18 17:00:36]   [additional_pdf/mining] 1 pages, 2197 text chars
[2026-05-18 17:00:36]   [additional_pdf/mining] structured: 9 logical rows -> 8 lectures
[2026-05-18 17:00:36]   [additional_pdf/agrarian] fetching 2025-2026 II აგრარული დამატებითი_16_04_2026.pdf
[2026-05-18 17:00:37]   [additional_pdf/agrarian] 130098 bytes, parsing PDF
[2026-05-18 17:00:37]   [additional_pdf/agrarian] 4 pages, 11664 text chars
[2026-05-18 17:00:37]   [additional_pdf/agrarian] structured: 64 logical rows -> 64 lectures
[2026-05-18 17:00:37]   [additional_pdf/transport] fetching 05 დამატებითი ცხრილი . 23.04.2026.pdf
[2026-05-18 17:00:37]   [additional_pdf/transport] 164850 bytes, parsing PDF
[2026-05-18 17:00:38]   [additional_pdf/transport] 7 pages, 16906 text chars
[2026-05-18 17:00:38]   [additional_pdf/transport] raw text only
[2026-05-18 17:00:38]   [additional_pdf/architecture] fetching ცხრილი დამატ. არქიტექტურის, ურბანისტიკისა და დიზაინის.pdf
[2026-05-18 17:00:38]   [additional_pdf/architecture] 90193 bytes, parsing PDF
[2026-05-18 17:00:38]   [additional_pdf/architecture] 2 pages, 5806 text chars
[2026-05-18 17:00:38]   [additional_pdf/architecture] structured: 18 logical rows -> 15 lectures
[2026-05-18 17:00:38]   [additional_pdf/law] fetching სამართლისა და საერტაშორისო ურთ.დამატებითი ცხრილი_17_04_2026.pdf
[2026-05-18 17:00:39]   [additional_pdf/law] 284550 bytes, parsing PDF
[2026-05-18 17:00:39]   [additional_pdf/law] 9 pages, 16229 text chars
[2026-05-18 17:00:39]   [additional_pdf/law] raw text only
[2026-05-18 17:00:39]   [additional_pdf/ims] fetching იმს დამატებითი სასწავლო კურსების ცხრილი 2025-2026 II სემესტრი 9_05_2026.pdf
[2026-05-18 17:00:40]   [additional_pdf/ims] 205716 bytes, parsing PDF
[2026-05-18 17:00:40]   [additional_pdf/ims] 10 pages, 29623 text chars
[2026-05-18 17:00:41]   [additional_pdf/ims] structured: 141 logical rows -> 132 lectures
[2026-05-18 17:00:41]   [additional_pdf/business] fetching ბიზნესტექნოლოგიები_დამატებითი_17_04_2026.pdf
[2026-05-18 17:00:41]   [additional_pdf/business] 114955 bytes, parsing PDF
[2026-05-18 17:00:41]   [additional_pdf/business] 4 pages, 12300 text chars
[2026-05-18 17:00:41]   [additional_pdf/business] structured: 37 logical rows -> 19 lectures
[2026-05-18 17:00:41]   [additional_pdf/social] fetching დამატებიი ცხრილი სოციალურ მეცნიერებათა ფაკულტეტი 15_05_2026.pdf
[2026-05-18 17:00:42]   [additional_pdf/social] 86807 bytes, parsing PDF
[2026-05-18 17:00:42]   [additional_pdf/social] 1 pages, 2911 text chars
[2026-05-18 17:00:42]   [additional_pdf/social] raw text only
[2026-05-18 17:00:42] additional_pdf: stored 10, failed 0
[2026-05-18 17:00:42] midterm_pdf: no PDFs
[2026-05-18 17:00:42] done in 40.30s
[2026-05-18 22:00:02] fetching homepage
[2026-05-18 22:00:03] discovered 12 links across 2 sections
[2026-05-18 22:00:03] teachers_html: 2 unique source(s)
[2026-05-18 22:00:04]   [http://leqtori.gtu.ge:9000/public/teachers_2025_2026_2_9.html] fetching
[2026-05-18 22:00:05]   fetched 8020100 bytes
[2026-05-18 22:00:07]   parsed 10216 lectures from IX კვირის სასწავლო ცხრილი
[2026-05-18 22:00:23]   stored 10216 (deduped 0) into lecture
[2026-05-18 22:00:23]   [http://leqtori.gtu.ge:9000/public/prof_teachers.html] fetching
[2026-05-18 22:00:24]   fetched 111363 bytes
[2026-05-18 22:00:24]   parsed 52 lectures from IX კვირის სასწავლო ცხრილი
[2026-05-18 22:00:24]   stored 52 (deduped 0) into lecture
[2026-05-18 22:00:24] teachers totals: 1680 teachers, 4571 subjects, 10268 lectures
[2026-05-18 22:00:24] additional_pdf: 10 PDF(s) to fetch
[2026-05-18 22:00:24]   [additional_pdf/construction] fetching დამატ. ცხრ. -25-26 2 21.04.26 სამშენებლო.pdf
[2026-05-18 22:00:25]   [additional_pdf/construction] 307648 bytes, parsing PDF
[2026-05-18 22:00:25]   [additional_pdf/construction] 14 pages, 52664 text chars
[2026-05-18 22:00:26]   [additional_pdf/construction] structured: 195 logical rows -> 185 lectures
[2026-05-18 22:00:26]   [additional_pdf/power] fetching ენერგ ფაკ. დამატებითი_2025_2026_II_07_04_2026).pdf
[2026-05-18 22:00:26]   [additional_pdf/power] 71228 bytes, parsing PDF
[2026-05-18 22:00:26]   [additional_pdf/power] 2 pages, 6454 text chars
[2026-05-18 22:00:26]   [additional_pdf/power] raw text only
[2026-05-18 22:00:26]   [additional_pdf/mining] fetching სამთო-გეოლოგიური და მთის მდგრადი განვითარების ფაკულტეტი.pdf
[2026-05-18 22:00:27]   [additional_pdf/mining] 51893 bytes, parsing PDF
[2026-05-18 22:00:27]   [additional_pdf/mining] 1 pages, 2197 text chars
[2026-05-18 22:00:27]   [additional_pdf/mining] structured: 9 logical rows -> 8 lectures
[2026-05-18 22:00:27]   [additional_pdf/agrarian] fetching 2025-2026 II აგრარული დამატებითი_16_04_2026.pdf
[2026-05-18 22:00:27]   [additional_pdf/agrarian] 130098 bytes, parsing PDF
[2026-05-18 22:00:27]   [additional_pdf/agrarian] 4 pages, 11664 text chars
[2026-05-18 22:00:27]   [additional_pdf/agrarian] structured: 64 logical rows -> 64 lectures
[2026-05-18 22:00:27]   [additional_pdf/transport] fetching 05 დამატებითი ცხრილი . 23.04.2026.pdf
[2026-05-18 22:00:28]   [additional_pdf/transport] 164850 bytes, parsing PDF
[2026-05-18 22:00:28]   [additional_pdf/transport] 7 pages, 16906 text chars
[2026-05-18 22:00:28]   [additional_pdf/transport] raw text only
[2026-05-18 22:00:28]   [additional_pdf/architecture] fetching ცხრილი დამატ. არქიტექტურის, ურბანისტიკისა და დიზაინის.pdf
[2026-05-18 22:00:29]   [additional_pdf/architecture] 90193 bytes, parsing PDF
[2026-05-18 22:00:29]   [additional_pdf/architecture] 2 pages, 5806 text chars
[2026-05-18 22:00:29]   [additional_pdf/architecture] structured: 18 logical rows -> 15 lectures
[2026-05-18 22:00:29]   [additional_pdf/law] fetching სამართლისა და საერტაშორისო ურთ.დამატებითი ცხრილი_17_04_2026.pdf
[2026-05-18 22:00:29]   [additional_pdf/law] 284550 bytes, parsing PDF
[2026-05-18 22:00:29]   [additional_pdf/law] 9 pages, 16229 text chars
[2026-05-18 22:00:29]   [additional_pdf/law] raw text only
[2026-05-18 22:00:29]   [additional_pdf/ims] fetching იმს დამატებითი სასწავლო კურსების ცხრილი 2025-2026 II სემესტრი 9_05_2026.pdf
[2026-05-18 22:00:30]   [additional_pdf/ims] 205716 bytes, parsing PDF
[2026-05-18 22:00:30]   [additional_pdf/ims] 10 pages, 29623 text chars
[2026-05-18 22:00:31]   [additional_pdf/ims] structured: 141 logical rows -> 132 lectures
[2026-05-18 22:00:31]   [additional_pdf/business] fetching ბიზნესტექნოლოგიები_დამატებითი_17_04_2026.pdf
[2026-05-18 22:00:31]   [additional_pdf/business] 114955 bytes, parsing PDF
[2026-05-18 22:00:31]   [additional_pdf/business] 4 pages, 12300 text chars
[2026-05-18 22:00:31]   [additional_pdf/business] structured: 37 logical rows -> 19 lectures
[2026-05-18 22:00:31]   [additional_pdf/social] fetching დამატებიი ცხრილი სოციალურ მეცნიერებათა ფაკულტეტი 15_05_2026.pdf
[2026-05-18 22:00:32]   [additional_pdf/social] 86807 bytes, parsing PDF
[2026-05-18 22:00:32]   [additional_pdf/social] 1 pages, 2911 text chars
[2026-05-18 22:00:32]   [additional_pdf/social] raw text only
[2026-05-18 22:00:32] additional_pdf: stored 10, failed 0
[2026-05-18 22:00:32] midterm_pdf: no PDFs
[2026-05-18 22:00:32] done in 29.76s
[2026-05-19 02:00:03] fetching homepage
[2026-05-19 02:00:04] discovered 12 links across 2 sections
[2026-05-19 02:00:04] teachers_html: 2 unique source(s)
[2026-05-19 02:00:07]   [http://leqtori.gtu.ge:9000/public/teachers_2025_2026_2_9.html] fetching
[2026-05-19 02:00:08]   fetched 8020100 bytes
[2026-05-19 02:00:13]   parsed 10216 lectures from IX კვირის სასწავლო ცხრილი
[2026-05-19 02:01:06]   stored 10216 (deduped 0) into lecture
[2026-05-19 02:01:06]   [http://leqtori.gtu.ge:9000/public/prof_teachers.html] fetching
[2026-05-19 02:01:06]   fetched 111363 bytes
[2026-05-19 02:01:06]   parsed 52 lectures from IX კვირის სასწავლო ცხრილი
[2026-05-19 02:01:06]   stored 52 (deduped 0) into lecture
[2026-05-19 02:01:06] teachers totals: 1680 teachers, 4571 subjects, 10268 lectures
[2026-05-19 02:01:06] additional_pdf: 10 PDF(s) to fetch
[2026-05-19 02:01:06]   [additional_pdf/construction] fetching დამატ. ცხრ. -25-26 2 21.04.26 სამშენებლო.pdf
[2026-05-19 02:01:07]   [additional_pdf/construction] 307648 bytes, parsing PDF
[2026-05-19 02:01:07]   [additional_pdf/construction] 14 pages, 52664 text chars
[2026-05-19 02:01:08]   [additional_pdf/construction] structured: 195 logical rows -> 185 lectures
[2026-05-19 02:01:08]   [additional_pdf/power] fetching ენერგ ფაკ. დამატებითი_2025_2026_II_07_04_2026).pdf
[2026-05-19 02:01:09]   [additional_pdf/power] 71228 bytes, parsing PDF
[2026-05-19 02:01:09]   [additional_pdf/power] 2 pages, 6454 text chars
[2026-05-19 02:01:09]   [additional_pdf/power] raw text only
[2026-05-19 02:01:09]   [additional_pdf/mining] fetching სამთო-გეოლოგიური და მთის მდგრადი განვითარების ფაკულტეტი.pdf
[2026-05-19 02:01:09]   [additional_pdf/mining] 51893 bytes, parsing PDF
[2026-05-19 02:01:09]   [additional_pdf/mining] 1 pages, 2197 text chars
[2026-05-19 02:01:09]   [additional_pdf/mining] structured: 9 logical rows -> 8 lectures
[2026-05-19 02:01:09]   [additional_pdf/agrarian] fetching 2025-2026 II აგრარული დამატებითი_16_04_2026.pdf
[2026-05-19 02:01:10]   [additional_pdf/agrarian] 130098 bytes, parsing PDF
[2026-05-19 02:01:10]   [additional_pdf/agrarian] 4 pages, 11664 text chars
[2026-05-19 02:01:10]   [additional_pdf/agrarian] structured: 64 logical rows -> 64 lectures
[2026-05-19 02:01:10]   [additional_pdf/transport] fetching 05 დამატებითი ცხრილი . 23.04.2026.pdf
[2026-05-19 02:01:11]   [additional_pdf/transport] 164850 bytes, parsing PDF
[2026-05-19 02:01:11]   [additional_pdf/transport] 7 pages, 16906 text chars
[2026-05-19 02:01:11]   [additional_pdf/transport] raw text only
[2026-05-19 02:01:11]   [additional_pdf/architecture] fetching ცხრილი დამატ. არქიტექტურის, ურბანისტიკისა და დიზაინის.pdf
[2026-05-19 02:01:11]   [additional_pdf/architecture] 90193 bytes, parsing PDF
[2026-05-19 02:01:11]   [additional_pdf/architecture] 2 pages, 5806 text chars
[2026-05-19 02:01:11]   [additional_pdf/architecture] structured: 18 logical rows -> 15 lectures
[2026-05-19 02:01:11]   [additional_pdf/law] fetching სამართლისა და საერტაშორისო ურთ.დამატებითი ცხრილი_17_04_2026.pdf
[2026-05-19 02:01:12]   [additional_pdf/law] 284550 bytes, parsing PDF
[2026-05-19 02:01:12]   [additional_pdf/law] 9 pages, 16229 text chars
[2026-05-19 02:01:12]   [additional_pdf/law] raw text only
[2026-05-19 02:01:12]   [additional_pdf/ims] fetching იმს დამატებითი სასწავლო კურსების ცხრილი 2025-2026 II სემესტრი 9_05_2026.pdf
[2026-05-19 02:01:13]   [additional_pdf/ims] 205716 bytes, parsing PDF
[2026-05-19 02:01:13]   [additional_pdf/ims] 10 pages, 29623 text chars
[2026-05-19 02:01:14]   [additional_pdf/ims] structured: 141 logical rows -> 132 lectures
[2026-05-19 02:01:14]   [additional_pdf/business] fetching ბიზნესტექნოლოგიები_დამატებითი_17_04_2026.pdf
[2026-05-19 02:01:14]   [additional_pdf/business] 114955 bytes, parsing PDF
[2026-05-19 02:01:14]   [additional_pdf/business] 4 pages, 12300 text chars
[2026-05-19 02:01:14]   [additional_pdf/business] structured: 37 logical rows -> 19 lectures
[2026-05-19 02:01:14]   [additional_pdf/social] fetching დამატებიი ცხრილი სოციალურ მეცნიერებათა ფაკულტეტი 15_05_2026.pdf
[2026-05-19 02:01:15]   [additional_pdf/social] 86807 bytes, parsing PDF
[2026-05-19 02:01:15]   [additional_pdf/social] 1 pages, 2911 text chars
[2026-05-19 02:01:15]   [additional_pdf/social] raw text only
[2026-05-19 02:01:15] additional_pdf: stored 10, failed 0
[2026-05-19 02:01:15] midterm_pdf: no PDFs
[2026-05-19 02:01:15] done in 71.62s
[2026-05-19 07:00:01] fetching homepage
[2026-05-19 07:00:02] discovered 12 links across 2 sections
[2026-05-19 07:00:02] teachers_html: 2 unique source(s)
[2026-05-19 07:00:03]   [http://leqtori.gtu.ge:9000/public/teachers_2025_2026_2_9.html] fetching
[2026-05-19 07:00:04]   fetched 8020100 bytes
[2026-05-19 07:00:06]   parsed 10216 lectures from IX კვირის სასწავლო ცხრილი
[2026-05-19 07:00:32]   stored 10216 (deduped 0) into lecture
[2026-05-19 07:00:32]   [http://leqtori.gtu.ge:9000/public/prof_teachers.html] fetching
[2026-05-19 07:00:32]   fetched 111363 bytes
[2026-05-19 07:00:32]   parsed 52 lectures from IX კვირის სასწავლო ცხრილი
[2026-05-19 07:00:32]   stored 52 (deduped 0) into lecture
[2026-05-19 07:00:32] teachers totals: 1680 teachers, 4571 subjects, 10268 lectures
[2026-05-19 07:00:32] additional_pdf: 10 PDF(s) to fetch
[2026-05-19 07:00:32]   [additional_pdf/construction] fetching დამატ. ცხრ. -25-26 2 21.04.26 სამშენებლო.pdf
[2026-05-19 07:00:33]   [additional_pdf/construction] 307648 bytes, parsing PDF
[2026-05-19 07:00:33]   [additional_pdf/construction] 14 pages, 52664 text chars
[2026-05-19 07:00:34]   [additional_pdf/construction] structured: 195 logical rows -> 185 lectures
[2026-05-19 07:00:34]   [additional_pdf/power] fetching ენერგ ფაკ. დამატებითი_2025_2026_II_07_04_2026).pdf
[2026-05-19 07:00:35]   [additional_pdf/power] 71228 bytes, parsing PDF
[2026-05-19 07:00:35]   [additional_pdf/power] 2 pages, 6454 text chars
[2026-05-19 07:00:35]   [additional_pdf/power] raw text only
[2026-05-19 07:00:35]   [additional_pdf/mining] fetching სამთო-გეოლოგიური და მთის მდგრადი განვითარების ფაკულტეტი.pdf
[2026-05-19 07:00:35]   [additional_pdf/mining] 51893 bytes, parsing PDF
[2026-05-19 07:00:35]   [additional_pdf/mining] 1 pages, 2197 text chars
[2026-05-19 07:00:35]   [additional_pdf/mining] structured: 9 logical rows -> 8 lectures
[2026-05-19 07:00:35]   [additional_pdf/agrarian] fetching 2025-2026 II აგრარული დამატებითი_16_04_2026.pdf
[2026-05-19 07:00:36]   [additional_pdf/agrarian] 130098 bytes, parsing PDF
[2026-05-19 07:00:36]   [additional_pdf/agrarian] 4 pages, 11664 text chars
[2026-05-19 07:00:36]   [additional_pdf/agrarian] structured: 64 logical rows -> 64 lectures
[2026-05-19 07:00:36]   [additional_pdf/transport] fetching 05 დამატებითი ცხრილი . 23.04.2026.pdf
[2026-05-19 07:00:36]   [additional_pdf/transport] 164850 bytes, parsing PDF
[2026-05-19 07:00:36]   [additional_pdf/transport] 7 pages, 16906 text chars
[2026-05-19 07:00:36]   [additional_pdf/transport] raw text only
[2026-05-19 07:00:36]   [additional_pdf/architecture] fetching ცხრილი დამატ. არქიტექტურის, ურბანისტიკისა და დიზაინის.pdf
[2026-05-19 07:00:37]   [additional_pdf/architecture] 90193 bytes, parsing PDF
[2026-05-19 07:00:37]   [additional_pdf/architecture] 2 pages, 5806 text chars
[2026-05-19 07:00:37]   [additional_pdf/architecture] structured: 18 logical rows -> 15 lectures
[2026-05-19 07:00:37]   [additional_pdf/law] fetching სამართლისა და საერტაშორისო ურთ.დამატებითი ცხრილი_17_04_2026.pdf
[2026-05-19 07:00:37]   [additional_pdf/law] 284550 bytes, parsing PDF
[2026-05-19 07:00:38]   [additional_pdf/law] 9 pages, 16229 text chars
[2026-05-19 07:00:38]   [additional_pdf/law] raw text only
[2026-05-19 07:00:38]   [additional_pdf/ims] fetching იმს დამატებითი სასწავლო კურსების ცხრილი 2025-2026 II სემესტრი 9_05_2026.pdf
[2026-05-19 07:00:38]   [additional_pdf/ims] 205716 bytes, parsing PDF
[2026-05-19 07:00:38]   [additional_pdf/ims] 10 pages, 29623 text chars
[2026-05-19 07:00:39]   [additional_pdf/ims] structured: 141 logical rows -> 132 lectures
[2026-05-19 07:00:39]   [additional_pdf/business] fetching ბიზნესტექნოლოგიები_დამატებითი_17_04_2026.pdf
[2026-05-19 07:00:39]   [additional_pdf/business] 114955 bytes, parsing PDF
[2026-05-19 07:00:39]   [additional_pdf/business] 4 pages, 12300 text chars
[2026-05-19 07:00:39]   [additional_pdf/business] structured: 37 logical rows -> 19 lectures
[2026-05-19 07:00:39]   [additional_pdf/social] fetching დამატებიი ცხრილი სოციალურ მეცნიერებათა ფაკულტეტი 15_05_2026.pdf
[2026-05-19 07:00:40]   [additional_pdf/social] 86807 bytes, parsing PDF
[2026-05-19 07:00:40]   [additional_pdf/social] 1 pages, 2911 text chars
[2026-05-19 07:00:40]   [additional_pdf/social] raw text only
[2026-05-19 07:00:40] additional_pdf: stored 10, failed 0
[2026-05-19 07:00:40] midterm_pdf: no PDFs
[2026-05-19 07:00:40] done in 38.86s
[2026-05-19 12:00:01] fetching homepage
[2026-05-19 12:00:02] discovered 12 links across 2 sections
[2026-05-19 12:00:02] teachers_html: 2 unique source(s)
[2026-05-19 12:00:03]   [http://leqtori.gtu.ge:9000/public/teachers_2025_2026_2_9_.html] fetching
[2026-05-19 12:00:04]   fetched 8024832 bytes
[2026-05-19 12:00:06]   parsed 10223 lectures from IX კვირის სასწავლო ცხრილი
[2026-05-19 12:00:26]   stored 10223 (deduped 0) into lecture
[2026-05-19 12:00:26]   [http://leqtori.gtu.ge:9000/public/prof_teachers.html] fetching
[2026-05-19 12:00:26]   fetched 111363 bytes
[2026-05-19 12:00:26]   parsed 52 lectures from IX კვირის სასწავლო ცხრილი
[2026-05-19 12:00:26]   stored 52 (deduped 0) into lecture
[2026-05-19 12:00:26] teachers totals: 1681 teachers, 4571 subjects, 10275 lectures
[2026-05-19 12:00:26] additional_pdf: 10 PDF(s) to fetch
[2026-05-19 12:00:26]   [additional_pdf/construction] fetching დამატ. ცხრ. -25-26 2 21.04.26 სამშენებლო.pdf
[2026-05-19 12:00:27]   [additional_pdf/construction] 307648 bytes, parsing PDF
[2026-05-19 12:00:27]   [additional_pdf/construction] 14 pages, 52664 text chars
[2026-05-19 12:00:28]   [additional_pdf/construction] structured: 195 logical rows -> 185 lectures
[2026-05-19 12:00:28]   [additional_pdf/power] fetching ენერგ ფაკ. დამატებითი_2025_2026_II_07_04_2026).pdf
[2026-05-19 12:00:28]   [additional_pdf/power] 71228 bytes, parsing PDF
[2026-05-19 12:00:29]   [additional_pdf/power] 2 pages, 6454 text chars
[2026-05-19 12:00:29]   [additional_pdf/power] raw text only
[2026-05-19 12:00:29]   [additional_pdf/mining] fetching სამთო-გეოლოგიური და მთის მდგრადი განვითარების ფაკულტეტი.pdf
[2026-05-19 12:00:29]   [additional_pdf/mining] 51893 bytes, parsing PDF
[2026-05-19 12:00:29]   [additional_pdf/mining] 1 pages, 2197 text chars
[2026-05-19 12:00:29]   [additional_pdf/mining] structured: 9 logical rows -> 8 lectures
[2026-05-19 12:00:29]   [additional_pdf/agrarian] fetching 2025-2026 II აგრარული დამატებითი_16_04_2026.pdf
[2026-05-19 12:00:29]   [additional_pdf/agrarian] 130098 bytes, parsing PDF
[2026-05-19 12:00:29]   [additional_pdf/agrarian] 4 pages, 11664 text chars
[2026-05-19 12:00:30]   [additional_pdf/agrarian] structured: 64 logical rows -> 64 lectures
[2026-05-19 12:00:30]   [additional_pdf/transport] fetching 05 დამატებითი ცხრილი . 23.04.2026.pdf
[2026-05-19 12:00:30]   [additional_pdf/transport] 164850 bytes, parsing PDF
[2026-05-19 12:00:30]   [additional_pdf/transport] 7 pages, 16906 text chars
[2026-05-19 12:00:30]   [additional_pdf/transport] raw text only
[2026-05-19 12:00:30]   [additional_pdf/architecture] fetching ცხრილი დამატ. არქიტექტურის, ურბანისტიკისა და დიზაინის.pdf
[2026-05-19 12:00:30]   [additional_pdf/architecture] 90193 bytes, parsing PDF
[2026-05-19 12:00:30]   [additional_pdf/architecture] 2 pages, 5806 text chars
[2026-05-19 12:00:31]   [additional_pdf/architecture] structured: 18 logical rows -> 15 lectures
[2026-05-19 12:00:31]   [additional_pdf/law] fetching სამართლისა და საერტაშორისო ურთ.დამატებითი ცხრილი_17_04_2026.pdf
[2026-05-19 12:00:31]   [additional_pdf/law] 284550 bytes, parsing PDF
[2026-05-19 12:00:31]   [additional_pdf/law] 9 pages, 16229 text chars
[2026-05-19 12:00:31]   [additional_pdf/law] raw text only
[2026-05-19 12:00:31]   [additional_pdf/ims] fetching იმს დამატებითი სასწავლო კურსების ცხრილი 2025-2026 II სემესტრი 9_05_2026.pdf
[2026-05-19 12:00:32]   [additional_pdf/ims] 205716 bytes, parsing PDF
[2026-05-19 12:00:32]   [additional_pdf/ims] 10 pages, 29623 text chars
[2026-05-19 12:00:33]   [additional_pdf/ims] structured: 141 logical rows -> 132 lectures
[2026-05-19 12:00:33]   [additional_pdf/business] fetching ბიზნესტექნოლოგიები_დამატებითი_17_04_2026.pdf
[2026-05-19 12:00:33]   [additional_pdf/business] 114955 bytes, parsing PDF
[2026-05-19 12:00:33]   [additional_pdf/business] 4 pages, 12300 text chars
[2026-05-19 12:00:33]   [additional_pdf/business] structured: 37 logical rows -> 19 lectures
[2026-05-19 12:00:33]   [additional_pdf/social] fetching დამატებიი ცხრილი სოციალურ მეცნიერებათა ფაკულტეტი 15_05_2026.pdf
[2026-05-19 12:00:34]   [additional_pdf/social] 86807 bytes, parsing PDF
[2026-05-19 12:00:34]   [additional_pdf/social] 1 pages, 2911 text chars
[2026-05-19 12:00:34]   [additional_pdf/social] raw text only
[2026-05-19 12:00:34] additional_pdf: stored 10, failed 0
[2026-05-19 12:00:34] midterm_pdf: no PDFs
[2026-05-19 12:00:34] done in 32.74s
[2026-05-19 17:00:01] fetching homepage
[2026-05-19 17:00:02] discovered 12 links across 2 sections
[2026-05-19 17:00:02] teachers_html: 2 unique source(s)
[2026-05-19 17:00:03]   [http://leqtori.gtu.ge:9000/public/teachers_2025_2026_2_9_.html] fetching
[2026-05-19 17:00:04]   fetched 8024832 bytes
[2026-05-19 17:00:06]   parsed 10223 lectures from IX კვირის სასწავლო ცხრილი
[2026-05-19 17:00:26]   stored 10223 (deduped 0) into lecture
[2026-05-19 17:00:26]   [http://leqtori.gtu.ge:9000/public/prof_teachers.html] fetching
[2026-05-19 17:00:27]   fetched 111363 bytes
[2026-05-19 17:00:27]   parsed 52 lectures from IX კვირის სასწავლო ცხრილი
[2026-05-19 17:00:27]   stored 52 (deduped 0) into lecture
[2026-05-19 17:00:27] teachers totals: 1681 teachers, 4571 subjects, 10275 lectures
[2026-05-19 17:00:27] additional_pdf: 10 PDF(s) to fetch
[2026-05-19 17:00:27]   [additional_pdf/construction] fetching დამატ. ცხრ. -25-26 2 21.04.26 სამშენებლო.pdf
[2026-05-19 17:00:27]   [additional_pdf/construction] 307648 bytes, parsing PDF
[2026-05-19 17:00:28]   [additional_pdf/construction] 14 pages, 52664 text chars
[2026-05-19 17:00:28]   [additional_pdf/construction] structured: 195 logical rows -> 185 lectures
[2026-05-19 17:00:28]   [additional_pdf/power] fetching ენერგ ფაკ. დამატებითი_2025_2026_II_07_04_2026).pdf
[2026-05-19 17:00:29]   [additional_pdf/power] 71228 bytes, parsing PDF
[2026-05-19 17:00:29]   [additional_pdf/power] 2 pages, 6454 text chars
[2026-05-19 17:00:29]   [additional_pdf/power] raw text only
[2026-05-19 17:00:29]   [additional_pdf/mining] fetching სამთო-გეოლოგიური და მთის მდგრადი განვითარების ფაკულტეტი.pdf
[2026-05-19 17:00:29]   [additional_pdf/mining] 51893 bytes, parsing PDF
[2026-05-19 17:00:29]   [additional_pdf/mining] 1 pages, 2197 text chars
[2026-05-19 17:00:29]   [additional_pdf/mining] structured: 9 logical rows -> 8 lectures
[2026-05-19 17:00:29]   [additional_pdf/agrarian] fetching 2025-2026 II აგრარული დამატებითი_16_04_2026.pdf
[2026-05-19 17:00:30]   [additional_pdf/agrarian] 130098 bytes, parsing PDF
[2026-05-19 17:00:30]   [additional_pdf/agrarian] 4 pages, 11664 text chars
[2026-05-19 17:00:30]   [additional_pdf/agrarian] structured: 64 logical rows -> 64 lectures
[2026-05-19 17:00:30]   [additional_pdf/transport] fetching 05 დამატებითი ცხრილი . 23.04.2026.pdf
[2026-05-19 17:00:30]   [additional_pdf/transport] 164850 bytes, parsing PDF
[2026-05-19 17:00:30]   [additional_pdf/transport] 7 pages, 16906 text chars
[2026-05-19 17:00:30]   [additional_pdf/transport] raw text only
[2026-05-19 17:00:30]   [additional_pdf/architecture] fetching ცხრილი დამატ. არქიტექტურის, ურბანისტიკისა და დიზაინის.pdf
[2026-05-19 17:00:31]   [additional_pdf/architecture] 90193 bytes, parsing PDF
[2026-05-19 17:00:31]   [additional_pdf/architecture] 2 pages, 5806 text chars
[2026-05-19 17:00:31]   [additional_pdf/architecture] structured: 18 logical rows -> 15 lectures
[2026-05-19 17:00:31]   [additional_pdf/law] fetching სამართლისა და საერტაშორისო ურთ.დამატებითი ცხრილი_17_04_2026.pdf
[2026-05-19 17:00:32]   [additional_pdf/law] 284550 bytes, parsing PDF
[2026-05-19 17:00:32]   [additional_pdf/law] 9 pages, 16229 text chars
[2026-05-19 17:00:32]   [additional_pdf/law] raw text only
[2026-05-19 17:00:32]   [additional_pdf/ims] fetching იმს დამატებითი სასწავლო კურსების ცხრილი 2025-2026 II სემესტრი 9_05_2026.pdf
[2026-05-19 17:00:32]   [additional_pdf/ims] 205716 bytes, parsing PDF
[2026-05-19 17:00:32]   [additional_pdf/ims] 10 pages, 29623 text chars
[2026-05-19 17:00:33]   [additional_pdf/ims] structured: 141 logical rows -> 132 lectures
[2026-05-19 17:00:33]   [additional_pdf/business] fetching ბიზნესტექნოლოგიები_დამატებითი_17_04_2026.pdf
[2026-05-19 17:00:34]   [additional_pdf/business] 114955 bytes, parsing PDF
[2026-05-19 17:00:34]   [additional_pdf/business] 4 pages, 12300 text chars
[2026-05-19 17:00:34]   [additional_pdf/business] structured: 37 logical rows -> 19 lectures
[2026-05-19 17:00:34]   [additional_pdf/social] fetching დამატებიი ცხრილი სოციალურ მეცნიერებათა ფაკულტეტი 15_05_2026.pdf
[2026-05-19 17:00:34]   [additional_pdf/social] 86807 bytes, parsing PDF
[2026-05-19 17:00:34]   [additional_pdf/social] 1 pages, 2911 text chars
[2026-05-19 17:00:34]   [additional_pdf/social] raw text only
[2026-05-19 17:00:34] additional_pdf: stored 10, failed 0
[2026-05-19 17:00:34] midterm_pdf: no PDFs
[2026-05-19 17:00:34] done in 32.61s
[2026-05-19 22:00:02] fetching homepage
[2026-05-19 22:00:02] discovered 12 links across 2 sections
[2026-05-19 22:00:02] teachers_html: 2 unique source(s)
[2026-05-19 22:00:03]   [http://leqtori.gtu.ge:9000/public/teachers_2025_2026_2_9_.html] fetching
[2026-05-19 22:00:05]   fetched 8024832 bytes
[2026-05-19 22:00:07]   parsed 10223 lectures from IX კვირის სასწავლო ცხრილი
[2026-05-19 22:00:25]   stored 10223 (deduped 0) into lecture
[2026-05-19 22:00:25]   [http://leqtori.gtu.ge:9000/public/prof_teachers.html] fetching
[2026-05-19 22:00:25]   fetched 111363 bytes
[2026-05-19 22:00:25]   parsed 52 lectures from IX კვირის სასწავლო ცხრილი
[2026-05-19 22:00:25]   stored 52 (deduped 0) into lecture
[2026-05-19 22:00:25] teachers totals: 1681 teachers, 4571 subjects, 10275 lectures
[2026-05-19 22:00:25] additional_pdf: 10 PDF(s) to fetch
[2026-05-19 22:00:25]   [additional_pdf/construction] fetching დამატ. ცხრ. -25-26 2 21.04.26 სამშენებლო.pdf
[2026-05-19 22:00:26]   [additional_pdf/construction] 307648 bytes, parsing PDF
[2026-05-19 22:00:26]   [additional_pdf/construction] 14 pages, 52664 text chars
[2026-05-19 22:00:27]   [additional_pdf/construction] structured: 195 logical rows -> 185 lectures
[2026-05-19 22:00:27]   [additional_pdf/power] fetching ენერგ ფაკ. დამატებითი_2025_2026_II_07_04_2026).pdf
[2026-05-19 22:00:28]   [additional_pdf/power] 71228 bytes, parsing PDF
[2026-05-19 22:00:28]   [additional_pdf/power] 2 pages, 6454 text chars
[2026-05-19 22:00:28]   [additional_pdf/power] raw text only
[2026-05-19 22:00:28]   [additional_pdf/mining] fetching სამთო-გეოლოგიური და მთის მდგრადი განვითარების ფაკულტეტი.pdf
[2026-05-19 22:00:28]   [additional_pdf/mining] 51893 bytes, parsing PDF
[2026-05-19 22:00:28]   [additional_pdf/mining] 1 pages, 2197 text chars
[2026-05-19 22:00:28]   [additional_pdf/mining] structured: 9 logical rows -> 8 lectures
[2026-05-19 22:00:28]   [additional_pdf/agrarian] fetching 2025-2026 II აგრარული დამატებითი_16_04_2026.pdf
[2026-05-19 22:00:29]   [additional_pdf/agrarian] 130098 bytes, parsing PDF
[2026-05-19 22:00:29]   [additional_pdf/agrarian] 4 pages, 11664 text chars
[2026-05-19 22:00:29]   [additional_pdf/agrarian] structured: 64 logical rows -> 64 lectures
[2026-05-19 22:00:29]   [additional_pdf/transport] fetching 05 დამატებითი ცხრილი . 23.04.2026.pdf
[2026-05-19 22:00:29]   [additional_pdf/transport] 164850 bytes, parsing PDF
[2026-05-19 22:00:30]   [additional_pdf/transport] 7 pages, 16906 text chars
[2026-05-19 22:00:30]   [additional_pdf/transport] raw text only
[2026-05-19 22:00:30]   [additional_pdf/architecture] fetching ცხრილი დამატ. არქიტექტურის, ურბანისტიკისა და დიზაინის.pdf
[2026-05-19 22:00:30]   [additional_pdf/architecture] 90193 bytes, parsing PDF
[2026-05-19 22:00:30]   [additional_pdf/architecture] 2 pages, 5806 text chars
[2026-05-19 22:00:30]   [additional_pdf/architecture] structured: 18 logical rows -> 15 lectures
[2026-05-19 22:00:30]   [additional_pdf/law] fetching სამართლისა და საერტაშორისო ურთ.დამატებითი ცხრილი_17_04_2026.pdf
[2026-05-19 22:00:31]   [additional_pdf/law] 284550 bytes, parsing PDF
[2026-05-19 22:00:31]   [additional_pdf/law] 9 pages, 16229 text chars
[2026-05-19 22:00:31]   [additional_pdf/law] raw text only
[2026-05-19 22:00:31]   [additional_pdf/ims] fetching იმს დამატებითი სასწავლო კურსების ცხრილი 2025-2026 II სემესტრი 9_05_2026.pdf
[2026-05-19 22:00:31]   [additional_pdf/ims] 205716 bytes, parsing PDF
[2026-05-19 22:00:32]   [additional_pdf/ims] 10 pages, 29623 text chars
[2026-05-19 22:00:32]   [additional_pdf/ims] structured: 141 logical rows -> 132 lectures
[2026-05-19 22:00:32]   [additional_pdf/business] fetching ბიზნესტექნოლოგიები_დამატებითი_17_04_2026.pdf
[2026-05-19 22:00:33]   [additional_pdf/business] 114955 bytes, parsing PDF
[2026-05-19 22:00:33]   [additional_pdf/business] 4 pages, 12300 text chars
[2026-05-19 22:00:33]   [additional_pdf/business] structured: 37 logical rows -> 19 lectures
[2026-05-19 22:00:33]   [additional_pdf/social] fetching დამატებიი ცხრილი სოციალურ მეცნიერებათა ფაკულტეტი 15_05_2026.pdf
[2026-05-19 22:00:33]   [additional_pdf/social] 86807 bytes, parsing PDF
[2026-05-19 22:00:33]   [additional_pdf/social] 1 pages, 2911 text chars
[2026-05-19 22:00:33]   [additional_pdf/social] raw text only
[2026-05-19 22:00:33] additional_pdf: stored 10, failed 0
[2026-05-19 22:00:33] midterm_pdf: no PDFs
[2026-05-19 22:00:33] done in 31.52s
[2026-05-20 02:00:05] fetching homepage
[2026-05-20 02:00:07] discovered 12 links across 2 sections
[2026-05-20 02:00:07] teachers_html: 2 unique source(s)
[2026-05-20 02:00:08]   [http://leqtori.gtu.ge:9000/public/teachers_2025_2026_2_9_.html] fetching
[2026-05-20 02:00:11]   fetched 8024832 bytes
[2026-05-20 02:00:13]   parsed 10223 lectures from IX კვირის სასწავლო ცხრილი
[2026-05-20 02:01:14]   stored 10223 (deduped 0) into lecture
[2026-05-20 02:01:14]   [http://leqtori.gtu.ge:9000/public/prof_teachers.html] fetching
[2026-05-20 02:01:15]   fetched 111363 bytes
[2026-05-20 02:01:15]   parsed 52 lectures from IX კვირის სასწავლო ცხრილი
[2026-05-20 02:01:15]   stored 52 (deduped 0) into lecture
[2026-05-20 02:01:15] teachers totals: 1681 teachers, 4571 subjects, 10275 lectures
[2026-05-20 02:01:15] additional_pdf: 10 PDF(s) to fetch
[2026-05-20 02:01:15]   [additional_pdf/construction] fetching დამატ. ცხრ. -25-26 2 21.04.26 სამშენებლო.pdf
[2026-05-20 02:01:15]   [additional_pdf/construction] 307648 bytes, parsing PDF
[2026-05-20 02:01:16]   [additional_pdf/construction] 14 pages, 52664 text chars
[2026-05-20 02:01:17]   [additional_pdf/construction] structured: 195 logical rows -> 185 lectures
[2026-05-20 02:01:17]   [additional_pdf/power] fetching ენერგ ფაკ. დამატებითი_2025_2026_II_07_04_2026).pdf
[2026-05-20 02:01:17]   [additional_pdf/power] 71228 bytes, parsing PDF
[2026-05-20 02:01:17]   [additional_pdf/power] 2 pages, 6454 text chars
[2026-05-20 02:01:17]   [additional_pdf/power] raw text only
[2026-05-20 02:01:17]   [additional_pdf/mining] fetching სამთო-გეოლოგიური და მთის მდგრადი განვითარების ფაკულტეტი.pdf
[2026-05-20 02:01:18]   [additional_pdf/mining] 51893 bytes, parsing PDF
[2026-05-20 02:01:18]   [additional_pdf/mining] 1 pages, 2197 text chars
[2026-05-20 02:01:18]   [additional_pdf/mining] structured: 9 logical rows -> 8 lectures
[2026-05-20 02:01:18]   [additional_pdf/agrarian] fetching 2025-2026 II აგრარული დამატებითი_16_04_2026.pdf
[2026-05-20 02:01:18]   [additional_pdf/agrarian] 130098 bytes, parsing PDF
[2026-05-20 02:01:18]   [additional_pdf/agrarian] 4 pages, 11664 text chars
[2026-05-20 02:01:18]   [additional_pdf/agrarian] structured: 64 logical rows -> 64 lectures
[2026-05-20 02:01:18]   [additional_pdf/transport] fetching 05 დამატებითი ცხრილი . 23.04.2026.pdf
[2026-05-20 02:01:19]   [additional_pdf/transport] 164850 bytes, parsing PDF
[2026-05-20 02:01:19]   [additional_pdf/transport] 7 pages, 16906 text chars
[2026-05-20 02:01:19]   [additional_pdf/transport] raw text only
[2026-05-20 02:01:19]   [additional_pdf/architecture] fetching ცხრილი დამატ. არქიტექტურის, ურბანისტიკისა და დიზაინის.pdf
[2026-05-20 02:01:20]   [additional_pdf/architecture] 90193 bytes, parsing PDF
[2026-05-20 02:01:20]   [additional_pdf/architecture] 2 pages, 5806 text chars
[2026-05-20 02:01:20]   [additional_pdf/architecture] structured: 18 logical rows -> 15 lectures
[2026-05-20 02:01:20]   [additional_pdf/law] fetching სამართლისა და საერტაშორისო ურთ.დამატებითი ცხრილი_17_04_2026.pdf
[2026-05-20 02:01:20]   [additional_pdf/law] 284550 bytes, parsing PDF
[2026-05-20 02:01:21]   [additional_pdf/law] 9 pages, 16229 text chars
[2026-05-20 02:01:21]   [additional_pdf/law] raw text only
[2026-05-20 02:01:21]   [additional_pdf/ims] fetching იმს დამატებითი სასწავლო კურსების ცხრილი 2025-2026 II სემესტრი 9_05_2026.pdf
[2026-05-20 02:01:21]   [additional_pdf/ims] 205716 bytes, parsing PDF
[2026-05-20 02:01:21]   [additional_pdf/ims] 10 pages, 29623 text chars
[2026-05-20 02:01:22]   [additional_pdf/ims] structured: 141 logical rows -> 132 lectures
[2026-05-20 02:01:22]   [additional_pdf/business] fetching ბიზნესტექნოლოგიები_დამატებითი_17_04_2026.pdf
[2026-05-20 02:01:22]   [additional_pdf/business] 114955 bytes, parsing PDF
[2026-05-20 02:01:23]   [additional_pdf/business] 4 pages, 12300 text chars
[2026-05-20 02:01:23]   [additional_pdf/business] structured: 37 logical rows -> 19 lectures
[2026-05-20 02:01:23]   [additional_pdf/social] fetching დამატებიი ცხრილი სოციალურ მეცნიერებათა ფაკულტეტი 15_05_2026.pdf
[2026-05-20 02:01:23]   [additional_pdf/social] 86807 bytes, parsing PDF
[2026-05-20 02:01:23]   [additional_pdf/social] 1 pages, 2911 text chars
[2026-05-20 02:01:23]   [additional_pdf/social] raw text only
[2026-05-20 02:01:23] additional_pdf: stored 10, failed 0
[2026-05-20 02:01:23] midterm_pdf: no PDFs
[2026-05-20 02:01:23] done in 78.27s
[2026-05-20 07:00:02] fetching homepage
[2026-05-20 07:00:03] discovered 12 links across 2 sections
[2026-05-20 07:00:03] teachers_html: 2 unique source(s)
[2026-05-20 07:00:04]   [http://leqtori.gtu.ge:9000/public/teachers_2025_2026_2_9_.html] fetching
[2026-05-20 07:00:05]   fetched 8024832 bytes
[2026-05-20 07:00:07]   parsed 10223 lectures from IX კვირის სასწავლო ცხრილი
[2026-05-20 07:00:23]   stored 10223 (deduped 0) into lecture
[2026-05-20 07:00:23]   [http://leqtori.gtu.ge:9000/public/prof_teachers.html] fetching
[2026-05-20 07:00:24]   fetched 111363 bytes
[2026-05-20 07:00:24]   parsed 52 lectures from IX კვირის სასწავლო ცხრილი
[2026-05-20 07:00:24]   stored 52 (deduped 0) into lecture
[2026-05-20 07:00:24] teachers totals: 1681 teachers, 4571 subjects, 10275 lectures
[2026-05-20 07:00:24] additional_pdf: 10 PDF(s) to fetch
[2026-05-20 07:00:24]   [additional_pdf/construction] fetching დამატ. ცხრ. -25-26 2 21.04.26 სამშენებლო.pdf
[2026-05-20 07:00:24]   [additional_pdf/construction] 307648 bytes, parsing PDF
[2026-05-20 07:00:25]   [additional_pdf/construction] 14 pages, 52664 text chars
[2026-05-20 07:00:26]   [additional_pdf/construction] structured: 195 logical rows -> 185 lectures
[2026-05-20 07:00:26]   [additional_pdf/power] fetching ენერგ ფაკ. დამატებითი_2025_2026_II_07_04_2026).pdf
[2026-05-20 07:00:26]   [additional_pdf/power] 71228 bytes, parsing PDF
[2026-05-20 07:00:26]   [additional_pdf/power] 2 pages, 6454 text chars
[2026-05-20 07:00:26]   [additional_pdf/power] raw text only
[2026-05-20 07:00:26]   [additional_pdf/mining] fetching სამთო-გეოლოგიური და მთის მდგრადი განვითარების ფაკულტეტი.pdf
[2026-05-20 07:00:26]   [additional_pdf/mining] 51893 bytes, parsing PDF
[2026-05-20 07:00:26]   [additional_pdf/mining] 1 pages, 2197 text chars
[2026-05-20 07:00:26]   [additional_pdf/mining] structured: 9 logical rows -> 8 lectures
[2026-05-20 07:00:26]   [additional_pdf/agrarian] fetching 2025-2026 II აგრარული დამატებითი_16_04_2026.pdf
[2026-05-20 07:00:27]   [additional_pdf/agrarian] 130098 bytes, parsing PDF
[2026-05-20 07:00:27]   [additional_pdf/agrarian] 4 pages, 11664 text chars
[2026-05-20 07:00:27]   [additional_pdf/agrarian] structured: 64 logical rows -> 64 lectures
[2026-05-20 07:00:27]   [additional_pdf/transport] fetching 05 დამატებითი ცხრილი . 23.04.2026.pdf
[2026-05-20 07:00:27]   [additional_pdf/transport] 164850 bytes, parsing PDF
[2026-05-20 07:00:28]   [additional_pdf/transport] 7 pages, 16906 text chars
[2026-05-20 07:00:28]   [additional_pdf/transport] raw text only
[2026-05-20 07:00:28]   [additional_pdf/architecture] fetching ცხრილი დამატ. არქიტექტურის, ურბანისტიკისა და დიზაინის.pdf
[2026-05-20 07:00:28]   [additional_pdf/architecture] 90193 bytes, parsing PDF
[2026-05-20 07:00:28]   [additional_pdf/architecture] 2 pages, 5806 text chars
[2026-05-20 07:00:28]   [additional_pdf/architecture] structured: 18 logical rows -> 15 lectures
[2026-05-20 07:00:28]   [additional_pdf/law] fetching სამართლისა და საერტაშორისო ურთ.დამატებითი ცხრილი_17_04_2026.pdf
[2026-05-20 07:00:29]   [additional_pdf/law] 284550 bytes, parsing PDF
[2026-05-20 07:00:29]   [additional_pdf/law] 9 pages, 16229 text chars
[2026-05-20 07:00:29]   [additional_pdf/law] raw text only
[2026-05-20 07:00:29]   [additional_pdf/ims] fetching იმს დამატებითი სასწავლო კურსების ცხრილი 2025-2026 II სემესტრი 9_05_2026.pdf
[2026-05-20 07:00:30]   [additional_pdf/ims] 205716 bytes, parsing PDF
[2026-05-20 07:00:30]   [additional_pdf/ims] 10 pages, 29623 text chars
[2026-05-20 07:00:30]   [additional_pdf/ims] structured: 141 logical rows -> 132 lectures
[2026-05-20 07:00:30]   [additional_pdf/business] fetching ბიზნესტექნოლოგიები_დამატებითი_17_04_2026.pdf
[2026-05-20 07:00:31]   [additional_pdf/business] 114955 bytes, parsing PDF
[2026-05-20 07:00:31]   [additional_pdf/business] 4 pages, 12300 text chars
[2026-05-20 07:00:31]   [additional_pdf/business] structured: 37 logical rows -> 19 lectures
[2026-05-20 07:00:31]   [additional_pdf/social] fetching დამატებიი ცხრილი სოციალურ მეცნიერებათა ფაკულტეტი 15_05_2026.pdf
[2026-05-20 07:00:31]   [additional_pdf/social] 86807 bytes, parsing PDF
[2026-05-20 07:00:31]   [additional_pdf/social] 1 pages, 2911 text chars
[2026-05-20 07:00:31]   [additional_pdf/social] raw text only
[2026-05-20 07:00:31] additional_pdf: stored 10, failed 0
[2026-05-20 07:00:31] midterm_pdf: no PDFs
[2026-05-20 07:00:31] done in 29.11s
[2026-05-20 12:00:02] fetching homepage
[2026-05-20 12:00:03] discovered 12 links across 2 sections
[2026-05-20 12:00:03] teachers_html: 2 unique source(s)
[2026-05-20 12:00:04]   [http://leqtori.gtu.ge:9000/public/teachers_2025_2026_2_9_.html] fetching
[2026-05-20 12:00:05]   fetched 8024832 bytes
[2026-05-20 12:00:07]   parsed 10223 lectures from IX კვირის სასწავლო ცხრილი
[2026-05-20 12:00:25]   stored 10223 (deduped 0) into lecture
[2026-05-20 12:00:25]   [http://leqtori.gtu.ge:9000/public/prof_teachers.html] fetching
[2026-05-20 12:00:25]   fetched 111363 bytes
[2026-05-20 12:00:25]   parsed 52 lectures from IX კვირის სასწავლო ცხრილი
[2026-05-20 12:00:25]   stored 52 (deduped 0) into lecture
[2026-05-20 12:00:25] teachers totals: 1681 teachers, 4571 subjects, 10275 lectures
[2026-05-20 12:00:25] additional_pdf: 10 PDF(s) to fetch
[2026-05-20 12:00:25]   [additional_pdf/construction] fetching დამატ. ცხრ. -25-26 2 21.04.26 სამშენებლო.pdf
[2026-05-20 12:00:26]   [additional_pdf/construction] 307648 bytes, parsing PDF
[2026-05-20 12:00:26]   [additional_pdf/construction] 14 pages, 52664 text chars
[2026-05-20 12:00:27]   [additional_pdf/construction] structured: 195 logical rows -> 185 lectures
[2026-05-20 12:00:27]   [additional_pdf/power] fetching ენერგ ფაკ. დამატებითი_2025_2026_II_07_04_2026).pdf
[2026-05-20 12:00:27]   [additional_pdf/power] 71228 bytes, parsing PDF
[2026-05-20 12:00:27]   [additional_pdf/power] 2 pages, 6454 text chars
[2026-05-20 12:00:27]   [additional_pdf/power] raw text only
[2026-05-20 12:00:27]   [additional_pdf/mining] fetching სამთო-გეოლოგიური და მთის მდგრადი განვითარების ფაკულტეტი.pdf
[2026-05-20 12:00:28]   [additional_pdf/mining] 51893 bytes, parsing PDF
[2026-05-20 12:00:28]   [additional_pdf/mining] 1 pages, 2197 text chars
[2026-05-20 12:00:28]   [additional_pdf/mining] structured: 9 logical rows -> 8 lectures
[2026-05-20 12:00:28]   [additional_pdf/agrarian] fetching 2025-2026 II აგრარული დამატებითი_16_04_2026.pdf
[2026-05-20 12:00:28]   [additional_pdf/agrarian] 130098 bytes, parsing PDF
[2026-05-20 12:00:28]   [additional_pdf/agrarian] 4 pages, 11664 text chars
[2026-05-20 12:00:28]   [additional_pdf/agrarian] structured: 64 logical rows -> 64 lectures
[2026-05-20 12:00:28]   [additional_pdf/transport] fetching 05 დამატებითი ცხრილი . 23.04.2026.pdf
[2026-05-20 12:00:29]   [additional_pdf/transport] 164850 bytes, parsing PDF
[2026-05-20 12:00:29]   [additional_pdf/transport] 7 pages, 16906 text chars
[2026-05-20 12:00:29]   [additional_pdf/transport] raw text only
[2026-05-20 12:00:29]   [additional_pdf/architecture] fetching ცხრილი დამატ. არქიტექტურის, ურბანისტიკისა და დიზაინის.pdf
[2026-05-20 12:00:29]   [additional_pdf/architecture] 90193 bytes, parsing PDF
[2026-05-20 12:00:29]   [additional_pdf/architecture] 2 pages, 5806 text chars
[2026-05-20 12:00:29]   [additional_pdf/architecture] structured: 18 logical rows -> 15 lectures
[2026-05-20 12:00:29]   [additional_pdf/law] fetching სამართლისა და საერტაშორისო ურთ.დამატებითი ცხრილი_17_04_2026.pdf
[2026-05-20 12:00:30]   [additional_pdf/law] 284550 bytes, parsing PDF
[2026-05-20 12:00:30]   [additional_pdf/law] 9 pages, 16229 text chars
[2026-05-20 12:00:30]   [additional_pdf/law] raw text only
[2026-05-20 12:00:30]   [additional_pdf/ims] fetching იმს დამატებითი სასწავლო კურსების ცხრილი 2025-2026 II სემესტრი 9_05_2026.pdf
[2026-05-20 12:00:31]   [additional_pdf/ims] 205716 bytes, parsing PDF
[2026-05-20 12:00:31]   [additional_pdf/ims] 10 pages, 29623 text chars
[2026-05-20 12:00:32]   [additional_pdf/ims] structured: 141 logical rows -> 132 lectures
[2026-05-20 12:00:32]   [additional_pdf/business] fetching ბიზნესტექნოლოგიები_დამატებითი_17_04_2026.pdf
[2026-05-20 12:00:32]   [additional_pdf/business] 114955 bytes, parsing PDF
[2026-05-20 12:00:32]   [additional_pdf/business] 4 pages, 12300 text chars
[2026-05-20 12:00:32]   [additional_pdf/business] structured: 37 logical rows -> 19 lectures
[2026-05-20 12:00:32]   [additional_pdf/social] fetching დამატებიი ცხრილი სოციალურ მეცნიერებათა ფაკულტეტი 15_05_2026.pdf
[2026-05-20 12:00:33]   [additional_pdf/social] 86807 bytes, parsing PDF
[2026-05-20 12:00:33]   [additional_pdf/social] 1 pages, 2911 text chars
[2026-05-20 12:00:33]   [additional_pdf/social] raw text only
[2026-05-20 12:00:33] additional_pdf: stored 10, failed 0
[2026-05-20 12:00:33] midterm_pdf: no PDFs
[2026-05-20 12:00:33] done in 31.00s
[2026-05-20 17:00:01] fetching homepage
[2026-05-20 17:00:02] discovered 12 links across 2 sections
[2026-05-20 17:00:02] teachers_html: 2 unique source(s)
[2026-05-20 17:00:02]   [http://leqtori.gtu.ge:9000/public/teachers_2025_2026_2_9_.html] fetching
[2026-05-20 17:00:04]   fetched 8024832 bytes
[2026-05-20 17:00:06]   parsed 10223 lectures from IX კვირის სასწავლო ცხრილი
[2026-05-20 17:00:39]   stored 10223 (deduped 0) into lecture
[2026-05-20 17:00:39]   [http://leqtori.gtu.ge:9000/public/prof_teachers.html] fetching
[2026-05-20 17:00:40]   fetched 111363 bytes
[2026-05-20 17:00:40]   parsed 52 lectures from IX კვირის სასწავლო ცხრილი
[2026-05-20 17:00:40]   stored 52 (deduped 0) into lecture
[2026-05-20 17:00:40] teachers totals: 1681 teachers, 4571 subjects, 10275 lectures
[2026-05-20 17:00:40] additional_pdf: 10 PDF(s) to fetch
[2026-05-20 17:00:40]   [additional_pdf/construction] fetching დამატ. ცხრ. -25-26 2 21.04.26 სამშენებლო.pdf
[2026-05-20 17:00:40]   [additional_pdf/construction] 307648 bytes, parsing PDF
[2026-05-20 17:00:41]   [additional_pdf/construction] 14 pages, 52664 text chars
[2026-05-20 17:00:41]   [additional_pdf/construction] structured: 195 logical rows -> 185 lectures
[2026-05-20 17:00:41]   [additional_pdf/power] fetching ენერგ ფაკ. დამატებითი_2025_2026_II_07_04_2026).pdf
[2026-05-20 17:00:42]   [additional_pdf/power] 71228 bytes, parsing PDF
[2026-05-20 17:00:42]   [additional_pdf/power] 2 pages, 6454 text chars
[2026-05-20 17:00:42]   [additional_pdf/power] raw text only
[2026-05-20 17:00:42]   [additional_pdf/mining] fetching სამთო-გეოლოგიური და მთის მდგრადი განვითარების ფაკულტეტი.pdf
[2026-05-20 17:00:42]   [additional_pdf/mining] 51893 bytes, parsing PDF
[2026-05-20 17:00:42]   [additional_pdf/mining] 1 pages, 2197 text chars
[2026-05-20 17:00:42]   [additional_pdf/mining] structured: 9 logical rows -> 8 lectures
[2026-05-20 17:00:42]   [additional_pdf/agrarian] fetching 2025-2026 II აგრარული დამატებითი_16_04_2026.pdf
[2026-05-20 17:00:43]   [additional_pdf/agrarian] 130098 bytes, parsing PDF
[2026-05-20 17:00:43]   [additional_pdf/agrarian] 4 pages, 11664 text chars
[2026-05-20 17:00:43]   [additional_pdf/agrarian] structured: 64 logical rows -> 64 lectures
[2026-05-20 17:00:43]   [additional_pdf/transport] fetching 05 დამატებითი ცხრილი . 23.04.2026.pdf
[2026-05-20 17:00:43]   [additional_pdf/transport] 164850 bytes, parsing PDF
[2026-05-20 17:00:44]   [additional_pdf/transport] 7 pages, 16906 text chars
[2026-05-20 17:00:44]   [additional_pdf/transport] raw text only
[2026-05-20 17:00:44]   [additional_pdf/architecture] fetching ცხრილი დამატ. არქიტექტურის, ურბანისტიკისა და დიზაინის.pdf
[2026-05-20 17:00:44]   [additional_pdf/architecture] 90193 bytes, parsing PDF
[2026-05-20 17:00:44]   [additional_pdf/architecture] 2 pages, 5806 text chars
[2026-05-20 17:00:44]   [additional_pdf/architecture] structured: 18 logical rows -> 15 lectures
[2026-05-20 17:00:44]   [additional_pdf/law] fetching სამართლისა და საერტაშორისო ურთ.დამატებითი ცხრილი_17_04_2026.pdf
[2026-05-20 17:00:45]   [additional_pdf/law] 284550 bytes, parsing PDF
[2026-05-20 17:00:45]   [additional_pdf/law] 9 pages, 16229 text chars
[2026-05-20 17:00:45]   [additional_pdf/law] raw text only
[2026-05-20 17:00:45]   [additional_pdf/ims] fetching იმს დამატებითი სასწავლო კურსების ცხრილი 2025-2026 II სემესტრი 9_05_2026.pdf
[2026-05-20 17:00:45]   [additional_pdf/ims] 205716 bytes, parsing PDF
[2026-05-20 17:00:45]   [additional_pdf/ims] 10 pages, 29623 text chars
[2026-05-20 17:00:46]   [additional_pdf/ims] structured: 141 logical rows -> 132 lectures
[2026-05-20 17:00:46]   [additional_pdf/business] fetching ბიზნესტექნოლოგიები_დამატებითი_17_04_2026.pdf
[2026-05-20 17:00:47]   [additional_pdf/business] 114955 bytes, parsing PDF
[2026-05-20 17:00:47]   [additional_pdf/business] 4 pages, 12300 text chars
[2026-05-20 17:00:47]   [additional_pdf/business] structured: 37 logical rows -> 19 lectures
[2026-05-20 17:00:47]   [additional_pdf/social] fetching დამატებიი ცხრილი სოციალურ მეცნიერებათა ფაკულტეტი 15_05_2026.pdf
[2026-05-20 17:00:47]   [additional_pdf/social] 86807 bytes, parsing PDF
[2026-05-20 17:00:47]   [additional_pdf/social] 1 pages, 2911 text chars
[2026-05-20 17:00:47]   [additional_pdf/social] raw text only
[2026-05-20 17:00:47] additional_pdf: stored 10, failed 0
[2026-05-20 17:00:47] midterm_pdf: no PDFs
[2026-05-20 17:00:47] done in 46.19s
[2026-05-20 22:00:01] fetching homepage
[2026-05-20 22:00:02] discovered 12 links across 2 sections
[2026-05-20 22:00:02] teachers_html: 2 unique source(s)
[2026-05-20 22:00:03]   [http://leqtori.gtu.ge:9000/public/teachers_2025_2026_2_9_.html] fetching
[2026-05-20 22:00:04]   fetched 8024832 bytes
[2026-05-20 22:00:06]   parsed 10223 lectures from IX კვირის სასწავლო ცხრილი
[2026-05-20 22:00:24]   stored 10223 (deduped 0) into lecture
[2026-05-20 22:00:24]   [http://leqtori.gtu.ge:9000/public/prof_teachers.html] fetching
[2026-05-20 22:00:25]   fetched 111363 bytes
[2026-05-20 22:00:25]   parsed 52 lectures from IX კვირის სასწავლო ცხრილი
[2026-05-20 22:00:25]   stored 52 (deduped 0) into lecture
[2026-05-20 22:00:25] teachers totals: 1681 teachers, 4571 subjects, 10275 lectures
[2026-05-20 22:00:25] additional_pdf: 10 PDF(s) to fetch
[2026-05-20 22:00:25]   [additional_pdf/construction] fetching დამატ. ცხრ. -25-26 2 21.04.26 სამშენებლო.pdf
[2026-05-20 22:00:25]   [additional_pdf/construction] 307648 bytes, parsing PDF
[2026-05-20 22:00:26]   [additional_pdf/construction] 14 pages, 52664 text chars
[2026-05-20 22:00:26]   [additional_pdf/construction] structured: 195 logical rows -> 185 lectures
[2026-05-20 22:00:26]   [additional_pdf/power] fetching ენერგ ფაკ. დამატებითი_2025_2026_II_07_04_2026).pdf
[2026-05-20 22:00:27]   [additional_pdf/power] 71228 bytes, parsing PDF
[2026-05-20 22:00:27]   [additional_pdf/power] 2 pages, 6454 text chars
[2026-05-20 22:00:27]   [additional_pdf/power] raw text only
[2026-05-20 22:00:27]   [additional_pdf/mining] fetching სამთო-გეოლოგიური და მთის მდგრადი განვითარების ფაკულტეტი.pdf
[2026-05-20 22:00:27]   [additional_pdf/mining] 51893 bytes, parsing PDF
[2026-05-20 22:00:27]   [additional_pdf/mining] 1 pages, 2197 text chars
[2026-05-20 22:00:27]   [additional_pdf/mining] structured: 9 logical rows -> 8 lectures
[2026-05-20 22:00:27]   [additional_pdf/agrarian] fetching 2025-2026 II აგრარული დამატებითი_16_04_2026.pdf
[2026-05-20 22:00:28]   [additional_pdf/agrarian] 130098 bytes, parsing PDF
[2026-05-20 22:00:28]   [additional_pdf/agrarian] 4 pages, 11664 text chars
[2026-05-20 22:00:28]   [additional_pdf/agrarian] structured: 64 logical rows -> 64 lectures
[2026-05-20 22:00:28]   [additional_pdf/transport] fetching 05 დამატებითი ცხრილი . 23.04.2026.pdf
[2026-05-20 22:00:28]   [additional_pdf/transport] 164850 bytes, parsing PDF
[2026-05-20 22:00:28]   [additional_pdf/transport] 7 pages, 16906 text chars
[2026-05-20 22:00:28]   [additional_pdf/transport] raw text only
[2026-05-20 22:00:28]   [additional_pdf/architecture] fetching ცხრილი დამატ. არქიტექტურის, ურბანისტიკისა და დიზაინის.pdf
[2026-05-20 22:00:29]   [additional_pdf/architecture] 90193 bytes, parsing PDF
[2026-05-20 22:00:29]   [additional_pdf/architecture] 2 pages, 5806 text chars
[2026-05-20 22:00:29]   [additional_pdf/architecture] structured: 18 logical rows -> 15 lectures
[2026-05-20 22:00:29]   [additional_pdf/law] fetching სამართლისა და საერტაშორისო ურთ.დამატებითი ცხრილი_17_04_2026.pdf
[2026-05-20 22:00:29]   [additional_pdf/law] 284550 bytes, parsing PDF
[2026-05-20 22:00:30]   [additional_pdf/law] 9 pages, 16229 text chars
[2026-05-20 22:00:30]   [additional_pdf/law] raw text only
[2026-05-20 22:00:30]   [additional_pdf/ims] fetching იმს დამატებითი სასწავლო კურსების ცხრილი 2025-2026 II სემესტრი 9_05_2026.pdf
[2026-05-20 22:00:30]   [additional_pdf/ims] 205716 bytes, parsing PDF
[2026-05-20 22:00:30]   [additional_pdf/ims] 10 pages, 29623 text chars
[2026-05-20 22:00:31]   [additional_pdf/ims] structured: 141 logical rows -> 132 lectures
[2026-05-20 22:00:31]   [additional_pdf/business] fetching ბიზნესტექნოლოგიები_დამატებითი_17_04_2026.pdf
[2026-05-20 22:00:32]   [additional_pdf/business] 114955 bytes, parsing PDF
[2026-05-20 22:00:32]   [additional_pdf/business] 4 pages, 12300 text chars
[2026-05-20 22:00:32]   [additional_pdf/business] structured: 37 logical rows -> 19 lectures
[2026-05-20 22:00:32]   [additional_pdf/social] fetching დამატებიი ცხრილი სოციალურ მეცნიერებათა ფაკულტეტი 15_05_2026.pdf
[2026-05-20 22:00:32]   [additional_pdf/social] 86807 bytes, parsing PDF
[2026-05-20 22:00:32]   [additional_pdf/social] 1 pages, 2911 text chars
[2026-05-20 22:00:32]   [additional_pdf/social] raw text only
[2026-05-20 22:00:32] additional_pdf: stored 10, failed 0
[2026-05-20 22:00:32] midterm_pdf: no PDFs
[2026-05-20 22:00:32] done in 31.08s
[2026-05-21 02:00:01] fetching homepage
[2026-05-21 02:00:02] discovered 12 links across 2 sections
[2026-05-21 02:00:02] teachers_html: 2 unique source(s)
[2026-05-21 02:00:04]   [http://leqtori.gtu.ge:9000/public/teachers_2025_2026_2_9_.html] fetching
[2026-05-21 02:00:05]   fetched 8024832 bytes
[2026-05-21 02:00:08]   parsed 10223 lectures from IX კვირის სასწავლო ცხრილი
[2026-05-21 02:01:18]   stored 10223 (deduped 0) into lecture
[2026-05-21 02:01:18]   [http://leqtori.gtu.ge:9000/public/prof_teachers.html] fetching
[2026-05-21 02:01:19]   fetched 111363 bytes
[2026-05-21 02:01:19]   parsed 52 lectures from IX კვირის სასწავლო ცხრილი
[2026-05-21 02:01:19]   stored 52 (deduped 0) into lecture
[2026-05-21 02:01:19] teachers totals: 1681 teachers, 4571 subjects, 10275 lectures
[2026-05-21 02:01:19] additional_pdf: 10 PDF(s) to fetch
[2026-05-21 02:01:19]   [additional_pdf/construction] fetching დამატ. ცხრ. -25-26 2 21.04.26 სამშენებლო.pdf
[2026-05-21 02:01:19]   [additional_pdf/construction] 307648 bytes, parsing PDF
[2026-05-21 02:01:20]   [additional_pdf/construction] 14 pages, 52664 text chars
[2026-05-21 02:01:21]   [additional_pdf/construction] structured: 195 logical rows -> 185 lectures
[2026-05-21 02:01:21]   [additional_pdf/power] fetching ენერგ ფაკ. დამატებითი_2025_2026_II_07_04_2026).pdf
[2026-05-21 02:01:22]   [additional_pdf/power] 71228 bytes, parsing PDF
[2026-05-21 02:01:22]   [additional_pdf/power] 2 pages, 6454 text chars
[2026-05-21 02:01:22]   [additional_pdf/power] raw text only
[2026-05-21 02:01:22]   [additional_pdf/mining] fetching სამთო-გეოლოგიური და მთის მდგრადი განვითარების ფაკულტეტი.pdf
[2026-05-21 02:01:22]   [additional_pdf/mining] 51893 bytes, parsing PDF
[2026-05-21 02:01:22]   [additional_pdf/mining] 1 pages, 2197 text chars
[2026-05-21 02:01:22]   [additional_pdf/mining] structured: 9 logical rows -> 8 lectures
[2026-05-21 02:01:22]   [additional_pdf/agrarian] fetching 2025-2026 II აგრარული დამატებითი_16_04_2026.pdf
[2026-05-21 02:01:23]   [additional_pdf/agrarian] 130098 bytes, parsing PDF
[2026-05-21 02:01:23]   [additional_pdf/agrarian] 4 pages, 11664 text chars
[2026-05-21 02:01:23]   [additional_pdf/agrarian] structured: 64 logical rows -> 64 lectures
[2026-05-21 02:01:23]   [additional_pdf/transport] fetching 05 დამატებითი ცხრილი . 23.04.2026.pdf
[2026-05-21 02:01:23]   [additional_pdf/transport] 164850 bytes, parsing PDF
[2026-05-21 02:01:23]   [additional_pdf/transport] 7 pages, 16906 text chars
[2026-05-21 02:01:23]   [additional_pdf/transport] raw text only
[2026-05-21 02:01:23]   [additional_pdf/architecture] fetching ცხრილი დამატ. არქიტექტურის, ურბანისტიკისა და დიზაინის.pdf
[2026-05-21 02:01:24]   [additional_pdf/architecture] 90193 bytes, parsing PDF
[2026-05-21 02:01:24]   [additional_pdf/architecture] 2 pages, 5806 text chars
[2026-05-21 02:01:24]   [additional_pdf/architecture] structured: 18 logical rows -> 15 lectures
[2026-05-21 02:01:24]   [additional_pdf/law] fetching სამართლისა და საერტაშორისო ურთ.დამატებითი ცხრილი_17_04_2026.pdf
[2026-05-21 02:01:25]   [additional_pdf/law] 284550 bytes, parsing PDF
[2026-05-21 02:01:25]   [additional_pdf/law] 9 pages, 16229 text chars
[2026-05-21 02:01:25]   [additional_pdf/law] raw text only
[2026-05-21 02:01:25]   [additional_pdf/ims] fetching იმს დამატებითი სასწავლო კურსების ცხრილი 2025-2026 II სემესტრი 9_05_2026.pdf
[2026-05-21 02:01:26]   [additional_pdf/ims] 205716 bytes, parsing PDF
[2026-05-21 02:01:26]   [additional_pdf/ims] 10 pages, 29623 text chars
[2026-05-21 02:01:26]   [additional_pdf/ims] structured: 141 logical rows -> 132 lectures
[2026-05-21 02:01:26]   [additional_pdf/business] fetching ბიზნესტექნოლოგიები_დამატებითი_17_04_2026.pdf
[2026-05-21 02:01:27]   [additional_pdf/business] 114955 bytes, parsing PDF
[2026-05-21 02:01:27]   [additional_pdf/business] 4 pages, 12300 text chars
[2026-05-21 02:01:27]   [additional_pdf/business] structured: 37 logical rows -> 19 lectures
[2026-05-21 02:01:27]   [additional_pdf/social] fetching დამატებიი ცხრილი სოციალურ მეცნიერებათა ფაკულტეტი 15_05_2026.pdf
[2026-05-21 02:01:28]   [additional_pdf/social] 86807 bytes, parsing PDF
[2026-05-21 02:01:28]   [additional_pdf/social] 1 pages, 2911 text chars
[2026-05-21 02:01:28]   [additional_pdf/social] raw text only
[2026-05-21 02:01:28] additional_pdf: stored 10, failed 0
[2026-05-21 02:01:28] midterm_pdf: no PDFs
[2026-05-21 02:01:28] done in 86.40s
[2026-05-21 07:00:01] fetching homepage
[2026-05-21 07:00:02] discovered 12 links across 2 sections
[2026-05-21 07:00:02] teachers_html: 2 unique source(s)
[2026-05-21 07:00:03]   [http://leqtori.gtu.ge:9000/public/teachers_2025_2026_2_9_.html] fetching
[2026-05-21 07:00:04]   fetched 8024832 bytes
[2026-05-21 07:00:08]   parsed 10223 lectures from IX კვირის სასწავლო ცხრილი
[2026-05-21 07:00:26]   stored 10223 (deduped 0) into lecture
[2026-05-21 07:00:26]   [http://leqtori.gtu.ge:9000/public/prof_teachers.html] fetching
[2026-05-21 07:00:26]   fetched 111363 bytes
[2026-05-21 07:00:26]   parsed 52 lectures from IX კვირის სასწავლო ცხრილი
[2026-05-21 07:00:27]   stored 52 (deduped 0) into lecture
[2026-05-21 07:00:27] teachers totals: 1681 teachers, 4571 subjects, 10275 lectures
[2026-05-21 07:00:27] additional_pdf: 10 PDF(s) to fetch
[2026-05-21 07:00:27]   [additional_pdf/construction] fetching დამატ. ცხრ. -25-26 2 21.04.26 სამშენებლო.pdf
[2026-05-21 07:00:27]   [additional_pdf/construction] 307648 bytes, parsing PDF
[2026-05-21 07:00:27]   [additional_pdf/construction] 14 pages, 52664 text chars
[2026-05-21 07:00:28]   [additional_pdf/construction] structured: 195 logical rows -> 185 lectures
[2026-05-21 07:00:28]   [additional_pdf/power] fetching ენერგ ფაკ. დამატებითი_2025_2026_II_07_04_2026).pdf
[2026-05-21 07:00:29]   [additional_pdf/power] 71228 bytes, parsing PDF
[2026-05-21 07:00:29]   [additional_pdf/power] 2 pages, 6454 text chars
[2026-05-21 07:00:29]   [additional_pdf/power] raw text only
[2026-05-21 07:00:29]   [additional_pdf/mining] fetching სამთო-გეოლოგიური და მთის მდგრადი განვითარების ფაკულტეტი.pdf
[2026-05-21 07:00:29]   [additional_pdf/mining] 51893 bytes, parsing PDF
[2026-05-21 07:00:29]   [additional_pdf/mining] 1 pages, 2197 text chars
[2026-05-21 07:00:29]   [additional_pdf/mining] structured: 9 logical rows -> 8 lectures
[2026-05-21 07:00:29]   [additional_pdf/agrarian] fetching 2025-2026 II აგრარული დამატებითი_16_04_2026.pdf
[2026-05-21 07:00:29]   [additional_pdf/agrarian] 130098 bytes, parsing PDF
[2026-05-21 07:00:29]   [additional_pdf/agrarian] 4 pages, 11664 text chars
[2026-05-21 07:00:30]   [additional_pdf/agrarian] structured: 64 logical rows -> 64 lectures
[2026-05-21 07:00:30]   [additional_pdf/transport] fetching 05 დამატებითი ცხრილი . 23.04.2026.pdf
[2026-05-21 07:00:30]   [additional_pdf/transport] 164850 bytes, parsing PDF
[2026-05-21 07:00:30]   [additional_pdf/transport] 7 pages, 16906 text chars
[2026-05-21 07:00:30]   [additional_pdf/transport] raw text only
[2026-05-21 07:00:30]   [additional_pdf/architecture] fetching ცხრილი დამატ. არქიტექტურის, ურბანისტიკისა და დიზაინის.pdf
[2026-05-21 07:00:31]   [additional_pdf/architecture] 90193 bytes, parsing PDF
[2026-05-21 07:00:31]   [additional_pdf/architecture] 2 pages, 5806 text chars
[2026-05-21 07:00:31]   [additional_pdf/architecture] structured: 18 logical rows -> 15 lectures
[2026-05-21 07:00:31]   [additional_pdf/law] fetching სამართლისა და საერტაშორისო ურთ.დამატებითი ცხრილი_17_04_2026.pdf
[2026-05-21 07:00:31]   [additional_pdf/law] 284550 bytes, parsing PDF
[2026-05-21 07:00:32]   [additional_pdf/law] 9 pages, 16229 text chars
[2026-05-21 07:00:32]   [additional_pdf/law] raw text only
[2026-05-21 07:00:32]   [additional_pdf/ims] fetching იმს დამატებითი სასწავლო კურსების ცხრილი 2025-2026 II სემესტრი 9_05_2026.pdf
[2026-05-21 07:00:32]   [additional_pdf/ims] 205716 bytes, parsing PDF
[2026-05-21 07:00:32]   [additional_pdf/ims] 10 pages, 29623 text chars
[2026-05-21 07:00:33]   [additional_pdf/ims] structured: 141 logical rows -> 132 lectures
[2026-05-21 07:00:33]   [additional_pdf/business] fetching ბიზნესტექნოლოგიები_დამატებითი_17_04_2026.pdf
[2026-05-21 07:00:33]   [additional_pdf/business] 114955 bytes, parsing PDF
[2026-05-21 07:00:33]   [additional_pdf/business] 4 pages, 12300 text chars
[2026-05-21 07:00:33]   [additional_pdf/business] structured: 37 logical rows -> 19 lectures
[2026-05-21 07:00:33]   [additional_pdf/social] fetching დამატებიი ცხრილი სოციალურ მეცნიერებათა ფაკულტეტი 15_05_2026.pdf
[2026-05-21 07:00:34]   [additional_pdf/social] 86807 bytes, parsing PDF
[2026-05-21 07:00:34]   [additional_pdf/social] 1 pages, 2911 text chars
[2026-05-21 07:00:34]   [additional_pdf/social] raw text only
[2026-05-21 07:00:34] additional_pdf: stored 10, failed 0
[2026-05-21 07:00:34] midterm_pdf: no PDFs
[2026-05-21 07:00:34] done in 32.66s
[2026-05-21 12:00:01] fetching homepage
[2026-05-21 12:00:02] discovered 12 links across 2 sections
[2026-05-21 12:00:02] teachers_html: 2 unique source(s)
[2026-05-21 12:00:03]   [http://leqtori.gtu.ge:9000/public/teachers_2025_2026_2_9_.html] fetching
[2026-05-21 12:00:04]   fetched 8024832 bytes
[2026-05-21 12:00:06]   parsed 10223 lectures from IX კვირის სასწავლო ცხრილი
[2026-05-21 12:00:26]   stored 10223 (deduped 0) into lecture
[2026-05-21 12:00:26]   [http://leqtori.gtu.ge:9000/public/prof_teachers.html] fetching
[2026-05-21 12:00:27]   fetched 111363 bytes
[2026-05-21 12:00:27]   parsed 52 lectures from IX კვირის სასწავლო ცხრილი
[2026-05-21 12:00:27]   stored 52 (deduped 0) into lecture
[2026-05-21 12:00:27] teachers totals: 1681 teachers, 4571 subjects, 10275 lectures
[2026-05-21 12:00:27] additional_pdf: 10 PDF(s) to fetch
[2026-05-21 12:00:27]   [additional_pdf/construction] fetching დამატ. ცხრ. -25-26 2 21.04.26 სამშენებლო.pdf
[2026-05-21 12:00:27]   [additional_pdf/construction] 307648 bytes, parsing PDF
[2026-05-21 12:00:28]   [additional_pdf/construction] 14 pages, 52664 text chars
[2026-05-21 12:00:29]   [additional_pdf/construction] structured: 195 logical rows -> 185 lectures
[2026-05-21 12:00:29]   [additional_pdf/power] fetching ენერგ ფაკ. დამატებითი_2025_2026_II_07_04_2026).pdf
[2026-05-21 12:00:29]   [additional_pdf/power] 71228 bytes, parsing PDF
[2026-05-21 12:00:29]   [additional_pdf/power] 2 pages, 6454 text chars
[2026-05-21 12:00:29]   [additional_pdf/power] raw text only
[2026-05-21 12:00:29]   [additional_pdf/mining] fetching სამთო-გეოლოგიური და მთის მდგრადი განვითარების ფაკულტეტი.pdf
[2026-05-21 12:00:29]   [additional_pdf/mining] 51893 bytes, parsing PDF
[2026-05-21 12:00:29]   [additional_pdf/mining] 1 pages, 2197 text chars
[2026-05-21 12:00:30]   [additional_pdf/mining] structured: 9 logical rows -> 8 lectures
[2026-05-21 12:00:30]   [additional_pdf/agrarian] fetching 2025-2026 II აგრარული დამატებითი_16_04_2026.pdf
[2026-05-21 12:00:30]   [additional_pdf/agrarian] 130098 bytes, parsing PDF
[2026-05-21 12:00:30]   [additional_pdf/agrarian] 4 pages, 11664 text chars
[2026-05-21 12:00:30]   [additional_pdf/agrarian] structured: 64 logical rows -> 64 lectures
[2026-05-21 12:00:30]   [additional_pdf/transport] fetching 05 დამატებითი ცხრილი . 23.04.2026.pdf
[2026-05-21 12:00:31]   [additional_pdf/transport] 164850 bytes, parsing PDF
[2026-05-21 12:00:31]   [additional_pdf/transport] 7 pages, 16906 text chars
[2026-05-21 12:00:31]   [additional_pdf/transport] raw text only
[2026-05-21 12:00:31]   [additional_pdf/architecture] fetching ცხრილი დამატ. არქიტექტურის, ურბანისტიკისა და დიზაინის.pdf
[2026-05-21 12:00:31]   [additional_pdf/architecture] 90193 bytes, parsing PDF
[2026-05-21 12:00:31]   [additional_pdf/architecture] 2 pages, 5806 text chars
[2026-05-21 12:00:31]   [additional_pdf/architecture] structured: 18 logical rows -> 15 lectures
[2026-05-21 12:00:31]   [additional_pdf/law] fetching სამართლისა და საერტაშორისო ურთ.დამატებითი ცხრილი_17_04_2026.pdf
[2026-05-21 12:00:32]   [additional_pdf/law] 284550 bytes, parsing PDF
[2026-05-21 12:00:32]   [additional_pdf/law] 9 pages, 16229 text chars
[2026-05-21 12:00:32]   [additional_pdf/law] raw text only
[2026-05-21 12:00:32]   [additional_pdf/ims] fetching იმს დამატებითი სასწავლო კურსების ცხრილი 2025-2026 II სემესტრი 9_05_2026.pdf
[2026-05-21 12:00:33]   [additional_pdf/ims] 205716 bytes, parsing PDF
[2026-05-21 12:00:33]   [additional_pdf/ims] 10 pages, 29623 text chars
[2026-05-21 12:00:34]   [additional_pdf/ims] structured: 141 logical rows -> 132 lectures
[2026-05-21 12:00:34]   [additional_pdf/business] fetching ბიზნესტექნოლოგიები_დამატებითი_17_04_2026.pdf
[2026-05-21 12:00:34]   [additional_pdf/business] 114955 bytes, parsing PDF
[2026-05-21 12:00:34]   [additional_pdf/business] 4 pages, 12300 text chars
[2026-05-21 12:00:34]   [additional_pdf/business] structured: 37 logical rows -> 19 lectures
[2026-05-21 12:00:34]   [additional_pdf/social] fetching დამატებიი ცხრილი სოციალურ მეცნიერებათა ფაკულტეტი 15_05_2026.pdf
[2026-05-21 12:00:35]   [additional_pdf/social] 86807 bytes, parsing PDF
[2026-05-21 12:00:35]   [additional_pdf/social] 1 pages, 2911 text chars
[2026-05-21 12:00:35]   [additional_pdf/social] raw text only
[2026-05-21 12:00:35] additional_pdf: stored 10, failed 0
[2026-05-21 12:00:35] midterm_pdf: no PDFs
[2026-05-21 12:00:35] done in 33.98s
[2026-05-21 17:00:01] fetching homepage
[2026-05-21 17:00:02] discovered 12 links across 2 sections
[2026-05-21 17:00:02] teachers_html: 2 unique source(s)
[2026-05-21 17:00:03]   [http://leqtori.gtu.ge:9000/public/teachers_2025_2026_2_9_.html] fetching
[2026-05-21 17:00:04]   fetched 8024832 bytes
[2026-05-21 17:00:06]   parsed 10223 lectures from IX კვირის სასწავლო ცხრილი
[2026-05-21 17:00:30]   stored 10223 (deduped 0) into lecture
[2026-05-21 17:00:30]   [http://leqtori.gtu.ge:9000/public/prof_teachers.html] fetching
[2026-05-21 17:00:31]   fetched 111363 bytes
[2026-05-21 17:00:31]   parsed 52 lectures from IX კვირის სასწავლო ცხრილი
[2026-05-21 17:00:31]   stored 52 (deduped 0) into lecture
[2026-05-21 17:00:31] teachers totals: 1681 teachers, 4571 subjects, 10275 lectures
[2026-05-21 17:00:31] additional_pdf: 10 PDF(s) to fetch
[2026-05-21 17:00:31]   [additional_pdf/construction] fetching დამატ. ცხრ. -25-26 2 21.04.26 სამშენებლო.pdf
[2026-05-21 17:00:32]   [additional_pdf/construction] 307648 bytes, parsing PDF
[2026-05-21 17:00:32]   [additional_pdf/construction] 14 pages, 52664 text chars
[2026-05-21 17:00:33]   [additional_pdf/construction] structured: 195 logical rows -> 185 lectures
[2026-05-21 17:00:33]   [additional_pdf/power] fetching ენერგ ფაკ. დამატებითი_2025_2026_II_07_04_2026).pdf
[2026-05-21 17:00:33]   [additional_pdf/power] 71228 bytes, parsing PDF
[2026-05-21 17:00:33]   [additional_pdf/power] 2 pages, 6454 text chars
[2026-05-21 17:00:33]   [additional_pdf/power] raw text only
[2026-05-21 17:00:33]   [additional_pdf/mining] fetching სამთო-გეოლოგიური და მთის მდგრადი განვითარების ფაკულტეტი.pdf
[2026-05-21 17:00:34]   [additional_pdf/mining] 51893 bytes, parsing PDF
[2026-05-21 17:00:34]   [additional_pdf/mining] 1 pages, 2197 text chars
[2026-05-21 17:00:34]   [additional_pdf/mining] structured: 9 logical rows -> 8 lectures
[2026-05-21 17:00:34]   [additional_pdf/agrarian] fetching 2025-2026 II აგრარული დამატებითი_16_04_2026.pdf
[2026-05-21 17:00:34]   [additional_pdf/agrarian] 130098 bytes, parsing PDF
[2026-05-21 17:00:34]   [additional_pdf/agrarian] 4 pages, 11664 text chars
[2026-05-21 17:00:34]   [additional_pdf/agrarian] structured: 64 logical rows -> 64 lectures
[2026-05-21 17:00:34]   [additional_pdf/transport] fetching 05 დამატებითი ცხრილი . 23.04.2026.pdf
[2026-05-21 17:00:35]   [additional_pdf/transport] 164850 bytes, parsing PDF
[2026-05-21 17:00:35]   [additional_pdf/transport] 7 pages, 16906 text chars
[2026-05-21 17:00:35]   [additional_pdf/transport] raw text only
[2026-05-21 17:00:35]   [additional_pdf/architecture] fetching ცხრილი დამატ. არქიტექტურის, ურბანისტიკისა და დიზაინის.pdf
[2026-05-21 17:00:35]   [additional_pdf/architecture] 90193 bytes, parsing PDF
[2026-05-21 17:00:36]   [additional_pdf/architecture] 2 pages, 5806 text chars
[2026-05-21 17:00:36]   [additional_pdf/architecture] structured: 18 logical rows -> 15 lectures
[2026-05-21 17:00:36]   [additional_pdf/law] fetching სამართლისა და საერტაშორისო ურთ.დამატებითი ცხრილი_17_04_2026.pdf
[2026-05-21 17:00:36]   [additional_pdf/law] 284550 bytes, parsing PDF
[2026-05-21 17:00:37]   [additional_pdf/law] 9 pages, 16229 text chars
[2026-05-21 17:00:37]   [additional_pdf/law] raw text only
[2026-05-21 17:00:37]   [additional_pdf/ims] fetching იმს დამატებითი სასწავლო კურსების ცხრილი 2025-2026 II სემესტრი 9_05_2026.pdf
[2026-05-21 17:00:37]   [additional_pdf/ims] 205716 bytes, parsing PDF
[2026-05-21 17:00:37]   [additional_pdf/ims] 10 pages, 29623 text chars
[2026-05-21 17:00:38]   [additional_pdf/ims] structured: 141 logical rows -> 132 lectures
[2026-05-21 17:00:38]   [additional_pdf/business] fetching ბიზნესტექნოლოგიები_დამატებითი_17_04_2026.pdf
[2026-05-21 17:00:39]   [additional_pdf/business] 114955 bytes, parsing PDF
[2026-05-21 17:00:39]   [additional_pdf/business] 4 pages, 12300 text chars
[2026-05-21 17:00:39]   [additional_pdf/business] structured: 37 logical rows -> 19 lectures
[2026-05-21 17:00:39]   [additional_pdf/social] fetching დამატებიი ცხრილი სოციალურ მეცნიერებათა ფაკულტეტი 15_05_2026.pdf
[2026-05-21 17:00:39]   [additional_pdf/social] 86807 bytes, parsing PDF
[2026-05-21 17:00:39]   [additional_pdf/social] 1 pages, 2911 text chars
[2026-05-21 17:00:39]   [additional_pdf/social] raw text only
[2026-05-21 17:00:39] additional_pdf: stored 10, failed 0
[2026-05-21 17:00:39] midterm_pdf: no PDFs
[2026-05-21 17:00:39] done in 38.32s
[2026-05-21 22:00:01] fetching homepage
[2026-05-21 22:00:02] discovered 12 links across 2 sections
[2026-05-21 22:00:02] teachers_html: 2 unique source(s)
[2026-05-21 22:00:03]   [http://leqtori.gtu.ge:9000/public/teachers_2025_2026_2_9_.html] fetching
[2026-05-21 22:00:04]   fetched 8024832 bytes
[2026-05-21 22:00:07]   parsed 10223 lectures from IX კვირის სასწავლო ცხრილი
[2026-05-21 22:00:29]   stored 10223 (deduped 0) into lecture
[2026-05-21 22:00:29]   [http://leqtori.gtu.ge:9000/public/prof_teachers.html] fetching
[2026-05-21 22:00:30]   fetched 111363 bytes
[2026-05-21 22:00:30]   parsed 52 lectures from IX კვირის სასწავლო ცხრილი
[2026-05-21 22:00:30]   stored 52 (deduped 0) into lecture
[2026-05-21 22:00:30] teachers totals: 1681 teachers, 4571 subjects, 10275 lectures
[2026-05-21 22:00:30] additional_pdf: 10 PDF(s) to fetch
[2026-05-21 22:00:30]   [additional_pdf/construction] fetching დამატ. ცხრ. -25-26 2 21.04.26 სამშენებლო.pdf
[2026-05-21 22:00:30]   [additional_pdf/construction] 307648 bytes, parsing PDF
[2026-05-21 22:00:30]   [additional_pdf/construction] 14 pages, 52664 text chars
[2026-05-21 22:00:31]   [additional_pdf/construction] structured: 195 logical rows -> 185 lectures
[2026-05-21 22:00:31]   [additional_pdf/power] fetching ენერგ ფაკ. დამატებითი_2025_2026_II_07_04_2026).pdf
[2026-05-21 22:00:32]   [additional_pdf/power] 71228 bytes, parsing PDF
[2026-05-21 22:00:32]   [additional_pdf/power] 2 pages, 6454 text chars
[2026-05-21 22:00:32]   [additional_pdf/power] raw text only
[2026-05-21 22:00:32]   [additional_pdf/mining] fetching სამთო-გეოლოგიური და მთის მდგრადი განვითარების ფაკულტეტი.pdf
[2026-05-21 22:00:32]   [additional_pdf/mining] 51893 bytes, parsing PDF
[2026-05-21 22:00:32]   [additional_pdf/mining] 1 pages, 2197 text chars
[2026-05-21 22:00:32]   [additional_pdf/mining] structured: 9 logical rows -> 8 lectures
[2026-05-21 22:00:32]   [additional_pdf/agrarian] fetching 2025-2026 II აგრარული დამატებითი_16_04_2026.pdf
[2026-05-21 22:00:33]   [additional_pdf/agrarian] 130098 bytes, parsing PDF
[2026-05-21 22:00:33]   [additional_pdf/agrarian] 4 pages, 11664 text chars
[2026-05-21 22:00:33]   [additional_pdf/agrarian] structured: 64 logical rows -> 64 lectures
[2026-05-21 22:00:33]   [additional_pdf/transport] fetching 05 დამატებითი ცხრილი . 23.04.2026.pdf
[2026-05-21 22:00:33]   [additional_pdf/transport] 164850 bytes, parsing PDF
[2026-05-21 22:00:34]   [additional_pdf/transport] 7 pages, 16906 text chars
[2026-05-21 22:00:34]   [additional_pdf/transport] raw text only
[2026-05-21 22:00:34]   [additional_pdf/architecture] fetching ცხრილი დამატ. არქიტექტურის, ურბანისტიკისა და დიზაინის.pdf
[2026-05-21 22:00:34]   [additional_pdf/architecture] 90193 bytes, parsing PDF
[2026-05-21 22:00:34]   [additional_pdf/architecture] 2 pages, 5806 text chars
[2026-05-21 22:00:34]   [additional_pdf/architecture] structured: 18 logical rows -> 15 lectures
[2026-05-21 22:00:34]   [additional_pdf/law] fetching სამართლისა და საერტაშორისო ურთ.დამატებითი ცხრილი_17_04_2026.pdf
[2026-05-21 22:00:35]   [additional_pdf/law] 284550 bytes, parsing PDF
[2026-05-21 22:00:35]   [additional_pdf/law] 9 pages, 16229 text chars
[2026-05-21 22:00:35]   [additional_pdf/law] raw text only
[2026-05-21 22:00:35]   [additional_pdf/ims] fetching იმს დამატებითი სასწავლო კურსების ცხრილი 2025-2026 II სემესტრი 9_05_2026.pdf
[2026-05-21 22:00:36]   [additional_pdf/ims] 205716 bytes, parsing PDF
[2026-05-21 22:00:36]   [additional_pdf/ims] 10 pages, 29623 text chars
[2026-05-21 22:00:36]   [additional_pdf/ims] structured: 141 logical rows -> 132 lectures
[2026-05-21 22:00:36]   [additional_pdf/business] fetching ბიზნესტექნოლოგიები_დამატებითი_17_04_2026.pdf
[2026-05-21 22:00:37]   [additional_pdf/business] 114955 bytes, parsing PDF
[2026-05-21 22:00:37]   [additional_pdf/business] 4 pages, 12300 text chars
[2026-05-21 22:00:37]   [additional_pdf/business] structured: 37 logical rows -> 19 lectures
[2026-05-21 22:00:37]   [additional_pdf/social] fetching დამატებიი ცხრილი სოციალურ მეცნიერებათა ფაკულტეტი 15_05_2026.pdf
[2026-05-21 22:00:37]   [additional_pdf/social] 86807 bytes, parsing PDF
[2026-05-21 22:00:37]   [additional_pdf/social] 1 pages, 2911 text chars
[2026-05-21 22:00:37]   [additional_pdf/social] raw text only
[2026-05-21 22:00:37] additional_pdf: stored 10, failed 0
[2026-05-21 22:00:37] midterm_pdf: no PDFs
[2026-05-21 22:00:37] done in 36.23s
[2026-05-22 02:00:02] fetching homepage
[2026-05-22 02:00:04] discovered 12 links across 2 sections
[2026-05-22 02:00:04] teachers_html: 2 unique source(s)
[2026-05-22 02:00:06]   [http://leqtori.gtu.ge:9000/public/teachers_2025_2026_2_9_.html] fetching
[2026-05-22 02:00:08]   fetched 8024832 bytes
[2026-05-22 02:00:14]   parsed 10223 lectures from IX კვირის სასწავლო ცხრილი
[2026-05-22 02:01:25]   stored 10223 (deduped 0) into lecture
[2026-05-22 02:01:25]   [http://leqtori.gtu.ge:9000/public/prof_teachers.html] fetching
[2026-05-22 02:01:26]   fetched 111363 bytes
[2026-05-22 02:01:26]   parsed 52 lectures from IX კვირის სასწავლო ცხრილი
[2026-05-22 02:01:26]   stored 52 (deduped 0) into lecture
[2026-05-22 02:01:26] teachers totals: 1681 teachers, 4571 subjects, 10275 lectures
[2026-05-22 02:01:26] additional_pdf: 10 PDF(s) to fetch
[2026-05-22 02:01:26]   [additional_pdf/construction] fetching დამატ. ცხრ. -25-26 2 21.04.26 სამშენებლო.pdf
[2026-05-22 02:01:27]   [additional_pdf/construction] 307648 bytes, parsing PDF
[2026-05-22 02:01:27]   [additional_pdf/construction] 14 pages, 52664 text chars
[2026-05-22 02:01:28]   [additional_pdf/construction] structured: 195 logical rows -> 185 lectures
[2026-05-22 02:01:28]   [additional_pdf/power] fetching ენერგ ფაკ. დამატებითი_2025_2026_II_07_04_2026).pdf
[2026-05-22 02:01:28]   [additional_pdf/power] 71228 bytes, parsing PDF
[2026-05-22 02:01:28]   [additional_pdf/power] 2 pages, 6454 text chars
[2026-05-22 02:01:28]   [additional_pdf/power] raw text only
[2026-05-22 02:01:28]   [additional_pdf/mining] fetching სამთო-გეოლოგიური და მთის მდგრადი განვითარების ფაკულტეტი.pdf
[2026-05-22 02:01:29]   [additional_pdf/mining] 51893 bytes, parsing PDF
[2026-05-22 02:01:29]   [additional_pdf/mining] 1 pages, 2197 text chars
[2026-05-22 02:01:29]   [additional_pdf/mining] structured: 9 logical rows -> 8 lectures
[2026-05-22 02:01:29]   [additional_pdf/agrarian] fetching 2025-2026 II აგრარული დამატებითი_16_04_2026.pdf
[2026-05-22 02:01:29]   [additional_pdf/agrarian] 130098 bytes, parsing PDF
[2026-05-22 02:01:29]   [additional_pdf/agrarian] 4 pages, 11664 text chars
[2026-05-22 02:01:29]   [additional_pdf/agrarian] structured: 64 logical rows -> 64 lectures
[2026-05-22 02:01:29]   [additional_pdf/transport] fetching 05 დამატებითი ცხრილი . 23.04.2026.pdf
[2026-05-22 02:01:30]   [additional_pdf/transport] 164850 bytes, parsing PDF
[2026-05-22 02:01:30]   [additional_pdf/transport] 7 pages, 16906 text chars
[2026-05-22 02:01:30]   [additional_pdf/transport] raw text only
[2026-05-22 02:01:30]   [additional_pdf/architecture] fetching ცხრილი დამატ. არქიტექტურის, ურბანისტიკისა და დიზაინის.pdf
[2026-05-22 02:01:31]   [additional_pdf/architecture] 90193 bytes, parsing PDF
[2026-05-22 02:01:31]   [additional_pdf/architecture] 2 pages, 5806 text chars
[2026-05-22 02:01:31]   [additional_pdf/architecture] structured: 18 logical rows -> 15 lectures
[2026-05-22 02:01:31]   [additional_pdf/law] fetching სამართლისა და საერტაშორისო ურთ.დამატებითი ცხრილი_17_04_2026.pdf
[2026-05-22 02:01:32]   [additional_pdf/law] 284550 bytes, parsing PDF
[2026-05-22 02:01:32]   [additional_pdf/law] 9 pages, 16229 text chars
[2026-05-22 02:01:32]   [additional_pdf/law] raw text only
[2026-05-22 02:01:32]   [additional_pdf/ims] fetching იმს დამატებითი სასწავლო კურსების ცხრილი 2025-2026 II სემესტრი 9_05_2026.pdf
[2026-05-22 02:01:32]   [additional_pdf/ims] 205716 bytes, parsing PDF
[2026-05-22 02:01:33]   [additional_pdf/ims] 10 pages, 29623 text chars
[2026-05-22 02:01:34]   [additional_pdf/ims] structured: 141 logical rows -> 132 lectures
[2026-05-22 02:01:34]   [additional_pdf/business] fetching ბიზნესტექნოლოგიები_დამატებითი_17_04_2026.pdf
[2026-05-22 02:01:34]   [additional_pdf/business] 114955 bytes, parsing PDF
[2026-05-22 02:01:34]   [additional_pdf/business] 4 pages, 12300 text chars
[2026-05-22 02:01:34]   [additional_pdf/business] structured: 37 logical rows -> 19 lectures
[2026-05-22 02:01:34]   [additional_pdf/social] fetching დამატებიი ცხრილი სოციალურ მეცნიერებათა ფაკულტეტი 15_05_2026.pdf
[2026-05-22 02:01:35]   [additional_pdf/social] 86807 bytes, parsing PDF
[2026-05-22 02:01:35]   [additional_pdf/social] 1 pages, 2911 text chars
[2026-05-22 02:01:35]   [additional_pdf/social] raw text only
[2026-05-22 02:01:35] additional_pdf: stored 10, failed 0
[2026-05-22 02:01:35] midterm_pdf: no PDFs
[2026-05-22 02:01:35] done in 92.51s
[2026-05-22 07:00:01] fetching homepage
[2026-05-22 07:00:02] discovered 12 links across 2 sections
[2026-05-22 07:00:02] teachers_html: 2 unique source(s)
[2026-05-22 07:00:03]   [http://leqtori.gtu.ge:9000/public/teachers_2025_2026_2_9_.html] fetching
[2026-05-22 07:00:05]   fetched 8024832 bytes
[2026-05-22 07:00:07]   parsed 10223 lectures from IX კვირის სასწავლო ცხრილი
[2026-05-22 07:00:32]   stored 10223 (deduped 0) into lecture
[2026-05-22 07:00:32]   [http://leqtori.gtu.ge:9000/public/prof_teachers.html] fetching
[2026-05-22 07:00:32]   fetched 111363 bytes
[2026-05-22 07:00:32]   parsed 52 lectures from IX კვირის სასწავლო ცხრილი
[2026-05-22 07:00:32]   stored 52 (deduped 0) into lecture
[2026-05-22 07:00:32] teachers totals: 1681 teachers, 4571 subjects, 10275 lectures
[2026-05-22 07:00:32] additional_pdf: 10 PDF(s) to fetch
[2026-05-22 07:00:32]   [additional_pdf/construction] fetching დამატ. ცხრ. -25-26 2 21.04.26 სამშენებლო.pdf
[2026-05-22 07:00:33]   [additional_pdf/construction] 307648 bytes, parsing PDF
[2026-05-22 07:00:33]   [additional_pdf/construction] 14 pages, 52664 text chars
[2026-05-22 07:00:34]   [additional_pdf/construction] structured: 195 logical rows -> 185 lectures
[2026-05-22 07:00:34]   [additional_pdf/power] fetching ენერგ ფაკ. დამატებითი_2025_2026_II_07_04_2026).pdf
[2026-05-22 07:00:35]   [additional_pdf/power] 71228 bytes, parsing PDF
[2026-05-22 07:00:35]   [additional_pdf/power] 2 pages, 6454 text chars
[2026-05-22 07:00:35]   [additional_pdf/power] raw text only
[2026-05-22 07:00:35]   [additional_pdf/mining] fetching სამთო-გეოლოგიური და მთის მდგრადი განვითარების ფაკულტეტი.pdf
[2026-05-22 07:00:35]   [additional_pdf/mining] 51893 bytes, parsing PDF
[2026-05-22 07:00:35]   [additional_pdf/mining] 1 pages, 2197 text chars
[2026-05-22 07:00:35]   [additional_pdf/mining] structured: 9 logical rows -> 8 lectures
[2026-05-22 07:00:35]   [additional_pdf/agrarian] fetching 2025-2026 II აგრარული დამატებითი_16_04_2026.pdf
[2026-05-22 07:00:36]   [additional_pdf/agrarian] 130098 bytes, parsing PDF
[2026-05-22 07:00:36]   [additional_pdf/agrarian] 4 pages, 11664 text chars
[2026-05-22 07:00:36]   [additional_pdf/agrarian] structured: 64 logical rows -> 64 lectures
[2026-05-22 07:00:36]   [additional_pdf/transport] fetching 05 დამატებითი ცხრილი . 23.04.2026.pdf
[2026-05-22 07:00:36]   [additional_pdf/transport] 164850 bytes, parsing PDF
[2026-05-22 07:00:36]   [additional_pdf/transport] 7 pages, 16906 text chars
[2026-05-22 07:00:36]   [additional_pdf/transport] raw text only
[2026-05-22 07:00:36]   [additional_pdf/architecture] fetching ცხრილი დამატ. არქიტექტურის, ურბანისტიკისა და დიზაინის.pdf
[2026-05-22 07:00:37]   [additional_pdf/architecture] 90193 bytes, parsing PDF
[2026-05-22 07:00:37]   [additional_pdf/architecture] 2 pages, 5806 text chars
[2026-05-22 07:00:37]   [additional_pdf/architecture] structured: 18 logical rows -> 15 lectures
[2026-05-22 07:00:37]   [additional_pdf/law] fetching სამართლისა და საერტაშორისო ურთ.დამატებითი ცხრილი_17_04_2026.pdf
[2026-05-22 07:00:37]   [additional_pdf/law] 284550 bytes, parsing PDF
[2026-05-22 07:00:38]   [additional_pdf/law] 9 pages, 16229 text chars
[2026-05-22 07:00:38]   [additional_pdf/law] raw text only
[2026-05-22 07:00:38]   [additional_pdf/ims] fetching იმს დამატებითი სასწავლო კურსების ცხრილი 2025-2026 II სემესტრი 9_05_2026.pdf
[2026-05-22 07:00:38]   [additional_pdf/ims] 205716 bytes, parsing PDF
[2026-05-22 07:00:38]   [additional_pdf/ims] 10 pages, 29623 text chars
[2026-05-22 07:00:39]   [additional_pdf/ims] structured: 141 logical rows -> 132 lectures
[2026-05-22 07:00:39]   [additional_pdf/business] fetching ბიზნესტექნოლოგიები_დამატებითი_17_04_2026.pdf
[2026-05-22 07:00:40]   [additional_pdf/business] 114955 bytes, parsing PDF
[2026-05-22 07:00:40]   [additional_pdf/business] 4 pages, 12300 text chars
[2026-05-22 07:00:40]   [additional_pdf/business] structured: 37 logical rows -> 19 lectures
[2026-05-22 07:00:40]   [additional_pdf/social] fetching დამატებიი ცხრილი სოციალურ მეცნიერებათა ფაკულტეტი 15_05_2026.pdf
[2026-05-22 07:00:40]   [additional_pdf/social] 86807 bytes, parsing PDF
[2026-05-22 07:00:40]   [additional_pdf/social] 1 pages, 2911 text chars
[2026-05-22 07:00:40]   [additional_pdf/social] raw text only
[2026-05-22 07:00:40] additional_pdf: stored 10, failed 0
[2026-05-22 07:00:40] midterm_pdf: no PDFs
[2026-05-22 07:00:40] done in 39.24s
[2026-05-22 12:00:02] fetching homepage
[2026-05-22 12:00:03] discovered 12 links across 2 sections
[2026-05-22 12:00:03] teachers_html: 2 unique source(s)
[2026-05-22 12:00:04]   [http://leqtori.gtu.ge:9000/public/teachers_2025_2026_2_9_.html] fetching
[2026-05-22 12:00:06]   fetched 8024832 bytes
[2026-05-22 12:00:07]   parsed 10223 lectures from IX კვირის სასწავლო ცხრილი
[2026-05-22 12:00:24]   stored 10223 (deduped 0) into lecture
[2026-05-22 12:00:24]   [http://leqtori.gtu.ge:9000/public/prof_teachers.html] fetching
[2026-05-22 12:00:24]   fetched 111363 bytes
[2026-05-22 12:00:24]   parsed 52 lectures from IX კვირის სასწავლო ცხრილი
[2026-05-22 12:00:25]   stored 52 (deduped 0) into lecture
[2026-05-22 12:00:25] teachers totals: 1681 teachers, 4571 subjects, 10275 lectures
[2026-05-22 12:00:25] additional_pdf: 10 PDF(s) to fetch
[2026-05-22 12:00:25]   [additional_pdf/construction] fetching დამატ. ცხრ. -25-26 2 21.04.26 სამშენებლო.pdf
[2026-05-22 12:00:25]   [additional_pdf/construction] 307648 bytes, parsing PDF
[2026-05-22 12:00:25]   [additional_pdf/construction] 14 pages, 52664 text chars
[2026-05-22 12:00:26]   [additional_pdf/construction] structured: 195 logical rows -> 185 lectures
[2026-05-22 12:00:26]   [additional_pdf/power] fetching ენერგ ფაკ. დამატებითი_2025_2026_II_07_04_2026).pdf
[2026-05-22 12:00:26]   [additional_pdf/power] 71228 bytes, parsing PDF
[2026-05-22 12:00:27]   [additional_pdf/power] 2 pages, 6454 text chars
[2026-05-22 12:00:27]   [additional_pdf/power] raw text only
[2026-05-22 12:00:27]   [additional_pdf/mining] fetching სამთო-გეოლოგიური და მთის მდგრადი განვითარების ფაკულტეტი.pdf
[2026-05-22 12:00:27]   [additional_pdf/mining] 51893 bytes, parsing PDF
[2026-05-22 12:00:27]   [additional_pdf/mining] 1 pages, 2197 text chars
[2026-05-22 12:00:27]   [additional_pdf/mining] structured: 9 logical rows -> 8 lectures
[2026-05-22 12:00:27]   [additional_pdf/agrarian] fetching 2025-2026 II აგრარული დამატებითი_16_04_2026.pdf
[2026-05-22 12:00:27]   [additional_pdf/agrarian] 130098 bytes, parsing PDF
[2026-05-22 12:00:28]   [additional_pdf/agrarian] 4 pages, 11664 text chars
[2026-05-22 12:00:28]   [additional_pdf/agrarian] structured: 64 logical rows -> 64 lectures
[2026-05-22 12:00:28]   [additional_pdf/transport] fetching 05 დამატებითი ცხრილი . 23.04.2026.pdf
[2026-05-22 12:00:28]   [additional_pdf/transport] 164850 bytes, parsing PDF
[2026-05-22 12:00:28]   [additional_pdf/transport] 7 pages, 16906 text chars
[2026-05-22 12:00:28]   [additional_pdf/transport] raw text only
[2026-05-22 12:00:28]   [additional_pdf/architecture] fetching ცხრილი დამატ. არქიტექტურის, ურბანისტიკისა და დიზაინის.pdf
[2026-05-22 12:00:29]   [additional_pdf/architecture] 90193 bytes, parsing PDF
[2026-05-22 12:00:29]   [additional_pdf/architecture] 2 pages, 5806 text chars
[2026-05-22 12:00:29]   [additional_pdf/architecture] structured: 18 logical rows -> 15 lectures
[2026-05-22 12:00:29]   [additional_pdf/law] fetching სამართლისა და საერტაშორისო ურთ.დამატებითი ცხრილი_17_04_2026.pdf
[2026-05-22 12:00:29]   [additional_pdf/law] 284550 bytes, parsing PDF
[2026-05-22 12:00:30]   [additional_pdf/law] 9 pages, 16229 text chars
[2026-05-22 12:00:30]   [additional_pdf/law] raw text only
[2026-05-22 12:00:30]   [additional_pdf/ims] fetching იმს დამატებითი სასწავლო კურსების ცხრილი 2025-2026 II სემესტრი 9_05_2026.pdf
[2026-05-22 12:00:30]   [additional_pdf/ims] 205716 bytes, parsing PDF
[2026-05-22 12:00:30]   [additional_pdf/ims] 10 pages, 29623 text chars
[2026-05-22 12:00:31]   [additional_pdf/ims] structured: 141 logical rows -> 132 lectures
[2026-05-22 12:00:31]   [additional_pdf/business] fetching ბიზნესტექნოლოგიები_დამატებითი_17_04_2026.pdf
[2026-05-22 12:00:31]   [additional_pdf/business] 114955 bytes, parsing PDF
[2026-05-22 12:00:31]   [additional_pdf/business] 4 pages, 12300 text chars
[2026-05-22 12:00:31]   [additional_pdf/business] structured: 37 logical rows -> 19 lectures
[2026-05-22 12:00:31]   [additional_pdf/social] fetching დამატებიი ცხრილი სოციალურ მეცნიერებათა ფაკულტეტი 15_05_2026.pdf
[2026-05-22 12:00:32]   [additional_pdf/social] 86807 bytes, parsing PDF
[2026-05-22 12:00:32]   [additional_pdf/social] 1 pages, 2911 text chars
[2026-05-22 12:00:32]   [additional_pdf/social] raw text only
[2026-05-22 12:00:32] additional_pdf: stored 10, failed 0
[2026-05-22 12:00:32] midterm_pdf: no PDFs
[2026-05-22 12:00:32] done in 29.78s
[2026-05-22 17:00:02] fetching homepage
[2026-05-22 17:00:03] discovered 12 links across 2 sections
[2026-05-22 17:00:03] teachers_html: 2 unique source(s)
[2026-05-22 17:00:04]   [http://leqtori.gtu.ge:9000/public/teachers_2025_2026_2_9_.html] fetching
[2026-05-22 17:00:05]   fetched 8024832 bytes
[2026-05-22 17:00:07]   parsed 10223 lectures from IX კვირის სასწავლო ცხრილი
[2026-05-22 17:00:29]   stored 10223 (deduped 0) into lecture
[2026-05-22 17:00:29]   [http://leqtori.gtu.ge:9000/public/prof_teachers.html] fetching
[2026-05-22 17:00:29]   fetched 111363 bytes
[2026-05-22 17:00:29]   parsed 52 lectures from IX კვირის სასწავლო ცხრილი
[2026-05-22 17:00:30]   stored 52 (deduped 0) into lecture
[2026-05-22 17:00:30] teachers totals: 1681 teachers, 4571 subjects, 10275 lectures
[2026-05-22 17:00:30] additional_pdf: 10 PDF(s) to fetch
[2026-05-22 17:00:30]   [additional_pdf/construction] fetching დამატ. ცხრ. -25-26 2 21.04.26 სამშენებლო.pdf
[2026-05-22 17:00:30]   [additional_pdf/construction] 307648 bytes, parsing PDF
[2026-05-22 17:00:30]   [additional_pdf/construction] 14 pages, 52664 text chars
[2026-05-22 17:00:32]   [additional_pdf/construction] structured: 195 logical rows -> 185 lectures
[2026-05-22 17:00:32]   [additional_pdf/power] fetching ენერგ ფაკ. დამატებითი_2025_2026_II_07_04_2026).pdf
[2026-05-22 17:00:32]   [additional_pdf/power] 71228 bytes, parsing PDF
[2026-05-22 17:00:32]   [additional_pdf/power] 2 pages, 6454 text chars
[2026-05-22 17:00:32]   [additional_pdf/power] raw text only
[2026-05-22 17:00:32]   [additional_pdf/mining] fetching სამთო-გეოლოგიური და მთის მდგრადი განვითარების ფაკულტეტი.pdf
[2026-05-22 17:00:32]   [additional_pdf/mining] 51893 bytes, parsing PDF
[2026-05-22 17:00:32]   [additional_pdf/mining] 1 pages, 2197 text chars
[2026-05-22 17:00:32]   [additional_pdf/mining] structured: 9 logical rows -> 8 lectures
[2026-05-22 17:00:32]   [additional_pdf/agrarian] fetching 2025-2026 II აგრარული დამატებითი_16_04_2026.pdf
[2026-05-22 17:00:33]   [additional_pdf/agrarian] 130098 bytes, parsing PDF
[2026-05-22 17:00:33]   [additional_pdf/agrarian] 4 pages, 11664 text chars
[2026-05-22 17:00:33]   [additional_pdf/agrarian] structured: 64 logical rows -> 64 lectures
[2026-05-22 17:00:33]   [additional_pdf/transport] fetching 05 დამატებითი ცხრილი . 23.04.2026.pdf
[2026-05-22 17:00:33]   [additional_pdf/transport] 164850 bytes, parsing PDF
[2026-05-22 17:00:34]   [additional_pdf/transport] 7 pages, 16906 text chars
[2026-05-22 17:00:34]   [additional_pdf/transport] raw text only
[2026-05-22 17:00:34]   [additional_pdf/architecture] fetching ცხრილი დამატ. არქიტექტურის, ურბანისტიკისა და დიზაინის.pdf
[2026-05-22 17:00:34]   [additional_pdf/architecture] 90193 bytes, parsing PDF
[2026-05-22 17:00:34]   [additional_pdf/architecture] 2 pages, 5806 text chars
[2026-05-22 17:00:34]   [additional_pdf/architecture] structured: 18 logical rows -> 15 lectures
[2026-05-22 17:00:34]   [additional_pdf/law] fetching სამართლისა და საერტაშორისო ურთ.დამატებითი ცხრილი_17_04_2026.pdf
[2026-05-22 17:00:35]   [additional_pdf/law] 284550 bytes, parsing PDF
[2026-05-22 17:00:35]   [additional_pdf/law] 9 pages, 16229 text chars
[2026-05-22 17:00:35]   [additional_pdf/law] raw text only
[2026-05-22 17:00:35]   [additional_pdf/ims] fetching იმს დამატებითი სასწავლო კურსების ცხრილი 2025-2026 II სემესტრი 9_05_2026.pdf
[2026-05-22 17:00:36]   [additional_pdf/ims] 205716 bytes, parsing PDF
[2026-05-22 17:00:36]   [additional_pdf/ims] 10 pages, 29623 text chars
[2026-05-22 17:00:36]   [additional_pdf/ims] structured: 141 logical rows -> 132 lectures
[2026-05-22 17:00:36]   [additional_pdf/business] fetching ბიზნესტექნოლოგიები_დამატებითი_17_04_2026.pdf
[2026-05-22 17:00:37]   [additional_pdf/business] 114955 bytes, parsing PDF
[2026-05-22 17:00:37]   [additional_pdf/business] 4 pages, 12300 text chars
[2026-05-22 17:00:37]   [additional_pdf/business] structured: 37 logical rows -> 19 lectures
[2026-05-22 17:00:37]   [additional_pdf/social] fetching დამატებიი ცხრილი სოციალურ მეცნიერებათა ფაკულტეტი 15_05_2026.pdf
[2026-05-22 17:00:37]   [additional_pdf/social] 86807 bytes, parsing PDF
[2026-05-22 17:00:37]   [additional_pdf/social] 1 pages, 2911 text chars
[2026-05-22 17:00:37]   [additional_pdf/social] raw text only
[2026-05-22 17:00:37] additional_pdf: stored 10, failed 0
[2026-05-22 17:00:37] midterm_pdf: no PDFs
[2026-05-22 17:00:37] done in 35.18s
[2026-05-22 22:00:01] fetching homepage
[2026-05-22 22:00:02] discovered 12 links across 2 sections
[2026-05-22 22:00:02] teachers_html: 2 unique source(s)
[2026-05-22 22:00:02]   [http://leqtori.gtu.ge:9000/public/teachers_2025_2026_2_9_.html] fetching
[2026-05-22 22:00:03]   fetched 8024832 bytes
[2026-05-22 22:00:06]   parsed 10223 lectures from IX კვირის სასწავლო ცხრილი
[2026-05-22 22:00:24]   stored 10223 (deduped 0) into lecture
[2026-05-22 22:00:24]   [http://leqtori.gtu.ge:9000/public/prof_teachers.html] fetching
[2026-05-22 22:00:25]   fetched 111363 bytes
[2026-05-22 22:00:25]   parsed 52 lectures from IX კვირის სასწავლო ცხრილი
[2026-05-22 22:00:25]   stored 52 (deduped 0) into lecture
[2026-05-22 22:00:25] teachers totals: 1681 teachers, 4571 subjects, 10275 lectures
[2026-05-22 22:00:25] additional_pdf: 10 PDF(s) to fetch
[2026-05-22 22:00:25]   [additional_pdf/construction] fetching დამატ. ცხრ. -25-26 2 21.04.26 სამშენებლო.pdf
[2026-05-22 22:00:25]   [additional_pdf/construction] 307648 bytes, parsing PDF
[2026-05-22 22:00:26]   [additional_pdf/construction] 14 pages, 52664 text chars
[2026-05-22 22:00:27]   [additional_pdf/construction] structured: 195 logical rows -> 185 lectures
[2026-05-22 22:00:27]   [additional_pdf/power] fetching ენერგ ფაკ. დამატებითი_2025_2026_II_07_04_2026).pdf
[2026-05-22 22:00:27]   [additional_pdf/power] 71228 bytes, parsing PDF
[2026-05-22 22:00:27]   [additional_pdf/power] 2 pages, 6454 text chars
[2026-05-22 22:00:27]   [additional_pdf/power] raw text only
[2026-05-22 22:00:27]   [additional_pdf/mining] fetching სამთო-გეოლოგიური და მთის მდგრადი განვითარების ფაკულტეტი.pdf
[2026-05-22 22:00:28]   [additional_pdf/mining] 51893 bytes, parsing PDF
[2026-05-22 22:00:28]   [additional_pdf/mining] 1 pages, 2197 text chars
[2026-05-22 22:00:28]   [additional_pdf/mining] structured: 9 logical rows -> 8 lectures
[2026-05-22 22:00:28]   [additional_pdf/agrarian] fetching 2025-2026 II აგრარული დამატებითი_16_04_2026.pdf
[2026-05-22 22:00:28]   [additional_pdf/agrarian] 130098 bytes, parsing PDF
[2026-05-22 22:00:28]   [additional_pdf/agrarian] 4 pages, 11664 text chars
[2026-05-22 22:00:28]   [additional_pdf/agrarian] structured: 64 logical rows -> 64 lectures
[2026-05-22 22:00:28]   [additional_pdf/transport] fetching 05 დამატებითი ცხრილი . 23.04.2026.pdf
[2026-05-22 22:00:29]   [additional_pdf/transport] 164850 bytes, parsing PDF
[2026-05-22 22:00:29]   [additional_pdf/transport] 7 pages, 16906 text chars
[2026-05-22 22:00:29]   [additional_pdf/transport] raw text only
[2026-05-22 22:00:29]   [additional_pdf/architecture] fetching ცხრილი დამატ. არქიტექტურის, ურბანისტიკისა და დიზაინის.pdf
[2026-05-22 22:00:30]   [additional_pdf/architecture] 90193 bytes, parsing PDF
[2026-05-22 22:00:30]   [additional_pdf/architecture] 2 pages, 5806 text chars
[2026-05-22 22:00:30]   [additional_pdf/architecture] structured: 18 logical rows -> 15 lectures
[2026-05-22 22:00:30]   [additional_pdf/law] fetching სამართლისა და საერტაშორისო ურთ.დამატებითი ცხრილი_17_04_2026.pdf
[2026-05-22 22:00:30]   [additional_pdf/law] 284550 bytes, parsing PDF
[2026-05-22 22:00:31]   [additional_pdf/law] 9 pages, 16229 text chars
[2026-05-22 22:00:31]   [additional_pdf/law] raw text only
[2026-05-22 22:00:31]   [additional_pdf/ims] fetching იმს დამატებითი სასწავლო კურსების ცხრილი 2025-2026 II სემესტრი 9_05_2026.pdf
[2026-05-22 22:00:31]   [additional_pdf/ims] 205716 bytes, parsing PDF
[2026-05-22 22:00:32]   [additional_pdf/ims] 10 pages, 29623 text chars
[2026-05-22 22:00:32]   [additional_pdf/ims] structured: 141 logical rows -> 132 lectures
[2026-05-22 22:00:32]   [additional_pdf/business] fetching ბიზნესტექნოლოგიები_დამატებითი_17_04_2026.pdf
[2026-05-22 22:00:33]   [additional_pdf/business] 114955 bytes, parsing PDF
[2026-05-22 22:00:33]   [additional_pdf/business] 4 pages, 12300 text chars
[2026-05-22 22:00:33]   [additional_pdf/business] structured: 37 logical rows -> 19 lectures
[2026-05-22 22:00:33]   [additional_pdf/social] fetching დამატებიი ცხრილი სოციალურ მეცნიერებათა ფაკულტეტი 15_05_2026.pdf
[2026-05-22 22:00:33]   [additional_pdf/social] 86807 bytes, parsing PDF
[2026-05-22 22:00:33]   [additional_pdf/social] 1 pages, 2911 text chars
[2026-05-22 22:00:33]   [additional_pdf/social] raw text only
[2026-05-22 22:00:33] additional_pdf: stored 10, failed 0
[2026-05-22 22:00:33] midterm_pdf: no PDFs
[2026-05-22 22:00:33] done in 32.48s
[2026-05-23 02:00:02] fetching homepage
[2026-05-23 02:00:04] discovered 12 links across 2 sections
[2026-05-23 02:00:04] teachers_html: 2 unique source(s)
[2026-05-23 02:00:05]   [http://leqtori.gtu.ge:9000/public/teachers_2025_2026_2_9_.html] fetching
[2026-05-23 02:00:08]   fetched 8024832 bytes
[2026-05-23 02:00:14]   parsed 10223 lectures from IX კვირის სასწავლო ცხრილი
[2026-05-23 02:00:58]   stored 10223 (deduped 0) into lecture
[2026-05-23 02:00:58]   [http://leqtori.gtu.ge:9000/public/prof_teachers.html] fetching
[2026-05-23 02:00:59]   fetched 111363 bytes
[2026-05-23 02:00:59]   parsed 52 lectures from IX კვირის სასწავლო ცხრილი
[2026-05-23 02:00:59]   stored 52 (deduped 0) into lecture
[2026-05-23 02:00:59] teachers totals: 1681 teachers, 4571 subjects, 10275 lectures
[2026-05-23 02:00:59] additional_pdf: 10 PDF(s) to fetch
[2026-05-23 02:00:59]   [additional_pdf/construction] fetching დამატ. ცხრ. -25-26 2 21.04.26 სამშენებლო.pdf
[2026-05-23 02:01:00]   [additional_pdf/construction] 307648 bytes, parsing PDF
[2026-05-23 02:01:00]   [additional_pdf/construction] 14 pages, 52664 text chars
[2026-05-23 02:01:01]   [additional_pdf/construction] structured: 195 logical rows -> 185 lectures
[2026-05-23 02:01:01]   [additional_pdf/power] fetching ენერგ ფაკ. დამატებითი_2025_2026_II_07_04_2026).pdf
[2026-05-23 02:01:02]   [additional_pdf/power] 71228 bytes, parsing PDF
[2026-05-23 02:01:02]   [additional_pdf/power] 2 pages, 6454 text chars
[2026-05-23 02:01:02]   [additional_pdf/power] raw text only
[2026-05-23 02:01:02]   [additional_pdf/mining] fetching სამთო-გეოლოგიური და მთის მდგრადი განვითარების ფაკულტეტი.pdf
[2026-05-23 02:01:03]   [additional_pdf/mining] 51893 bytes, parsing PDF
[2026-05-23 02:01:03]   [additional_pdf/mining] 1 pages, 2197 text chars
[2026-05-23 02:01:03]   [additional_pdf/mining] structured: 9 logical rows -> 8 lectures
[2026-05-23 02:01:03]   [additional_pdf/agrarian] fetching 2025-2026 II აგრარული დამატებითი_16_04_2026.pdf
[2026-05-23 02:01:03]   [additional_pdf/agrarian] 130098 bytes, parsing PDF
[2026-05-23 02:01:03]   [additional_pdf/agrarian] 4 pages, 11664 text chars
[2026-05-23 02:01:04]   [additional_pdf/agrarian] structured: 64 logical rows -> 64 lectures
[2026-05-23 02:01:04]   [additional_pdf/transport] fetching 05 დამატებითი ცხრილი . 23.04.2026.pdf
[2026-05-23 02:01:04]   [additional_pdf/transport] 164850 bytes, parsing PDF
[2026-05-23 02:01:04]   [additional_pdf/transport] 7 pages, 16906 text chars
[2026-05-23 02:01:04]   [additional_pdf/transport] raw text only
[2026-05-23 02:01:04]   [additional_pdf/architecture] fetching ცხრილი დამატ. არქიტექტურის, ურბანისტიკისა და დიზაინის.pdf
[2026-05-23 02:01:05]   [additional_pdf/architecture] 90193 bytes, parsing PDF
[2026-05-23 02:01:05]   [additional_pdf/architecture] 2 pages, 5806 text chars
[2026-05-23 02:01:05]   [additional_pdf/architecture] structured: 18 logical rows -> 15 lectures
[2026-05-23 02:01:05]   [additional_pdf/law] fetching სამართლისა და საერტაშორისო ურთ.დამატებითი ცხრილი_17_04_2026.pdf
[2026-05-23 02:01:06]   [additional_pdf/law] 284550 bytes, parsing PDF
[2026-05-23 02:01:06]   [additional_pdf/law] 9 pages, 16229 text chars
[2026-05-23 02:01:06]   [additional_pdf/law] raw text only
[2026-05-23 02:01:06]   [additional_pdf/ims] fetching იმს დამატებითი სასწავლო კურსების ცხრილი 2025-2026 II სემესტრი 9_05_2026.pdf
[2026-05-23 02:01:07]   [additional_pdf/ims] 205716 bytes, parsing PDF
[2026-05-23 02:01:07]   [additional_pdf/ims] 10 pages, 29623 text chars
[2026-05-23 02:01:08]   [additional_pdf/ims] structured: 141 logical rows -> 132 lectures
[2026-05-23 02:01:08]   [additional_pdf/business] fetching ბიზნესტექნოლოგიები_დამატებითი_17_04_2026.pdf
[2026-05-23 02:01:08]   [additional_pdf/business] 114955 bytes, parsing PDF
[2026-05-23 02:01:08]   [additional_pdf/business] 4 pages, 12300 text chars
[2026-05-23 02:01:08]   [additional_pdf/business] structured: 37 logical rows -> 19 lectures
[2026-05-23 02:01:08]   [additional_pdf/social] fetching დამატებიი ცხრილი სოციალურ მეცნიერებათა ფაკულტეტი 15_05_2026.pdf
[2026-05-23 02:01:09]   [additional_pdf/social] 86807 bytes, parsing PDF
[2026-05-23 02:01:09]   [additional_pdf/social] 1 pages, 2911 text chars
[2026-05-23 02:01:09]   [additional_pdf/social] raw text only
[2026-05-23 02:01:09] additional_pdf: stored 10, failed 0
[2026-05-23 02:01:09] midterm_pdf: no PDFs
[2026-05-23 02:01:09] done in 66.23s
[2026-05-23 07:00:02] fetching homepage
[2026-05-23 07:00:03] discovered 12 links across 2 sections
[2026-05-23 07:00:03] teachers_html: 2 unique source(s)
[2026-05-23 07:00:04]   [http://leqtori.gtu.ge:9000/public/teachers_2025_2026_2_9_.html] fetching
[2026-05-23 07:00:05]   fetched 8024832 bytes
[2026-05-23 07:00:07]   parsed 10223 lectures from IX კვირის სასწავლო ცხრილი
[2026-05-23 07:00:27]   stored 10223 (deduped 0) into lecture
[2026-05-23 07:00:27]   [http://leqtori.gtu.ge:9000/public/prof_teachers.html] fetching
[2026-05-23 07:00:28]   fetched 111363 bytes
[2026-05-23 07:00:28]   parsed 52 lectures from IX კვირის სასწავლო ცხრილი
[2026-05-23 07:00:28]   stored 52 (deduped 0) into lecture
[2026-05-23 07:00:28] teachers totals: 1681 teachers, 4571 subjects, 10275 lectures
[2026-05-23 07:00:28] additional_pdf: 10 PDF(s) to fetch
[2026-05-23 07:00:28]   [additional_pdf/construction] fetching დამატ. ცხრ. -25-26 2 21.04.26 სამშენებლო.pdf
[2026-05-23 07:00:28]   [additional_pdf/construction] 307648 bytes, parsing PDF
[2026-05-23 07:00:29]   [additional_pdf/construction] 14 pages, 52664 text chars
[2026-05-23 07:00:30]   [additional_pdf/construction] structured: 195 logical rows -> 185 lectures
[2026-05-23 07:00:30]   [additional_pdf/power] fetching ენერგ ფაკ. დამატებითი_2025_2026_II_07_04_2026).pdf
[2026-05-23 07:00:30]   [additional_pdf/power] 71228 bytes, parsing PDF
[2026-05-23 07:00:30]   [additional_pdf/power] 2 pages, 6454 text chars
[2026-05-23 07:00:30]   [additional_pdf/power] raw text only
[2026-05-23 07:00:30]   [additional_pdf/mining] fetching სამთო-გეოლოგიური და მთის მდგრადი განვითარების ფაკულტეტი.pdf
[2026-05-23 07:00:31]   [additional_pdf/mining] 51893 bytes, parsing PDF
[2026-05-23 07:00:31]   [additional_pdf/mining] 1 pages, 2197 text chars
[2026-05-23 07:00:31]   [additional_pdf/mining] structured: 9 logical rows -> 8 lectures
[2026-05-23 07:00:31]   [additional_pdf/agrarian] fetching 2025-2026 II აგრარული დამატებითი_16_04_2026.pdf
[2026-05-23 07:00:31]   [additional_pdf/agrarian] 130098 bytes, parsing PDF
[2026-05-23 07:00:31]   [additional_pdf/agrarian] 4 pages, 11664 text chars
[2026-05-23 07:00:31]   [additional_pdf/agrarian] structured: 64 logical rows -> 64 lectures
[2026-05-23 07:00:31]   [additional_pdf/transport] fetching 05 დამატებითი ცხრილი . 23.04.2026.pdf
[2026-05-23 07:00:32]   [additional_pdf/transport] 164850 bytes, parsing PDF
[2026-05-23 07:00:32]   [additional_pdf/transport] 7 pages, 16906 text chars
[2026-05-23 07:00:32]   [additional_pdf/transport] raw text only
[2026-05-23 07:00:32]   [additional_pdf/architecture] fetching ცხრილი დამატ. არქიტექტურის, ურბანისტიკისა და დიზაინის.pdf
[2026-05-23 07:00:33]   [additional_pdf/architecture] 90193 bytes, parsing PDF
[2026-05-23 07:00:33]   [additional_pdf/architecture] 2 pages, 5806 text chars
[2026-05-23 07:00:33]   [additional_pdf/architecture] structured: 18 logical rows -> 15 lectures
[2026-05-23 07:00:33]   [additional_pdf/law] fetching სამართლისა და საერტაშორისო ურთ.დამატებითი ცხრილი_17_04_2026.pdf
[2026-05-23 07:00:33]   [additional_pdf/law] 284550 bytes, parsing PDF
[2026-05-23 07:00:34]   [additional_pdf/law] 9 pages, 16229 text chars
[2026-05-23 07:00:34]   [additional_pdf/law] raw text only
[2026-05-23 07:00:34]   [additional_pdf/ims] fetching იმს დამატებითი სასწავლო კურსების ცხრილი 2025-2026 II სემესტრი 9_05_2026.pdf
[2026-05-23 07:00:34]   [additional_pdf/ims] 205716 bytes, parsing PDF
[2026-05-23 07:00:34]   [additional_pdf/ims] 10 pages, 29623 text chars
[2026-05-23 07:00:35]   [additional_pdf/ims] structured: 141 logical rows -> 132 lectures
[2026-05-23 07:00:35]   [additional_pdf/business] fetching ბიზნესტექნოლოგიები_დამატებითი_17_04_2026.pdf
[2026-05-23 07:00:36]   [additional_pdf/business] 114955 bytes, parsing PDF
[2026-05-23 07:00:36]   [additional_pdf/business] 4 pages, 12300 text chars
[2026-05-23 07:00:36]   [additional_pdf/business] structured: 37 logical rows -> 19 lectures
[2026-05-23 07:00:36]   [additional_pdf/social] fetching დამატებიი ცხრილი სოციალურ მეცნიერებათა ფაკულტეტი 15_05_2026.pdf
[2026-05-23 07:00:36]   [additional_pdf/social] 86807 bytes, parsing PDF
[2026-05-23 07:00:36]   [additional_pdf/social] 1 pages, 2911 text chars
[2026-05-23 07:00:36]   [additional_pdf/social] raw text only
[2026-05-23 07:00:36] additional_pdf: stored 10, failed 0
[2026-05-23 07:00:36] midterm_pdf: no PDFs
[2026-05-23 07:00:36] done in 34.48s
[2026-05-23 12:00:01] fetching homepage
[2026-05-23 12:00:02] discovered 14 links across 3 sections
[2026-05-23 12:00:02] teachers_html: 3 unique source(s)
[2026-05-23 12:00:03]   [http://leqtori.gtu.ge:9000/public/teachers_2025_2026_2_9_.html] fetching
[2026-05-23 12:00:04]   fetched 8024832 bytes
[2026-05-23 12:00:06]   parsed 10223 lectures from IX კვირის სასწავლო ცხრილი
[2026-05-23 12:00:25]   stored 10223 (deduped 0) into lecture
[2026-05-23 12:00:25]   [http://leqtori.gtu.ge:9000/public/prof_teachers.html] fetching
[2026-05-23 12:00:25]   fetched 111363 bytes
[2026-05-23 12:00:25]   parsed 52 lectures from IX კვირის სასწავლო ცხრილი
[2026-05-23 12:00:25]   stored 52 (deduped 0) into lecture
[2026-05-23 12:00:25]   [http://leqtori.gtu.ge:9000/public/teachers_2025_2026_2_10.html] fetching
[2026-05-23 12:00:27]   fetched 8028694 bytes
[2026-05-23 12:00:27]   parsed 10214 lectures from X კვირის სასწავლო ცხრილი
[2026-05-23 12:00:42]   stored 10214 (deduped 0) into lecture
[2026-05-23 12:00:42] teachers totals: 1684 teachers, 4581 subjects, 20489 lectures
[2026-05-23 12:00:42] additional_pdf: 10 PDF(s) to fetch
[2026-05-23 12:00:42]   [additional_pdf/construction] fetching დამატ. ცხრ. -25-26 2 21.04.26 სამშენებლო.pdf
[2026-05-23 12:00:42]   [additional_pdf/construction] 307648 bytes, parsing PDF
[2026-05-23 12:00:43]   [additional_pdf/construction] 14 pages, 52664 text chars
[2026-05-23 12:00:43]   [additional_pdf/construction] structured: 195 logical rows -> 185 lectures
[2026-05-23 12:00:43]   [additional_pdf/power] fetching ენერგ ფაკ. დამატებითი_2025_2026_II_07_04_2026).pdf
[2026-05-23 12:00:44]   [additional_pdf/power] 71228 bytes, parsing PDF
[2026-05-23 12:00:44]   [additional_pdf/power] 2 pages, 6454 text chars
[2026-05-23 12:00:44]   [additional_pdf/power] raw text only
[2026-05-23 12:00:44]   [additional_pdf/mining] fetching სამთო-გეოლოგიური და მთის მდგრადი განვითარების ფაკულტეტი.pdf
[2026-05-23 12:00:44]   [additional_pdf/mining] 51893 bytes, parsing PDF
[2026-05-23 12:00:44]   [additional_pdf/mining] 1 pages, 2197 text chars
[2026-05-23 12:00:44]   [additional_pdf/mining] structured: 9 logical rows -> 8 lectures
[2026-05-23 12:00:44]   [additional_pdf/agrarian] fetching 2025-2026 II აგრარული დამატებითი_16_04_2026.pdf
[2026-05-23 12:00:45]   [additional_pdf/agrarian] 130098 bytes, parsing PDF
[2026-05-23 12:00:45]   [additional_pdf/agrarian] 4 pages, 11664 text chars
[2026-05-23 12:00:45]   [additional_pdf/agrarian] structured: 64 logical rows -> 64 lectures
[2026-05-23 12:00:45]   [additional_pdf/transport] fetching 05 დამატებითი ცხრილი . 23.04.2026.pdf
[2026-05-23 12:00:46]   [additional_pdf/transport] 164850 bytes, parsing PDF
[2026-05-23 12:00:46]   [additional_pdf/transport] 7 pages, 16906 text chars
[2026-05-23 12:00:46]   [additional_pdf/transport] raw text only
[2026-05-23 12:00:46]   [additional_pdf/architecture] fetching ცხრილი დამატ. არქიტექტურის, ურბანისტიკისა და დიზაინის.pdf
[2026-05-23 12:00:46]   [additional_pdf/architecture] 90193 bytes, parsing PDF
[2026-05-23 12:00:46]   [additional_pdf/architecture] 2 pages, 5806 text chars
[2026-05-23 12:00:46]   [additional_pdf/architecture] structured: 18 logical rows -> 15 lectures
[2026-05-23 12:00:46]   [additional_pdf/law] fetching სამართლისა და საერტაშორისო ურთ.დამატებითი ცხრილი_17_04_2026.pdf
[2026-05-23 12:00:47]   [additional_pdf/law] 284550 bytes, parsing PDF
[2026-05-23 12:00:47]   [additional_pdf/law] 9 pages, 16229 text chars
[2026-05-23 12:00:47]   [additional_pdf/law] raw text only
[2026-05-23 12:00:47]   [additional_pdf/ims] fetching იმს დამატებითი სასწავლო კურსების ცხრილი 2025-2026 II სემესტრი 9_05_2026.pdf
[2026-05-23 12:00:48]   [additional_pdf/ims] 205716 bytes, parsing PDF
[2026-05-23 12:00:48]   [additional_pdf/ims] 10 pages, 29623 text chars
[2026-05-23 12:00:49]   [additional_pdf/ims] structured: 141 logical rows -> 132 lectures
[2026-05-23 12:00:49]   [additional_pdf/business] fetching ბიზნესტექნოლოგიები_დამატებითი_17_04_2026.pdf
[2026-05-23 12:00:49]   [additional_pdf/business] 114955 bytes, parsing PDF
[2026-05-23 12:00:49]   [additional_pdf/business] 4 pages, 12300 text chars
[2026-05-23 12:00:49]   [additional_pdf/business] structured: 37 logical rows -> 19 lectures
[2026-05-23 12:00:49]   [additional_pdf/social] fetching დამატებიი ცხრილი სოციალურ მეცნიერებათა ფაკულტეტი 15_05_2026.pdf
[2026-05-23 12:00:50]   [additional_pdf/social] 86807 bytes, parsing PDF
[2026-05-23 12:00:50]   [additional_pdf/social] 1 pages, 2911 text chars
[2026-05-23 12:00:50]   [additional_pdf/social] raw text only
[2026-05-23 12:00:50] additional_pdf: stored 10, failed 0
[2026-05-23 12:00:50] midterm_pdf: no PDFs
[2026-05-23 12:00:50] done in 48.85s
[2026-05-23 17:00:01] fetching homepage
[2026-05-23 17:00:03] discovered 14 links across 3 sections
[2026-05-23 17:00:03] teachers_html: 3 unique source(s)
[2026-05-23 17:00:04]   [http://leqtori.gtu.ge:9000/public/teachers_2025_2026_2_9_.html] fetching
[2026-05-23 17:00:06]   fetched 8024832 bytes
[2026-05-23 17:00:08]   parsed 10223 lectures from IX კვირის სასწავლო ცხრილი
[2026-05-23 17:00:33]   stored 10223 (deduped 0) into lecture
[2026-05-23 17:00:33]   [http://leqtori.gtu.ge:9000/public/prof_teachers.html] fetching
[2026-05-23 17:00:34]   fetched 111363 bytes
[2026-05-23 17:00:34]   parsed 52 lectures from IX კვირის სასწავლო ცხრილი
[2026-05-23 17:00:34]   stored 52 (deduped 0) into lecture
[2026-05-23 17:00:34]   [http://leqtori.gtu.ge:9000/public/teachers_2025_2026_2_10.html] fetching
[2026-05-23 17:00:35]   fetched 8028694 bytes
[2026-05-23 17:00:36]   parsed 10214 lectures from X კვირის სასწავლო ცხრილი
[2026-05-23 17:00:54]   stored 10214 (deduped 0) into lecture
[2026-05-23 17:00:54] teachers totals: 1684 teachers, 4581 subjects, 20489 lectures
[2026-05-23 17:00:54] additional_pdf: 10 PDF(s) to fetch
[2026-05-23 17:00:54]   [additional_pdf/construction] fetching დამატ. ცხრ. -25-26 2 21.04.26 სამშენებლო.pdf
[2026-05-23 17:00:55]   [additional_pdf/construction] 307648 bytes, parsing PDF
[2026-05-23 17:00:55]   [additional_pdf/construction] 14 pages, 52664 text chars
[2026-05-23 17:00:56]   [additional_pdf/construction] structured: 195 logical rows -> 185 lectures
[2026-05-23 17:00:56]   [additional_pdf/power] fetching ენერგ ფაკ. დამატებითი_2025_2026_II_07_04_2026).pdf
[2026-05-23 17:00:56]   [additional_pdf/power] 71228 bytes, parsing PDF
[2026-05-23 17:00:56]   [additional_pdf/power] 2 pages, 6454 text chars
[2026-05-23 17:00:56]   [additional_pdf/power] raw text only
[2026-05-23 17:00:56]   [additional_pdf/mining] fetching სამთო-გეოლოგიური და მთის მდგრადი განვითარების ფაკულტეტი.pdf
[2026-05-23 17:00:57]   [additional_pdf/mining] 51893 bytes, parsing PDF
[2026-05-23 17:00:57]   [additional_pdf/mining] 1 pages, 2197 text chars
[2026-05-23 17:00:57]   [additional_pdf/mining] structured: 9 logical rows -> 8 lectures
[2026-05-23 17:00:57]   [additional_pdf/agrarian] fetching 2025-2026 II აგრარული დამატებითი_16_04_2026.pdf
[2026-05-23 17:00:57]   [additional_pdf/agrarian] 130098 bytes, parsing PDF
[2026-05-23 17:00:57]   [additional_pdf/agrarian] 4 pages, 11664 text chars
[2026-05-23 17:00:57]   [additional_pdf/agrarian] structured: 64 logical rows -> 64 lectures
[2026-05-23 17:00:57]   [additional_pdf/transport] fetching 05 დამატებითი ცხრილი . 23.04.2026.pdf
[2026-05-23 17:00:58]   [additional_pdf/transport] 164850 bytes, parsing PDF
[2026-05-23 17:00:58]   [additional_pdf/transport] 7 pages, 16906 text chars
[2026-05-23 17:00:58]   [additional_pdf/transport] raw text only
[2026-05-23 17:00:58]   [additional_pdf/architecture] fetching ცხრილი დამატ. არქიტექტურის, ურბანისტიკისა და დიზაინის.pdf
[2026-05-23 17:00:59]   [additional_pdf/architecture] 90193 bytes, parsing PDF
[2026-05-23 17:00:59]   [additional_pdf/architecture] 2 pages, 5806 text chars
[2026-05-23 17:00:59]   [additional_pdf/architecture] structured: 18 logical rows -> 15 lectures
[2026-05-23 17:00:59]   [additional_pdf/law] fetching სამართლისა და საერტაშორისო ურთ.დამატებითი ცხრილი_17_04_2026.pdf
[2026-05-23 17:00:59]   [additional_pdf/law] 284550 bytes, parsing PDF
[2026-05-23 17:01:00]   [additional_pdf/law] 9 pages, 16229 text chars
[2026-05-23 17:01:00]   [additional_pdf/law] raw text only
[2026-05-23 17:01:00]   [additional_pdf/ims] fetching იმს დამატებითი სასწავლო კურსების ცხრილი 2025-2026 II სემესტრი 9_05_2026.pdf
[2026-05-23 17:01:00]   [additional_pdf/ims] 205716 bytes, parsing PDF
[2026-05-23 17:01:00]   [additional_pdf/ims] 10 pages, 29623 text chars
[2026-05-23 17:01:01]   [additional_pdf/ims] structured: 141 logical rows -> 132 lectures
[2026-05-23 17:01:01]   [additional_pdf/business] fetching ბიზნესტექნოლოგიები_დამატებითი_17_04_2026.pdf
[2026-05-23 17:01:02]   [additional_pdf/business] 114955 bytes, parsing PDF
[2026-05-23 17:01:02]   [additional_pdf/business] 4 pages, 12300 text chars
[2026-05-23 17:01:02]   [additional_pdf/business] structured: 37 logical rows -> 19 lectures
[2026-05-23 17:01:02]   [additional_pdf/social] fetching დამატებიი ცხრილი სოციალურ მეცნიერებათა ფაკულტეტი 15_05_2026.pdf
[2026-05-23 17:01:02]   [additional_pdf/social] 86807 bytes, parsing PDF
[2026-05-23 17:01:03]   [additional_pdf/social] 1 pages, 2911 text chars
[2026-05-23 17:01:03]   [additional_pdf/social] raw text only
[2026-05-23 17:01:03] additional_pdf: stored 10, failed 0
[2026-05-23 17:01:03] midterm_pdf: no PDFs
[2026-05-23 17:01:03] done in 61.53s
[2026-05-23 22:00:02] fetching homepage
[2026-05-23 22:00:03] discovered 12 links across 2 sections
[2026-05-23 22:00:03] teachers_html: 2 unique source(s)
[2026-05-23 22:00:04]   [http://leqtori.gtu.ge:9000/public/teachers_2025_2026_2_10.html] fetching
[2026-05-23 22:00:05]   fetched 8028694 bytes
[2026-05-23 22:00:07]   parsed 10214 lectures from X კვირის სასწავლო ცხრილი
[2026-05-23 22:00:24]   stored 10214 (deduped 0) into lecture
[2026-05-23 22:00:24]   [http://leqtori.gtu.ge:9000/public/prof_teachers.html] fetching
[2026-05-23 22:00:24]   fetched 111363 bytes
[2026-05-23 22:00:24]   parsed 52 lectures from X კვირის სასწავლო ცხრილი
[2026-05-23 22:00:24]   stored 52 (deduped 0) into lecture
[2026-05-23 22:00:24] teachers totals: 1684 teachers, 4581 subjects, 10266 lectures
[2026-05-23 22:00:24] additional_pdf: 10 PDF(s) to fetch
[2026-05-23 22:00:24]   [additional_pdf/construction] fetching დამატ. ცხრ. -25-26 2 21.04.26 სამშენებლო.pdf
[2026-05-23 22:00:25]   [additional_pdf/construction] 307648 bytes, parsing PDF
[2026-05-23 22:00:25]   [additional_pdf/construction] 14 pages, 52664 text chars
[2026-05-23 22:00:26]   [additional_pdf/construction] structured: 195 logical rows -> 185 lectures
[2026-05-23 22:00:26]   [additional_pdf/power] fetching ენერგ ფაკ. დამატებითი_2025_2026_II_07_04_2026).pdf
[2026-05-23 22:00:27]   [additional_pdf/power] 71228 bytes, parsing PDF
[2026-05-23 22:00:27]   [additional_pdf/power] 2 pages, 6454 text chars
[2026-05-23 22:00:27]   [additional_pdf/power] raw text only
[2026-05-23 22:00:27]   [additional_pdf/mining] fetching სამთო-გეოლოგიური და მთის მდგრადი განვითარების ფაკულტეტი.pdf
[2026-05-23 22:00:27]   [additional_pdf/mining] 51893 bytes, parsing PDF
[2026-05-23 22:00:27]   [additional_pdf/mining] 1 pages, 2197 text chars
[2026-05-23 22:00:27]   [additional_pdf/mining] structured: 9 logical rows -> 8 lectures
[2026-05-23 22:00:27]   [additional_pdf/agrarian] fetching 2025-2026 II აგრარული დამატებითი_16_04_2026.pdf
[2026-05-23 22:00:28]   [additional_pdf/agrarian] 130098 bytes, parsing PDF
[2026-05-23 22:00:28]   [additional_pdf/agrarian] 4 pages, 11664 text chars
[2026-05-23 22:00:28]   [additional_pdf/agrarian] structured: 64 logical rows -> 64 lectures
[2026-05-23 22:00:28]   [additional_pdf/transport] fetching 05 დამატებითი ცხრილი . 23.04.2026.pdf
[2026-05-23 22:00:28]   [additional_pdf/transport] 164850 bytes, parsing PDF
[2026-05-23 22:00:29]   [additional_pdf/transport] 7 pages, 16906 text chars
[2026-05-23 22:00:29]   [additional_pdf/transport] raw text only
[2026-05-23 22:00:29]   [additional_pdf/architecture] fetching ცხრილი დამატ. არქიტექტურის, ურბანისტიკისა და დიზაინის.pdf
[2026-05-23 22:00:29]   [additional_pdf/architecture] 90193 bytes, parsing PDF
[2026-05-23 22:00:29]   [additional_pdf/architecture] 2 pages, 5806 text chars
[2026-05-23 22:00:29]   [additional_pdf/architecture] structured: 18 logical rows -> 15 lectures
[2026-05-23 22:00:29]   [additional_pdf/law] fetching სამართლისა და საერტაშორისო ურთ.დამატებითი ცხრილი_17_04_2026.pdf
[2026-05-23 22:00:30]   [additional_pdf/law] 284550 bytes, parsing PDF
[2026-05-23 22:00:30]   [additional_pdf/law] 9 pages, 16229 text chars
[2026-05-23 22:00:30]   [additional_pdf/law] raw text only
[2026-05-23 22:00:30]   [additional_pdf/ims] fetching იმს დამატებითი სასწავლო კურსების ცხრილი 2025-2026 II სემესტრი 9_05_2026.pdf
[2026-05-23 22:00:31]   [additional_pdf/ims] 205716 bytes, parsing PDF
[2026-05-23 22:00:31]   [additional_pdf/ims] 10 pages, 29623 text chars
[2026-05-23 22:00:31]   [additional_pdf/ims] structured: 141 logical rows -> 132 lectures
[2026-05-23 22:00:31]   [additional_pdf/business] fetching ბიზნესტექნოლოგიები_დამატებითი_17_04_2026.pdf
[2026-05-23 22:00:32]   [additional_pdf/business] 114955 bytes, parsing PDF
[2026-05-23 22:00:32]   [additional_pdf/business] 4 pages, 12300 text chars
[2026-05-23 22:00:32]   [additional_pdf/business] structured: 37 logical rows -> 19 lectures
[2026-05-23 22:00:32]   [additional_pdf/social] fetching დამატებიი ცხრილი სოციალურ მეცნიერებათა ფაკულტეტი 15_05_2026.pdf
[2026-05-23 22:00:33]   [additional_pdf/social] 86807 bytes, parsing PDF
[2026-05-23 22:00:33]   [additional_pdf/social] 1 pages, 2911 text chars
[2026-05-23 22:00:33]   [additional_pdf/social] raw text only
[2026-05-23 22:00:33] additional_pdf: stored 10, failed 0
[2026-05-23 22:00:33] midterm_pdf: no PDFs
[2026-05-23 22:00:33] done in 30.54s
[2026-05-24 02:00:01] fetching homepage
[2026-05-24 02:00:04] discovered 12 links across 2 sections
[2026-05-24 02:00:04] teachers_html: 2 unique source(s)
[2026-05-24 02:00:06]   [http://leqtori.gtu.ge:9000/public/teachers_2025_2026_2_10.html] fetching
[2026-05-24 02:00:08]   fetched 8028694 bytes
[2026-05-24 02:00:12]   parsed 10214 lectures from X კვირის სასწავლო ცხრილი
[2026-05-24 02:01:15]   stored 10214 (deduped 0) into lecture
[2026-05-24 02:01:15]   [http://leqtori.gtu.ge:9000/public/prof_teachers.html] fetching
[2026-05-24 02:01:15]   fetched 111363 bytes
[2026-05-24 02:01:15]   parsed 52 lectures from X კვირის სასწავლო ცხრილი
[2026-05-24 02:01:16]   stored 52 (deduped 0) into lecture
[2026-05-24 02:01:16] teachers totals: 1684 teachers, 4581 subjects, 10266 lectures
[2026-05-24 02:01:16] additional_pdf: 10 PDF(s) to fetch
[2026-05-24 02:01:16]   [additional_pdf/construction] fetching დამატ. ცხრ. -25-26 2 21.04.26 სამშენებლო.pdf
[2026-05-24 02:01:17]   [additional_pdf/construction] 307648 bytes, parsing PDF
[2026-05-24 02:01:17]   [additional_pdf/construction] 14 pages, 52664 text chars
[2026-05-24 02:01:18]   [additional_pdf/construction] structured: 195 logical rows -> 185 lectures
[2026-05-24 02:01:18]   [additional_pdf/power] fetching ენერგ ფაკ. დამატებითი_2025_2026_II_07_04_2026).pdf
[2026-05-24 02:01:19]   [additional_pdf/power] 71228 bytes, parsing PDF
[2026-05-24 02:01:19]   [additional_pdf/power] 2 pages, 6454 text chars
[2026-05-24 02:01:19]   [additional_pdf/power] raw text only
[2026-05-24 02:01:19]   [additional_pdf/mining] fetching სამთო-გეოლოგიური და მთის მდგრადი განვითარების ფაკულტეტი.pdf
[2026-05-24 02:01:20]   [additional_pdf/mining] 51893 bytes, parsing PDF
[2026-05-24 02:01:20]   [additional_pdf/mining] 1 pages, 2197 text chars
[2026-05-24 02:01:20]   [additional_pdf/mining] structured: 9 logical rows -> 8 lectures
[2026-05-24 02:01:20]   [additional_pdf/agrarian] fetching 2025-2026 II აგრარული დამატებითი_16_04_2026.pdf
[2026-05-24 02:01:20]   [additional_pdf/agrarian] 130098 bytes, parsing PDF
[2026-05-24 02:01:20]   [additional_pdf/agrarian] 4 pages, 11664 text chars
[2026-05-24 02:01:21]   [additional_pdf/agrarian] structured: 64 logical rows -> 64 lectures
[2026-05-24 02:01:21]   [additional_pdf/transport] fetching 05 დამატებითი ცხრილი . 23.04.2026.pdf
[2026-05-24 02:01:21]   [additional_pdf/transport] 164850 bytes, parsing PDF
[2026-05-24 02:01:21]   [additional_pdf/transport] 7 pages, 16906 text chars
[2026-05-24 02:01:21]   [additional_pdf/transport] raw text only
[2026-05-24 02:01:21]   [additional_pdf/architecture] fetching ცხრილი დამატ. არქიტექტურის, ურბანისტიკისა და დიზაინის.pdf
[2026-05-24 02:01:22]   [additional_pdf/architecture] 90193 bytes, parsing PDF
[2026-05-24 02:01:22]   [additional_pdf/architecture] 2 pages, 5806 text chars
[2026-05-24 02:01:22]   [additional_pdf/architecture] structured: 18 logical rows -> 15 lectures
[2026-05-24 02:01:22]   [additional_pdf/law] fetching სამართლისა და საერტაშორისო ურთ.დამატებითი ცხრილი_17_04_2026.pdf
[2026-05-24 02:01:23]   [additional_pdf/law] 284550 bytes, parsing PDF
[2026-05-24 02:01:23]   [additional_pdf/law] 9 pages, 16229 text chars
[2026-05-24 02:01:23]   [additional_pdf/law] raw text only
[2026-05-24 02:01:23]   [additional_pdf/ims] fetching იმს დამატებითი სასწავლო კურსების ცხრილი 2025-2026 II სემესტრი 9_05_2026.pdf
[2026-05-24 02:01:23]   [additional_pdf/ims] 205716 bytes, parsing PDF
[2026-05-24 02:01:24]   [additional_pdf/ims] 10 pages, 29623 text chars
[2026-05-24 02:01:25]   [additional_pdf/ims] structured: 141 logical rows -> 132 lectures
[2026-05-24 02:01:25]   [additional_pdf/business] fetching ბიზნესტექნოლოგიები_დამატებითი_17_04_2026.pdf
[2026-05-24 02:01:25]   [additional_pdf/business] 114955 bytes, parsing PDF
[2026-05-24 02:01:25]   [additional_pdf/business] 4 pages, 12300 text chars
[2026-05-24 02:01:25]   [additional_pdf/business] structured: 37 logical rows -> 19 lectures
[2026-05-24 02:01:25]   [additional_pdf/social] fetching დამატებიი ცხრილი სოციალურ მეცნიერებათა ფაკულტეტი 15_05_2026.pdf
[2026-05-24 02:01:26]   [additional_pdf/social] 86807 bytes, parsing PDF
[2026-05-24 02:01:26]   [additional_pdf/social] 1 pages, 2911 text chars
[2026-05-24 02:01:26]   [additional_pdf/social] raw text only
[2026-05-24 02:01:26] additional_pdf: stored 10, failed 0
[2026-05-24 02:01:26] midterm_pdf: no PDFs
[2026-05-24 02:01:26] done in 84.52s
[2026-05-24 07:00:01] fetching homepage
[2026-05-24 07:00:02] discovered 12 links across 2 sections
[2026-05-24 07:00:02] teachers_html: 2 unique source(s)
[2026-05-24 07:00:03]   [http://leqtori.gtu.ge:9000/public/teachers_2025_2026_2_10.html] fetching
[2026-05-24 07:00:05]   fetched 8028694 bytes
[2026-05-24 07:00:06]   parsed 10214 lectures from X კვირის სასწავლო ცხრილი
[2026-05-24 07:00:25]   stored 10214 (deduped 0) into lecture
[2026-05-24 07:00:25]   [http://leqtori.gtu.ge:9000/public/prof_teachers.html] fetching
[2026-05-24 07:00:26]   fetched 111363 bytes
[2026-05-24 07:00:26]   parsed 52 lectures from X კვირის სასწავლო ცხრილი
[2026-05-24 07:00:26]   stored 52 (deduped 0) into lecture
[2026-05-24 07:00:26] teachers totals: 1684 teachers, 4581 subjects, 10266 lectures
[2026-05-24 07:00:26] additional_pdf: 10 PDF(s) to fetch
[2026-05-24 07:00:26]   [additional_pdf/construction] fetching დამატ. ცხრ. -25-26 2 21.04.26 სამშენებლო.pdf
[2026-05-24 07:00:26]   [additional_pdf/construction] 307648 bytes, parsing PDF
[2026-05-24 07:00:27]   [additional_pdf/construction] 14 pages, 52664 text chars
[2026-05-24 07:00:28]   [additional_pdf/construction] structured: 195 logical rows -> 185 lectures
[2026-05-24 07:00:28]   [additional_pdf/power] fetching ენერგ ფაკ. დამატებითი_2025_2026_II_07_04_2026).pdf
[2026-05-24 07:00:28]   [additional_pdf/power] 71228 bytes, parsing PDF
[2026-05-24 07:00:28]   [additional_pdf/power] 2 pages, 6454 text chars
[2026-05-24 07:00:28]   [additional_pdf/power] raw text only
[2026-05-24 07:00:28]   [additional_pdf/mining] fetching სამთო-გეოლოგიური და მთის მდგრადი განვითარების ფაკულტეტი.pdf
[2026-05-24 07:00:29]   [additional_pdf/mining] 51893 bytes, parsing PDF
[2026-05-24 07:00:29]   [additional_pdf/mining] 1 pages, 2197 text chars
[2026-05-24 07:00:29]   [additional_pdf/mining] structured: 9 logical rows -> 8 lectures
[2026-05-24 07:00:29]   [additional_pdf/agrarian] fetching 2025-2026 II აგრარული დამატებითი_16_04_2026.pdf
[2026-05-24 07:00:29]   [additional_pdf/agrarian] 130098 bytes, parsing PDF
[2026-05-24 07:00:29]   [additional_pdf/agrarian] 4 pages, 11664 text chars
[2026-05-24 07:00:29]   [additional_pdf/agrarian] structured: 64 logical rows -> 64 lectures
[2026-05-24 07:00:29]   [additional_pdf/transport] fetching 05 დამატებითი ცხრილი . 23.04.2026.pdf
[2026-05-24 07:00:30]   [additional_pdf/transport] 164850 bytes, parsing PDF
[2026-05-24 07:00:30]   [additional_pdf/transport] 7 pages, 16906 text chars
[2026-05-24 07:00:30]   [additional_pdf/transport] raw text only
[2026-05-24 07:00:30]   [additional_pdf/architecture] fetching ცხრილი დამატ. არქიტექტურის, ურბანისტიკისა და დიზაინის.pdf
[2026-05-24 07:00:30]   [additional_pdf/architecture] 90193 bytes, parsing PDF
[2026-05-24 07:00:30]   [additional_pdf/architecture] 2 pages, 5806 text chars
[2026-05-24 07:00:30]   [additional_pdf/architecture] structured: 18 logical rows -> 15 lectures
[2026-05-24 07:00:30]   [additional_pdf/law] fetching სამართლისა და საერტაშორისო ურთ.დამატებითი ცხრილი_17_04_2026.pdf
[2026-05-24 07:00:31]   [additional_pdf/law] 284550 bytes, parsing PDF
[2026-05-24 07:00:32]   [additional_pdf/law] 9 pages, 16229 text chars
[2026-05-24 07:00:32]   [additional_pdf/law] raw text only
[2026-05-24 07:00:32]   [additional_pdf/ims] fetching იმს დამატებითი სასწავლო კურსების ცხრილი 2025-2026 II სემესტრი 9_05_2026.pdf
[2026-05-24 07:00:32]   [additional_pdf/ims] 205716 bytes, parsing PDF
[2026-05-24 07:00:32]   [additional_pdf/ims] 10 pages, 29623 text chars
[2026-05-24 07:00:33]   [additional_pdf/ims] structured: 141 logical rows -> 132 lectures
[2026-05-24 07:00:33]   [additional_pdf/business] fetching ბიზნესტექნოლოგიები_დამატებითი_17_04_2026.pdf
[2026-05-24 07:00:33]   [additional_pdf/business] 114955 bytes, parsing PDF
[2026-05-24 07:00:33]   [additional_pdf/business] 4 pages, 12300 text chars
[2026-05-24 07:00:33]   [additional_pdf/business] structured: 37 logical rows -> 19 lectures
[2026-05-24 07:00:33]   [additional_pdf/social] fetching დამატებიი ცხრილი სოციალურ მეცნიერებათა ფაკულტეტი 15_05_2026.pdf
[2026-05-24 07:00:34]   [additional_pdf/social] 86807 bytes, parsing PDF
[2026-05-24 07:00:34]   [additional_pdf/social] 1 pages, 2911 text chars
[2026-05-24 07:00:34]   [additional_pdf/social] raw text only
[2026-05-24 07:00:34] additional_pdf: stored 10, failed 0
[2026-05-24 07:00:34] midterm_pdf: no PDFs
[2026-05-24 07:00:34] done in 32.70s
[2026-05-24 12:00:02] fetching homepage
[2026-05-24 12:00:03] discovered 12 links across 2 sections
[2026-05-24 12:00:03] teachers_html: 2 unique source(s)
[2026-05-24 12:00:04]   [http://leqtori.gtu.ge:9000/public/teachers_2025_2026_2_10.html] fetching
[2026-05-24 12:00:06]   fetched 8028694 bytes
[2026-05-24 12:00:07]   parsed 10214 lectures from X კვირის სასწავლო ცხრილი
[2026-05-24 12:00:31]   stored 10214 (deduped 0) into lecture
[2026-05-24 12:00:31]   [http://leqtori.gtu.ge:9000/public/prof_teachers.html] fetching
[2026-05-24 12:00:32]   fetched 111363 bytes
[2026-05-24 12:00:32]   parsed 52 lectures from X კვირის სასწავლო ცხრილი
[2026-05-24 12:00:32]   stored 52 (deduped 0) into lecture
[2026-05-24 12:00:32] teachers totals: 1684 teachers, 4581 subjects, 10266 lectures
[2026-05-24 12:00:32] additional_pdf: 10 PDF(s) to fetch
[2026-05-24 12:00:32]   [additional_pdf/construction] fetching დამატ. ცხრ. -25-26 2 21.04.26 სამშენებლო.pdf
[2026-05-24 12:00:32]   [additional_pdf/construction] 307648 bytes, parsing PDF
[2026-05-24 12:00:33]   [additional_pdf/construction] 14 pages, 52664 text chars
[2026-05-24 12:00:34]   [additional_pdf/construction] structured: 195 logical rows -> 185 lectures
[2026-05-24 12:00:34]   [additional_pdf/power] fetching ენერგ ფაკ. დამატებითი_2025_2026_II_07_04_2026).pdf
[2026-05-24 12:00:34]   [additional_pdf/power] 71228 bytes, parsing PDF
[2026-05-24 12:00:34]   [additional_pdf/power] 2 pages, 6454 text chars
[2026-05-24 12:00:34]   [additional_pdf/power] raw text only
[2026-05-24 12:00:34]   [additional_pdf/mining] fetching სამთო-გეოლოგიური და მთის მდგრადი განვითარების ფაკულტეტი.pdf
[2026-05-24 12:00:35]   [additional_pdf/mining] 51893 bytes, parsing PDF
[2026-05-24 12:00:35]   [additional_pdf/mining] 1 pages, 2197 text chars
[2026-05-24 12:00:35]   [additional_pdf/mining] structured: 9 logical rows -> 8 lectures
[2026-05-24 12:00:35]   [additional_pdf/agrarian] fetching 2025-2026 II აგრარული დამატებითი_16_04_2026.pdf
[2026-05-24 12:00:36]   [additional_pdf/agrarian] 130098 bytes, parsing PDF
[2026-05-24 12:00:36]   [additional_pdf/agrarian] 4 pages, 11664 text chars
[2026-05-24 12:00:36]   [additional_pdf/agrarian] structured: 64 logical rows -> 64 lectures
[2026-05-24 12:00:36]   [additional_pdf/transport] fetching 05 დამატებითი ცხრილი . 23.04.2026.pdf
[2026-05-24 12:00:36]   [additional_pdf/transport] 164850 bytes, parsing PDF
[2026-05-24 12:00:36]   [additional_pdf/transport] 7 pages, 16906 text chars
[2026-05-24 12:00:36]   [additional_pdf/transport] raw text only
[2026-05-24 12:00:36]   [additional_pdf/architecture] fetching ცხრილი დამატ. არქიტექტურის, ურბანისტიკისა და დიზაინის.pdf
[2026-05-24 12:00:37]   [additional_pdf/architecture] 90193 bytes, parsing PDF
[2026-05-24 12:00:37]   [additional_pdf/architecture] 2 pages, 5806 text chars
[2026-05-24 12:00:37]   [additional_pdf/architecture] structured: 18 logical rows -> 15 lectures
[2026-05-24 12:00:37]   [additional_pdf/law] fetching სამართლისა და საერტაშორისო ურთ.დამატებითი ცხრილი_17_04_2026.pdf
[2026-05-24 12:00:38]   [additional_pdf/law] 284550 bytes, parsing PDF
[2026-05-24 12:00:38]   [additional_pdf/law] 9 pages, 16229 text chars
[2026-05-24 12:00:38]   [additional_pdf/law] raw text only
[2026-05-24 12:00:38]   [additional_pdf/ims] fetching იმს დამატებითი სასწავლო კურსების ცხრილი 2025-2026 II სემესტრი 9_05_2026.pdf
[2026-05-24 12:00:39]   [additional_pdf/ims] 205716 bytes, parsing PDF
[2026-05-24 12:00:39]   [additional_pdf/ims] 10 pages, 29623 text chars
[2026-05-24 12:00:39]   [additional_pdf/ims] structured: 141 logical rows -> 132 lectures
[2026-05-24 12:00:39]   [additional_pdf/business] fetching ბიზნესტექნოლოგიები_დამატებითი_17_04_2026.pdf
[2026-05-24 12:00:40]   [additional_pdf/business] 114955 bytes, parsing PDF
[2026-05-24 12:00:40]   [additional_pdf/business] 4 pages, 12300 text chars
[2026-05-24 12:00:40]   [additional_pdf/business] structured: 37 logical rows -> 19 lectures
[2026-05-24 12:00:40]   [additional_pdf/social] fetching დამატებიი ცხრილი სოციალურ მეცნიერებათა ფაკულტეტი 15_05_2026.pdf
[2026-05-24 12:00:40]   [additional_pdf/social] 86807 bytes, parsing PDF
[2026-05-24 12:00:40]   [additional_pdf/social] 1 pages, 2911 text chars
[2026-05-24 12:00:40]   [additional_pdf/social] raw text only
[2026-05-24 12:00:40] additional_pdf: stored 10, failed 0
[2026-05-24 12:00:40] midterm_pdf: no PDFs
[2026-05-24 12:00:40] done in 38.31s
[2026-05-24 17:00:02] fetching homepage
[2026-05-24 17:00:03] discovered 12 links across 2 sections
[2026-05-24 17:00:03] teachers_html: 2 unique source(s)
[2026-05-24 17:00:04]   [http://leqtori.gtu.ge:9000/public/teachers_2025_2026_2_10.html] fetching
[2026-05-24 17:00:05]   fetched 8028694 bytes
[2026-05-24 17:00:07]   parsed 10214 lectures from X კვირის სასწავლო ცხრილი
[2026-05-24 17:00:26]   stored 10214 (deduped 0) into lecture
[2026-05-24 17:00:26]   [http://leqtori.gtu.ge:9000/public/prof_teachers.html] fetching
[2026-05-24 17:00:26]   fetched 111363 bytes
[2026-05-24 17:00:26]   parsed 52 lectures from X კვირის სასწავლო ცხრილი
[2026-05-24 17:00:27]   stored 52 (deduped 0) into lecture
[2026-05-24 17:00:27] teachers totals: 1684 teachers, 4581 subjects, 10266 lectures
[2026-05-24 17:00:27] additional_pdf: 10 PDF(s) to fetch
[2026-05-24 17:00:27]   [additional_pdf/construction] fetching დამატ. ცხრ. -25-26 2 21.04.26 სამშენებლო.pdf
[2026-05-24 17:00:27]   [additional_pdf/construction] 307648 bytes, parsing PDF
[2026-05-24 17:00:27]   [additional_pdf/construction] 14 pages, 52664 text chars
[2026-05-24 17:00:28]   [additional_pdf/construction] structured: 195 logical rows -> 185 lectures
[2026-05-24 17:00:28]   [additional_pdf/power] fetching ენერგ ფაკ. დამატებითი_2025_2026_II_07_04_2026).pdf
[2026-05-24 17:00:29]   [additional_pdf/power] 71228 bytes, parsing PDF
[2026-05-24 17:00:29]   [additional_pdf/power] 2 pages, 6454 text chars
[2026-05-24 17:00:29]   [additional_pdf/power] raw text only
[2026-05-24 17:00:29]   [additional_pdf/mining] fetching სამთო-გეოლოგიური და მთის მდგრადი განვითარების ფაკულტეტი.pdf
[2026-05-24 17:00:29]   [additional_pdf/mining] 51893 bytes, parsing PDF
[2026-05-24 17:00:29]   [additional_pdf/mining] 1 pages, 2197 text chars
[2026-05-24 17:00:29]   [additional_pdf/mining] structured: 9 logical rows -> 8 lectures
[2026-05-24 17:00:29]   [additional_pdf/agrarian] fetching 2025-2026 II აგრარული დამატებითი_16_04_2026.pdf
[2026-05-24 17:00:30]   [additional_pdf/agrarian] 130098 bytes, parsing PDF
[2026-05-24 17:00:30]   [additional_pdf/agrarian] 4 pages, 11664 text chars
[2026-05-24 17:00:30]   [additional_pdf/agrarian] structured: 64 logical rows -> 64 lectures
[2026-05-24 17:00:30]   [additional_pdf/transport] fetching 05 დამატებითი ცხრილი . 23.04.2026.pdf
[2026-05-24 17:00:30]   [additional_pdf/transport] 164850 bytes, parsing PDF
[2026-05-24 17:00:30]   [additional_pdf/transport] 7 pages, 16906 text chars
[2026-05-24 17:00:30]   [additional_pdf/transport] raw text only
[2026-05-24 17:00:30]   [additional_pdf/architecture] fetching ცხრილი დამატ. არქიტექტურის, ურბანისტიკისა და დიზაინის.pdf
[2026-05-24 17:00:31]   [additional_pdf/architecture] 90193 bytes, parsing PDF
[2026-05-24 17:00:31]   [additional_pdf/architecture] 2 pages, 5806 text chars
[2026-05-24 17:00:31]   [additional_pdf/architecture] structured: 18 logical rows -> 15 lectures
[2026-05-24 17:00:31]   [additional_pdf/law] fetching სამართლისა და საერტაშორისო ურთ.დამატებითი ცხრილი_17_04_2026.pdf
[2026-05-24 17:00:31]   [additional_pdf/law] 284550 bytes, parsing PDF
[2026-05-24 17:00:32]   [additional_pdf/law] 9 pages, 16229 text chars
[2026-05-24 17:00:32]   [additional_pdf/law] raw text only
[2026-05-24 17:00:32]   [additional_pdf/ims] fetching იმს დამატებითი სასწავლო კურსების ცხრილი 2025-2026 II სემესტრი 9_05_2026.pdf
[2026-05-24 17:00:32]   [additional_pdf/ims] 205716 bytes, parsing PDF
[2026-05-24 17:00:32]   [additional_pdf/ims] 10 pages, 29623 text chars
[2026-05-24 17:00:33]   [additional_pdf/ims] structured: 141 logical rows -> 132 lectures
[2026-05-24 17:00:33]   [additional_pdf/business] fetching ბიზნესტექნოლოგიები_დამატებითი_17_04_2026.pdf
[2026-05-24 17:00:33]   [additional_pdf/business] 114955 bytes, parsing PDF
[2026-05-24 17:00:33]   [additional_pdf/business] 4 pages, 12300 text chars
[2026-05-24 17:00:34]   [additional_pdf/business] structured: 37 logical rows -> 19 lectures
[2026-05-24 17:00:34]   [additional_pdf/social] fetching დამატებიი ცხრილი სოციალურ მეცნიერებათა ფაკულტეტი 15_05_2026.pdf
[2026-05-24 17:00:34]   [additional_pdf/social] 86807 bytes, parsing PDF
[2026-05-24 17:00:34]   [additional_pdf/social] 1 pages, 2911 text chars
[2026-05-24 17:00:34]   [additional_pdf/social] raw text only
[2026-05-24 17:00:34] additional_pdf: stored 10, failed 0
[2026-05-24 17:00:34] midterm_pdf: no PDFs
[2026-05-24 17:00:34] done in 31.90s
[2026-05-24 22:00:02] fetching homepage
[2026-05-24 22:00:03] discovered 12 links across 2 sections
[2026-05-24 22:00:03] teachers_html: 2 unique source(s)
[2026-05-24 22:00:03]   [http://leqtori.gtu.ge:9000/public/teachers_2025_2026_2_10.html] fetching
[2026-05-24 22:00:05]   fetched 8028694 bytes
[2026-05-24 22:00:07]   parsed 10214 lectures from X კვირის სასწავლო ცხრილი
[2026-05-24 22:00:27]   stored 10214 (deduped 0) into lecture
[2026-05-24 22:00:27]   [http://leqtori.gtu.ge:9000/public/prof_teachers.html] fetching
[2026-05-24 22:00:27]   fetched 111363 bytes
[2026-05-24 22:00:27]   parsed 52 lectures from X კვირის სასწავლო ცხრილი
[2026-05-24 22:00:27]   stored 52 (deduped 0) into lecture
[2026-05-24 22:00:27] teachers totals: 1684 teachers, 4581 subjects, 10266 lectures
[2026-05-24 22:00:27] additional_pdf: 10 PDF(s) to fetch
[2026-05-24 22:00:27]   [additional_pdf/construction] fetching დამატ. ცხრ. -25-26 2 21.04.26 სამშენებლო.pdf
[2026-05-24 22:00:28]   [additional_pdf/construction] 307648 bytes, parsing PDF
[2026-05-24 22:00:28]   [additional_pdf/construction] 14 pages, 52664 text chars
[2026-05-24 22:00:29]   [additional_pdf/construction] structured: 195 logical rows -> 185 lectures
[2026-05-24 22:00:29]   [additional_pdf/power] fetching ენერგ ფაკ. დამატებითი_2025_2026_II_07_04_2026).pdf
[2026-05-24 22:00:30]   [additional_pdf/power] 71228 bytes, parsing PDF
[2026-05-24 22:00:30]   [additional_pdf/power] 2 pages, 6454 text chars
[2026-05-24 22:00:30]   [additional_pdf/power] raw text only
[2026-05-24 22:00:30]   [additional_pdf/mining] fetching სამთო-გეოლოგიური და მთის მდგრადი განვითარების ფაკულტეტი.pdf
[2026-05-24 22:00:30]   [additional_pdf/mining] 51893 bytes, parsing PDF
[2026-05-24 22:00:30]   [additional_pdf/mining] 1 pages, 2197 text chars
[2026-05-24 22:00:30]   [additional_pdf/mining] structured: 9 logical rows -> 8 lectures
[2026-05-24 22:00:30]   [additional_pdf/agrarian] fetching 2025-2026 II აგრარული დამატებითი_16_04_2026.pdf
[2026-05-24 22:00:31]   [additional_pdf/agrarian] 130098 bytes, parsing PDF
[2026-05-24 22:00:31]   [additional_pdf/agrarian] 4 pages, 11664 text chars
[2026-05-24 22:00:31]   [additional_pdf/agrarian] structured: 64 logical rows -> 64 lectures
[2026-05-24 22:00:31]   [additional_pdf/transport] fetching 05 დამატებითი ცხრილი . 23.04.2026.pdf
[2026-05-24 22:00:31]   [additional_pdf/transport] 164850 bytes, parsing PDF
[2026-05-24 22:00:32]   [additional_pdf/transport] 7 pages, 16906 text chars
[2026-05-24 22:00:32]   [additional_pdf/transport] raw text only
[2026-05-24 22:00:32]   [additional_pdf/architecture] fetching ცხრილი დამატ. არქიტექტურის, ურბანისტიკისა და დიზაინის.pdf
[2026-05-24 22:00:32]   [additional_pdf/architecture] 90193 bytes, parsing PDF
[2026-05-24 22:00:32]   [additional_pdf/architecture] 2 pages, 5806 text chars
[2026-05-24 22:00:32]   [additional_pdf/architecture] structured: 18 logical rows -> 15 lectures
[2026-05-24 22:00:32]   [additional_pdf/law] fetching სამართლისა და საერტაშორისო ურთ.დამატებითი ცხრილი_17_04_2026.pdf
[2026-05-24 22:00:33]   [additional_pdf/law] 284550 bytes, parsing PDF
[2026-05-24 22:00:33]   [additional_pdf/law] 9 pages, 16229 text chars
[2026-05-24 22:00:33]   [additional_pdf/law] raw text only
[2026-05-24 22:00:33]   [additional_pdf/ims] fetching იმს დამატებითი სასწავლო კურსების ცხრილი 2025-2026 II სემესტრი 9_05_2026.pdf
[2026-05-24 22:00:34]   [additional_pdf/ims] 205716 bytes, parsing PDF
[2026-05-24 22:00:34]   [additional_pdf/ims] 10 pages, 29623 text chars
[2026-05-24 22:00:34]   [additional_pdf/ims] structured: 141 logical rows -> 132 lectures
[2026-05-24 22:00:34]   [additional_pdf/business] fetching ბიზნესტექნოლოგიები_დამატებითი_17_04_2026.pdf
[2026-05-24 22:00:35]   [additional_pdf/business] 114955 bytes, parsing PDF
[2026-05-24 22:00:35]   [additional_pdf/business] 4 pages, 12300 text chars
[2026-05-24 22:00:35]   [additional_pdf/business] structured: 37 logical rows -> 19 lectures
[2026-05-24 22:00:35]   [additional_pdf/social] fetching დამატებიი ცხრილი სოციალურ მეცნიერებათა ფაკულტეტი 15_05_2026.pdf
[2026-05-24 22:00:35]   [additional_pdf/social] 86807 bytes, parsing PDF
[2026-05-24 22:00:35]   [additional_pdf/social] 1 pages, 2911 text chars
[2026-05-24 22:00:35]   [additional_pdf/social] raw text only
[2026-05-24 22:00:35] additional_pdf: stored 10, failed 0
[2026-05-24 22:00:35] midterm_pdf: no PDFs
[2026-05-24 22:00:35] done in 33.26s
[2026-05-25 02:00:01] fetching homepage
[2026-05-25 02:00:03] discovered 12 links across 2 sections
[2026-05-25 02:00:03] teachers_html: 2 unique source(s)
[2026-05-25 02:00:13]   [http://leqtori.gtu.ge:9000/public/teachers_2025_2026_2_10.html] fetching
[2026-05-25 02:00:14]   fetched 8028694 bytes
[2026-05-25 02:00:17]   parsed 10214 lectures from X კვირის სასწავლო ცხრილი
[2026-05-25 02:01:06]   stored 10214 (deduped 0) into lecture
[2026-05-25 02:01:06]   [http://leqtori.gtu.ge:9000/public/prof_teachers.html] fetching
[2026-05-25 02:01:07]   fetched 111363 bytes
[2026-05-25 02:01:07]   parsed 52 lectures from X კვირის სასწავლო ცხრილი
[2026-05-25 02:01:07]   stored 52 (deduped 0) into lecture
[2026-05-25 02:01:07] teachers totals: 1684 teachers, 4581 subjects, 10266 lectures
[2026-05-25 02:01:07] additional_pdf: 10 PDF(s) to fetch
[2026-05-25 02:01:07]   [additional_pdf/construction] fetching დამატ. ცხრ. -25-26 2 21.04.26 სამშენებლო.pdf
[2026-05-25 02:01:07]   [additional_pdf/construction] 307648 bytes, parsing PDF
[2026-05-25 02:01:08]   [additional_pdf/construction] 14 pages, 52664 text chars
[2026-05-25 02:01:09]   [additional_pdf/construction] structured: 195 logical rows -> 185 lectures
[2026-05-25 02:01:09]   [additional_pdf/power] fetching ენერგ ფაკ. დამატებითი_2025_2026_II_07_04_2026).pdf
[2026-05-25 02:01:09]   [additional_pdf/power] 71228 bytes, parsing PDF
[2026-05-25 02:01:09]   [additional_pdf/power] 2 pages, 6454 text chars
[2026-05-25 02:01:09]   [additional_pdf/power] raw text only
[2026-05-25 02:01:09]   [additional_pdf/mining] fetching სამთო-გეოლოგიური და მთის მდგრადი განვითარების ფაკულტეტი.pdf
[2026-05-25 02:01:10]   [additional_pdf/mining] 51893 bytes, parsing PDF
[2026-05-25 02:01:10]   [additional_pdf/mining] 1 pages, 2197 text chars
[2026-05-25 02:01:10]   [additional_pdf/mining] structured: 9 logical rows -> 8 lectures
[2026-05-25 02:01:10]   [additional_pdf/agrarian] fetching 2025-2026 II აგრარული დამატებითი_16_04_2026.pdf
[2026-05-25 02:01:11]   [additional_pdf/agrarian] 130098 bytes, parsing PDF
[2026-05-25 02:01:11]   [additional_pdf/agrarian] 4 pages, 11664 text chars
[2026-05-25 02:01:11]   [additional_pdf/agrarian] structured: 64 logical rows -> 64 lectures
[2026-05-25 02:01:11]   [additional_pdf/transport] fetching 05 დამატებითი ცხრილი . 23.04.2026.pdf
[2026-05-25 02:01:11]   [additional_pdf/transport] 164850 bytes, parsing PDF
[2026-05-25 02:01:11]   [additional_pdf/transport] 7 pages, 16906 text chars
[2026-05-25 02:01:11]   [additional_pdf/transport] raw text only
[2026-05-25 02:01:11]   [additional_pdf/architecture] fetching ცხრილი დამატ. არქიტექტურის, ურბანისტიკისა და დიზაინის.pdf
[2026-05-25 02:01:12]   [additional_pdf/architecture] 90193 bytes, parsing PDF
[2026-05-25 02:01:12]   [additional_pdf/architecture] 2 pages, 5806 text chars
[2026-05-25 02:01:12]   [additional_pdf/architecture] structured: 18 logical rows -> 15 lectures
[2026-05-25 02:01:12]   [additional_pdf/law] fetching სამართლისა და საერტაშორისო ურთ.დამატებითი ცხრილი_17_04_2026.pdf
[2026-05-25 02:01:13]   [additional_pdf/law] 284550 bytes, parsing PDF
[2026-05-25 02:01:13]   [additional_pdf/law] 9 pages, 16229 text chars
[2026-05-25 02:01:13]   [additional_pdf/law] raw text only
[2026-05-25 02:01:13]   [additional_pdf/ims] fetching იმს დამატებითი სასწავლო კურსების ცხრილი 2025-2026 II სემესტრი 9_05_2026.pdf
[2026-05-25 02:01:14]   [additional_pdf/ims] 205716 bytes, parsing PDF
[2026-05-25 02:01:14]   [additional_pdf/ims] 10 pages, 29623 text chars
[2026-05-25 02:01:15]   [additional_pdf/ims] structured: 141 logical rows -> 132 lectures
[2026-05-25 02:01:15]   [additional_pdf/business] fetching ბიზნესტექნოლოგიები_დამატებითი_17_04_2026.pdf
[2026-05-25 02:01:16]   [additional_pdf/business] 114955 bytes, parsing PDF
[2026-05-25 02:01:16]   [additional_pdf/business] 4 pages, 12300 text chars
[2026-05-25 02:01:16]   [additional_pdf/business] structured: 37 logical rows -> 19 lectures
[2026-05-25 02:01:16]   [additional_pdf/social] fetching დამატებიი ცხრილი სოციალურ მეცნიერებათა ფაკულტეტი 15_05_2026.pdf
[2026-05-25 02:01:16]   [additional_pdf/social] 86807 bytes, parsing PDF
[2026-05-25 02:01:16]   [additional_pdf/social] 1 pages, 2911 text chars
[2026-05-25 02:01:16]   [additional_pdf/social] raw text only
[2026-05-25 02:01:16] additional_pdf: stored 10, failed 0
[2026-05-25 02:01:16] midterm_pdf: no PDFs
[2026-05-25 02:01:16] done in 75.47s
[2026-05-25 07:00:02] fetching homepage
[2026-05-25 07:00:03] discovered 12 links across 2 sections
[2026-05-25 07:00:03] teachers_html: 2 unique source(s)
[2026-05-25 07:00:04]   [http://leqtori.gtu.ge:9000/public/teachers_2025_2026_2_10.html] fetching
[2026-05-25 07:00:05]   fetched 8028694 bytes
[2026-05-25 07:00:07]   parsed 10214 lectures from X კვირის სასწავლო ცხრილი
[2026-05-25 07:00:29]   stored 10214 (deduped 0) into lecture
[2026-05-25 07:00:29]   [http://leqtori.gtu.ge:9000/public/prof_teachers.html] fetching
[2026-05-25 07:00:30]   fetched 111363 bytes
[2026-05-25 07:00:30]   parsed 52 lectures from X კვირის სასწავლო ცხრილი
[2026-05-25 07:00:30]   stored 52 (deduped 0) into lecture
[2026-05-25 07:00:30] teachers totals: 1684 teachers, 4581 subjects, 10266 lectures
[2026-05-25 07:00:30] additional_pdf: 10 PDF(s) to fetch
[2026-05-25 07:00:30]   [additional_pdf/construction] fetching დამატ. ცხრ. -25-26 2 21.04.26 სამშენებლო.pdf
[2026-05-25 07:00:30]   [additional_pdf/construction] 307648 bytes, parsing PDF
[2026-05-25 07:00:31]   [additional_pdf/construction] 14 pages, 52664 text chars
[2026-05-25 07:00:32]   [additional_pdf/construction] structured: 195 logical rows -> 185 lectures
[2026-05-25 07:00:32]   [additional_pdf/power] fetching ენერგ ფაკ. დამატებითი_2025_2026_II_07_04_2026).pdf
[2026-05-25 07:00:32]   [additional_pdf/power] 71228 bytes, parsing PDF
[2026-05-25 07:00:32]   [additional_pdf/power] 2 pages, 6454 text chars
[2026-05-25 07:00:32]   [additional_pdf/power] raw text only
[2026-05-25 07:00:32]   [additional_pdf/mining] fetching სამთო-გეოლოგიური და მთის მდგრადი განვითარების ფაკულტეტი.pdf
[2026-05-25 07:00:33]   [additional_pdf/mining] 51893 bytes, parsing PDF
[2026-05-25 07:00:33]   [additional_pdf/mining] 1 pages, 2197 text chars
[2026-05-25 07:00:33]   [additional_pdf/mining] structured: 9 logical rows -> 8 lectures
[2026-05-25 07:00:33]   [additional_pdf/agrarian] fetching 2025-2026 II აგრარული დამატებითი_16_04_2026.pdf
[2026-05-25 07:00:33]   [additional_pdf/agrarian] 130098 bytes, parsing PDF
[2026-05-25 07:00:33]   [additional_pdf/agrarian] 4 pages, 11664 text chars
[2026-05-25 07:00:33]   [additional_pdf/agrarian] structured: 64 logical rows -> 64 lectures
[2026-05-25 07:00:33]   [additional_pdf/transport] fetching 05 დამატებითი ცხრილი . 23.04.2026.pdf
[2026-05-25 07:00:34]   [additional_pdf/transport] 164850 bytes, parsing PDF
[2026-05-25 07:00:34]   [additional_pdf/transport] 7 pages, 16906 text chars
[2026-05-25 07:00:34]   [additional_pdf/transport] raw text only
[2026-05-25 07:00:34]   [additional_pdf/architecture] fetching ცხრილი დამატ. არქიტექტურის, ურბანისტიკისა და დიზაინის.pdf
[2026-05-25 07:00:34]   [additional_pdf/architecture] 90193 bytes, parsing PDF
[2026-05-25 07:00:34]   [additional_pdf/architecture] 2 pages, 5806 text chars
[2026-05-25 07:00:35]   [additional_pdf/architecture] structured: 18 logical rows -> 15 lectures
[2026-05-25 07:00:35]   [additional_pdf/law] fetching სამართლისა და საერტაშორისო ურთ.დამატებითი ცხრილი_17_04_2026.pdf
[2026-05-25 07:00:35]   [additional_pdf/law] 284550 bytes, parsing PDF
[2026-05-25 07:00:36]   [additional_pdf/law] 9 pages, 16229 text chars
[2026-05-25 07:00:36]   [additional_pdf/law] raw text only
[2026-05-25 07:00:36]   [additional_pdf/ims] fetching იმს დამატებითი სასწავლო კურსების ცხრილი 2025-2026 II სემესტრი 9_05_2026.pdf
[2026-05-25 07:00:36]   [additional_pdf/ims] 205716 bytes, parsing PDF
[2026-05-25 07:00:36]   [additional_pdf/ims] 10 pages, 29623 text chars
[2026-05-25 07:00:37]   [additional_pdf/ims] structured: 141 logical rows -> 132 lectures
[2026-05-25 07:00:37]   [additional_pdf/business] fetching ბიზნესტექნოლოგიები_დამატებითი_17_04_2026.pdf
[2026-05-25 07:00:37]   [additional_pdf/business] 114955 bytes, parsing PDF
[2026-05-25 07:00:37]   [additional_pdf/business] 4 pages, 12300 text chars
[2026-05-25 07:00:38]   [additional_pdf/business] structured: 37 logical rows -> 19 lectures
[2026-05-25 07:00:38]   [additional_pdf/social] fetching დამატებიი ცხრილი სოციალურ მეცნიერებათა ფაკულტეტი 15_05_2026.pdf
[2026-05-25 07:00:38]   [additional_pdf/social] 86807 bytes, parsing PDF
[2026-05-25 07:00:38]   [additional_pdf/social] 1 pages, 2911 text chars
[2026-05-25 07:00:38]   [additional_pdf/social] raw text only
[2026-05-25 07:00:38] additional_pdf: stored 10, failed 0
[2026-05-25 07:00:38] midterm_pdf: no PDFs
[2026-05-25 07:00:38] done in 36.07s
[2026-05-25 12:00:02] fetching homepage
[2026-05-25 12:00:03] discovered 12 links across 2 sections
[2026-05-25 12:00:03] teachers_html: 2 unique source(s)
[2026-05-25 12:00:04]   [http://leqtori.gtu.ge:9000/public/teachers_2025_2026_2_10.html] fetching
[2026-05-25 12:00:05]   fetched 8028694 bytes
[2026-05-25 12:00:07]   parsed 10214 lectures from X კვირის სასწავლო ცხრილი
[2026-05-25 12:00:23]   stored 10214 (deduped 0) into lecture
[2026-05-25 12:00:23]   [http://leqtori.gtu.ge:9000/public/prof_teachers.html] fetching
[2026-05-25 12:00:24]   fetched 111363 bytes
[2026-05-25 12:00:24]   parsed 52 lectures from X კვირის სასწავლო ცხრილი
[2026-05-25 12:00:24]   stored 52 (deduped 0) into lecture
[2026-05-25 12:00:24] teachers totals: 1684 teachers, 4581 subjects, 10266 lectures
[2026-05-25 12:00:24] additional_pdf: 10 PDF(s) to fetch
[2026-05-25 12:00:24]   [additional_pdf/construction] fetching დამატ. ცხრ. -25-26 2 21.04.26 სამშენებლო.pdf
[2026-05-25 12:00:24]   [additional_pdf/construction] 307648 bytes, parsing PDF
[2026-05-25 12:00:25]   [additional_pdf/construction] 14 pages, 52664 text chars
[2026-05-25 12:00:25]   [additional_pdf/construction] structured: 195 logical rows -> 185 lectures
[2026-05-25 12:00:25]   [additional_pdf/power] fetching ენერგ ფაკ. დამატებითი_2025_2026_II_07_04_2026).pdf
[2026-05-25 12:00:26]   [additional_pdf/power] 71228 bytes, parsing PDF
[2026-05-25 12:00:26]   [additional_pdf/power] 2 pages, 6454 text chars
[2026-05-25 12:00:26]   [additional_pdf/power] raw text only
[2026-05-25 12:00:26]   [additional_pdf/mining] fetching სამთო-გეოლოგიური და მთის მდგრადი განვითარების ფაკულტეტი.pdf
[2026-05-25 12:00:26]   [additional_pdf/mining] 51893 bytes, parsing PDF
[2026-05-25 12:00:27]   [additional_pdf/mining] 1 pages, 2197 text chars
[2026-05-25 12:00:27]   [additional_pdf/mining] structured: 9 logical rows -> 8 lectures
[2026-05-25 12:00:27]   [additional_pdf/agrarian] fetching 2025-2026 II აგრარული დამატებითი_16_04_2026.pdf
[2026-05-25 12:00:27]   [additional_pdf/agrarian] 130098 bytes, parsing PDF
[2026-05-25 12:00:27]   [additional_pdf/agrarian] 4 pages, 11664 text chars
[2026-05-25 12:00:27]   [additional_pdf/agrarian] structured: 64 logical rows -> 64 lectures
[2026-05-25 12:00:27]   [additional_pdf/transport] fetching 05 დამატებითი ცხრილი . 23.04.2026.pdf
[2026-05-25 12:00:28]   [additional_pdf/transport] 164850 bytes, parsing PDF
[2026-05-25 12:00:28]   [additional_pdf/transport] 7 pages, 16906 text chars
[2026-05-25 12:00:28]   [additional_pdf/transport] raw text only
[2026-05-25 12:00:28]   [additional_pdf/architecture] fetching ცხრილი დამატ. არქიტექტურის, ურბანისტიკისა და დიზაინის.pdf
[2026-05-25 12:00:28]   [additional_pdf/architecture] 90193 bytes, parsing PDF
[2026-05-25 12:00:28]   [additional_pdf/architecture] 2 pages, 5806 text chars
[2026-05-25 12:00:28]   [additional_pdf/architecture] structured: 18 logical rows -> 15 lectures
[2026-05-25 12:00:28]   [additional_pdf/law] fetching სამართლისა და საერტაშორისო ურთ.დამატებითი ცხრილი_17_04_2026.pdf
[2026-05-25 12:00:29]   [additional_pdf/law] 284550 bytes, parsing PDF
[2026-05-25 12:00:29]   [additional_pdf/law] 9 pages, 16229 text chars
[2026-05-25 12:00:29]   [additional_pdf/law] raw text only
[2026-05-25 12:00:29]   [additional_pdf/ims] fetching იმს დამატებითი სასწავლო კურსების ცხრილი 2025-2026 II სემესტრი 9_05_2026.pdf
[2026-05-25 12:00:30]   [additional_pdf/ims] 205716 bytes, parsing PDF
[2026-05-25 12:00:30]   [additional_pdf/ims] 10 pages, 29623 text chars
[2026-05-25 12:00:31]   [additional_pdf/ims] structured: 141 logical rows -> 132 lectures
[2026-05-25 12:00:31]   [additional_pdf/business] fetching ბიზნესტექნოლოგიები_დამატებითი_17_04_2026.pdf
[2026-05-25 12:00:31]   [additional_pdf/business] 114955 bytes, parsing PDF
[2026-05-25 12:00:32]   [additional_pdf/business] 4 pages, 12300 text chars
[2026-05-25 12:00:32]   [additional_pdf/business] structured: 37 logical rows -> 19 lectures
[2026-05-25 12:00:32]   [additional_pdf/social] fetching დამატებიი ცხრილი სოციალურ მეცნიერებათა ფაკულტეტი 15_05_2026.pdf
[2026-05-25 12:00:32]   [additional_pdf/social] 86807 bytes, parsing PDF
[2026-05-25 12:00:32]   [additional_pdf/social] 1 pages, 2911 text chars
[2026-05-25 12:00:32]   [additional_pdf/social] raw text only
[2026-05-25 12:00:32] additional_pdf: stored 10, failed 0
[2026-05-25 12:00:32] midterm_pdf: no PDFs
[2026-05-25 12:00:32] done in 30.25s
[2026-05-25 17:00:02] fetching homepage
[2026-05-25 17:00:03] discovered 12 links across 2 sections
[2026-05-25 17:00:03] teachers_html: 2 unique source(s)
[2026-05-25 17:00:03]   [http://leqtori.gtu.ge:9000/public/teachers_2025_2026_2_10.html] fetching
[2026-05-25 17:00:05]   fetched 8028694 bytes
[2026-05-25 17:00:07]   parsed 10214 lectures from X კვირის სასწავლო ცხრილი
[2026-05-25 17:00:27]   stored 10214 (deduped 0) into lecture
[2026-05-25 17:00:27]   [http://leqtori.gtu.ge:9000/public/prof_teachers.html] fetching
[2026-05-25 17:00:27]   fetched 111363 bytes
[2026-05-25 17:00:27]   parsed 52 lectures from X კვირის სასწავლო ცხრილი
[2026-05-25 17:00:28]   stored 52 (deduped 0) into lecture
[2026-05-25 17:00:28] teachers totals: 1684 teachers, 4581 subjects, 10266 lectures
[2026-05-25 17:00:28] additional_pdf: 10 PDF(s) to fetch
[2026-05-25 17:00:28]   [additional_pdf/construction] fetching დამატ. ცხრ. -25-26 2 21.04.26 სამშენებლო.pdf
[2026-05-25 17:00:28]   [additional_pdf/construction] 307648 bytes, parsing PDF
[2026-05-25 17:00:28]   [additional_pdf/construction] 14 pages, 52664 text chars
[2026-05-25 17:00:29]   [additional_pdf/construction] structured: 195 logical rows -> 185 lectures
[2026-05-25 17:00:29]   [additional_pdf/power] fetching ენერგ ფაკ. დამატებითი_2025_2026_II_07_04_2026).pdf
[2026-05-25 17:00:30]   [additional_pdf/power] 71228 bytes, parsing PDF
[2026-05-25 17:00:30]   [additional_pdf/power] 2 pages, 6454 text chars
[2026-05-25 17:00:30]   [additional_pdf/power] raw text only
[2026-05-25 17:00:30]   [additional_pdf/mining] fetching სამთო-გეოლოგიური და მთის მდგრადი განვითარების ფაკულტეტი.pdf
[2026-05-25 17:00:30]   [additional_pdf/mining] 51893 bytes, parsing PDF
[2026-05-25 17:00:30]   [additional_pdf/mining] 1 pages, 2197 text chars
[2026-05-25 17:00:30]   [additional_pdf/mining] structured: 9 logical rows -> 8 lectures
[2026-05-25 17:00:30]   [additional_pdf/agrarian] fetching 2025-2026 II აგრარული დამატებითი_16_04_2026.pdf
[2026-05-25 17:00:31]   [additional_pdf/agrarian] 130098 bytes, parsing PDF
[2026-05-25 17:00:31]   [additional_pdf/agrarian] 4 pages, 11664 text chars
[2026-05-25 17:00:31]   [additional_pdf/agrarian] structured: 64 logical rows -> 64 lectures
[2026-05-25 17:00:31]   [additional_pdf/transport] fetching 05 დამატებითი ცხრილი . 23.04.2026.pdf
[2026-05-25 17:00:32]   [additional_pdf/transport] 164850 bytes, parsing PDF
[2026-05-25 17:00:32]   [additional_pdf/transport] 7 pages, 16906 text chars
[2026-05-25 17:00:32]   [additional_pdf/transport] raw text only
[2026-05-25 17:00:32]   [additional_pdf/architecture] fetching ცხრილი დამატ. არქიტექტურის, ურბანისტიკისა და დიზაინის.pdf
[2026-05-25 17:00:32]   [additional_pdf/architecture] 90193 bytes, parsing PDF
[2026-05-25 17:00:32]   [additional_pdf/architecture] 2 pages, 5806 text chars
[2026-05-25 17:00:32]   [additional_pdf/architecture] structured: 18 logical rows -> 15 lectures
[2026-05-25 17:00:32]   [additional_pdf/law] fetching სამართლისა და საერტაშორისო ურთ.დამატებითი ცხრილი_17_04_2026.pdf
[2026-05-25 17:00:33]   [additional_pdf/law] 284550 bytes, parsing PDF
[2026-05-25 17:00:33]   [additional_pdf/law] 9 pages, 16229 text chars
[2026-05-25 17:00:33]   [additional_pdf/law] raw text only
[2026-05-25 17:00:33]   [additional_pdf/ims] fetching იმს დამატებითი სასწავლო კურსების ცხრილი 2025-2026 II სემესტრი 25.05.2026.pdf
[2026-05-25 17:00:34]   [additional_pdf/ims] 204239 bytes, parsing PDF
[2026-05-25 17:00:34]   [additional_pdf/ims] 9 pages, 30012 text chars
[2026-05-25 17:00:35]   [additional_pdf/ims] structured: 159 logical rows -> 135 lectures
[2026-05-25 17:00:35]   [additional_pdf/business] fetching ბიზნესტექნოლოგიები_დამატებითი_17_04_2026.pdf
[2026-05-25 17:00:35]   [additional_pdf/business] 114955 bytes, parsing PDF
[2026-05-25 17:00:35]   [additional_pdf/business] 4 pages, 12300 text chars
[2026-05-25 17:00:35]   [additional_pdf/business] structured: 37 logical rows -> 19 lectures
[2026-05-25 17:00:35]   [additional_pdf/social] fetching დამატებიი ცხრილი სოციალურ მეცნიერებათა ფაკულტეტი 15_05_2026.pdf
[2026-05-25 17:00:36]   [additional_pdf/social] 86807 bytes, parsing PDF
[2026-05-25 17:00:36]   [additional_pdf/social] 1 pages, 2911 text chars
[2026-05-25 17:00:36]   [additional_pdf/social] raw text only
[2026-05-25 17:00:36] additional_pdf: stored 10, failed 0
[2026-05-25 17:00:36] midterm_pdf: no PDFs
[2026-05-25 17:00:36] done in 33.91s
[2026-05-25 22:00:02] fetching homepage
[2026-05-25 22:00:03] discovered 12 links across 2 sections
[2026-05-25 22:00:03] teachers_html: 2 unique source(s)
[2026-05-25 22:00:04]   [http://leqtori.gtu.ge:9000/public/teachers_2025_2026_2_10.html] fetching
[2026-05-25 22:00:06]   fetched 8028694 bytes
[2026-05-25 22:00:07]   parsed 10214 lectures from X კვირის სასწავლო ცხრილი
[2026-05-25 22:00:23]   stored 10214 (deduped 0) into lecture
[2026-05-25 22:00:23]   [http://leqtori.gtu.ge:9000/public/prof_teachers.html] fetching
[2026-05-25 22:00:23]   fetched 111363 bytes
[2026-05-25 22:00:23]   parsed 52 lectures from X კვირის სასწავლო ცხრილი
[2026-05-25 22:00:23]   stored 52 (deduped 0) into lecture
[2026-05-25 22:00:23] teachers totals: 1684 teachers, 4581 subjects, 10266 lectures
[2026-05-25 22:00:23] additional_pdf: 10 PDF(s) to fetch
[2026-05-25 22:00:23]   [additional_pdf/construction] fetching დამატ. ცხრ. -25-26 2 21.04.26 სამშენებლო.pdf
[2026-05-25 22:00:24]   [additional_pdf/construction] 307648 bytes, parsing PDF
[2026-05-25 22:00:24]   [additional_pdf/construction] 14 pages, 52664 text chars
[2026-05-25 22:00:25]   [additional_pdf/construction] structured: 195 logical rows -> 185 lectures
[2026-05-25 22:00:25]   [additional_pdf/power] fetching ენერგ ფაკ. დამატებითი_2025_2026_II_07_04_2026).pdf
[2026-05-25 22:00:25]   [additional_pdf/power] 71228 bytes, parsing PDF
[2026-05-25 22:00:26]   [additional_pdf/power] 2 pages, 6454 text chars
[2026-05-25 22:00:26]   [additional_pdf/power] raw text only
[2026-05-25 22:00:26]   [additional_pdf/mining] fetching სამთო-გეოლოგიური და მთის მდგრადი განვითარების ფაკულტეტი.pdf
[2026-05-25 22:00:26]   [additional_pdf/mining] 51893 bytes, parsing PDF
[2026-05-25 22:00:26]   [additional_pdf/mining] 1 pages, 2197 text chars
[2026-05-25 22:00:26]   [additional_pdf/mining] structured: 9 logical rows -> 8 lectures
[2026-05-25 22:00:26]   [additional_pdf/agrarian] fetching 2025-2026 II აგრარული დამატებითი_16_04_2026.pdf
[2026-05-25 22:00:27]   [additional_pdf/agrarian] 130098 bytes, parsing PDF
[2026-05-25 22:00:27]   [additional_pdf/agrarian] 4 pages, 11664 text chars
[2026-05-25 22:00:27]   [additional_pdf/agrarian] structured: 64 logical rows -> 64 lectures
[2026-05-25 22:00:27]   [additional_pdf/transport] fetching 05 დამატებითი ცხრილი . 23.04.2026.pdf
[2026-05-25 22:00:27]   [additional_pdf/transport] 164850 bytes, parsing PDF
[2026-05-25 22:00:28]   [additional_pdf/transport] 7 pages, 16906 text chars
[2026-05-25 22:00:28]   [additional_pdf/transport] raw text only
[2026-05-25 22:00:28]   [additional_pdf/architecture] fetching ცხრილი დამატ. არქიტექტურის, ურბანისტიკისა და დიზაინის.pdf
[2026-05-25 22:00:28]   [additional_pdf/architecture] 90193 bytes, parsing PDF
[2026-05-25 22:00:28]   [additional_pdf/architecture] 2 pages, 5806 text chars
[2026-05-25 22:00:28]   [additional_pdf/architecture] structured: 18 logical rows -> 15 lectures
[2026-05-25 22:00:28]   [additional_pdf/law] fetching სამართლისა და საერტაშორისო ურთ.დამატებითი ცხრილი_17_04_2026.pdf
[2026-05-25 22:00:29]   [additional_pdf/law] 284550 bytes, parsing PDF
[2026-05-25 22:00:29]   [additional_pdf/law] 9 pages, 16229 text chars
[2026-05-25 22:00:29]   [additional_pdf/law] raw text only
[2026-05-25 22:00:29]   [additional_pdf/ims] fetching იმს დამატებითი სასწავლო კურსების ცხრილი 2025-2026 II სემესტრი 25.05.2026.pdf
[2026-05-25 22:00:30]   [additional_pdf/ims] 204239 bytes, parsing PDF
[2026-05-25 22:00:30]   [additional_pdf/ims] 9 pages, 30012 text chars
[2026-05-25 22:00:31]   [additional_pdf/ims] structured: 159 logical rows -> 135 lectures
[2026-05-25 22:00:31]   [additional_pdf/business] fetching ბიზნესტექნოლოგიები_დამატებითი_17_04_2026.pdf
[2026-05-25 22:00:31]   [additional_pdf/business] 114955 bytes, parsing PDF
[2026-05-25 22:00:31]   [additional_pdf/business] 4 pages, 12300 text chars
[2026-05-25 22:00:31]   [additional_pdf/business] structured: 37 logical rows -> 19 lectures
[2026-05-25 22:00:31]   [additional_pdf/social] fetching დამატებიი ცხრილი სოციალურ მეცნიერებათა ფაკულტეტი 15_05_2026.pdf
[2026-05-25 22:00:32]   [additional_pdf/social] 86807 bytes, parsing PDF
[2026-05-25 22:00:32]   [additional_pdf/social] 1 pages, 2911 text chars
[2026-05-25 22:00:32]   [additional_pdf/social] raw text only
[2026-05-25 22:00:32] additional_pdf: stored 10, failed 0
[2026-05-25 22:00:32] midterm_pdf: no PDFs
[2026-05-25 22:00:32] done in 29.62s
[2026-05-26 02:00:04] fetching homepage
[2026-05-26 02:00:06] discovered 12 links across 2 sections
[2026-05-26 02:00:06] teachers_html: 2 unique source(s)
[2026-05-26 02:00:07]   [http://leqtori.gtu.ge:9000/public/teachers_2025_2026_2_10.html] fetching
[2026-05-26 02:00:10]   fetched 8028694 bytes
[2026-05-26 02:00:13]   parsed 10214 lectures from X კვირის სასწავლო ცხრილი
[2026-05-26 02:01:10]   stored 10214 (deduped 0) into lecture
[2026-05-26 02:01:10]   [http://leqtori.gtu.ge:9000/public/prof_teachers.html] fetching
[2026-05-26 02:01:11]   fetched 111363 bytes
[2026-05-26 02:01:11]   parsed 52 lectures from X კვირის სასწავლო ცხრილი
[2026-05-26 02:01:11]   stored 52 (deduped 0) into lecture
[2026-05-26 02:01:11] teachers totals: 1684 teachers, 4581 subjects, 10266 lectures
[2026-05-26 02:01:11] additional_pdf: 10 PDF(s) to fetch
[2026-05-26 02:01:11]   [additional_pdf/construction] fetching დამატ. ცხრ. -25-26 2 21.04.26 სამშენებლო.pdf
[2026-05-26 02:01:11]   [additional_pdf/construction] 307648 bytes, parsing PDF
[2026-05-26 02:01:12]   [additional_pdf/construction] 14 pages, 52664 text chars
[2026-05-26 02:01:13]   [additional_pdf/construction] structured: 195 logical rows -> 185 lectures
[2026-05-26 02:01:13]   [additional_pdf/power] fetching ენერგ ფაკ. დამატებითი_2025_2026_II_07_04_2026).pdf
[2026-05-26 02:01:13]   [additional_pdf/power] 71228 bytes, parsing PDF
[2026-05-26 02:01:13]   [additional_pdf/power] 2 pages, 6454 text chars
[2026-05-26 02:01:13]   [additional_pdf/power] raw text only
[2026-05-26 02:01:13]   [additional_pdf/mining] fetching სამთო-გეოლოგიური და მთის მდგრადი განვითარების ფაკულტეტი.pdf
[2026-05-26 02:01:14]   [additional_pdf/mining] 51893 bytes, parsing PDF
[2026-05-26 02:01:14]   [additional_pdf/mining] 1 pages, 2197 text chars
[2026-05-26 02:01:14]   [additional_pdf/mining] structured: 9 logical rows -> 8 lectures
[2026-05-26 02:01:14]   [additional_pdf/agrarian] fetching 2025-2026 II აგრარული დამატებითი_16_04_2026.pdf
[2026-05-26 02:01:14]   [additional_pdf/agrarian] 130098 bytes, parsing PDF
[2026-05-26 02:01:14]   [additional_pdf/agrarian] 4 pages, 11664 text chars
[2026-05-26 02:01:14]   [additional_pdf/agrarian] structured: 64 logical rows -> 64 lectures
[2026-05-26 02:01:14]   [additional_pdf/transport] fetching 05 დამატებითი ცხრილი . 23.04.2026.pdf
[2026-05-26 02:01:15]   [additional_pdf/transport] 164850 bytes, parsing PDF
[2026-05-26 02:01:15]   [additional_pdf/transport] 7 pages, 16906 text chars
[2026-05-26 02:01:15]   [additional_pdf/transport] raw text only
[2026-05-26 02:01:15]   [additional_pdf/architecture] fetching ცხრილი დამატ. არქიტექტურის, ურბანისტიკისა და დიზაინის.pdf
[2026-05-26 02:01:15]   [additional_pdf/architecture] 90193 bytes, parsing PDF
[2026-05-26 02:01:15]   [additional_pdf/architecture] 2 pages, 5806 text chars
[2026-05-26 02:01:15]   [additional_pdf/architecture] structured: 18 logical rows -> 15 lectures
[2026-05-26 02:01:15]   [additional_pdf/law] fetching სამართლისა და საერტაშორისო ურთ.დამატებითი ცხრილი_17_04_2026.pdf
[2026-05-26 02:01:16]   [additional_pdf/law] 284550 bytes, parsing PDF
[2026-05-26 02:01:17]   [additional_pdf/law] 9 pages, 16229 text chars
[2026-05-26 02:01:17]   [additional_pdf/law] raw text only
[2026-05-26 02:01:17]   [additional_pdf/ims] fetching იმს დამატებითი სასწავლო კურსების ცხრილი 2025-2026 II სემესტრი 25.05.2026.pdf
[2026-05-26 02:01:17]   [additional_pdf/ims] 204239 bytes, parsing PDF
[2026-05-26 02:01:18]   [additional_pdf/ims] 9 pages, 30012 text chars
[2026-05-26 02:01:18]   [additional_pdf/ims] structured: 159 logical rows -> 135 lectures
[2026-05-26 02:01:18]   [additional_pdf/business] fetching ბიზნესტექნოლოგიები_დამატებითი_17_04_2026.pdf
[2026-05-26 02:01:19]   [additional_pdf/business] 114955 bytes, parsing PDF
[2026-05-26 02:01:19]   [additional_pdf/business] 4 pages, 12300 text chars
[2026-05-26 02:01:19]   [additional_pdf/business] structured: 37 logical rows -> 19 lectures
[2026-05-26 02:01:19]   [additional_pdf/social] fetching დამატებიი ცხრილი სოციალურ მეცნიერებათა ფაკულტეტი 15_05_2026.pdf
[2026-05-26 02:01:20]   [additional_pdf/social] 86807 bytes, parsing PDF
[2026-05-26 02:01:20]   [additional_pdf/social] 1 pages, 2911 text chars
[2026-05-26 02:01:20]   [additional_pdf/social] raw text only
[2026-05-26 02:01:20] additional_pdf: stored 10, failed 0
[2026-05-26 02:01:20] midterm_pdf: no PDFs
[2026-05-26 02:01:20] done in 75.38s
[2026-05-26 07:00:01] fetching homepage
[2026-05-26 07:00:03] discovered 12 links across 2 sections
[2026-05-26 07:00:03] teachers_html: 2 unique source(s)
[2026-05-26 07:00:04]   [http://leqtori.gtu.ge:9000/public/teachers_2025_2026_2_10.html] fetching
[2026-05-26 07:00:06]   fetched 8028694 bytes
[2026-05-26 07:00:08]   parsed 10214 lectures from X კვირის სასწავლო ცხრილი
[2026-05-26 07:00:29]   stored 10214 (deduped 0) into lecture
[2026-05-26 07:00:29]   [http://leqtori.gtu.ge:9000/public/prof_teachers.html] fetching
[2026-05-26 07:00:30]   fetched 111363 bytes
[2026-05-26 07:00:30]   parsed 52 lectures from X კვირის სასწავლო ცხრილი
[2026-05-26 07:00:30]   stored 52 (deduped 0) into lecture
[2026-05-26 07:00:30] teachers totals: 1684 teachers, 4581 subjects, 10266 lectures
[2026-05-26 07:00:30] additional_pdf: 10 PDF(s) to fetch
[2026-05-26 07:00:30]   [additional_pdf/construction] fetching დამატ. ცხრ. -25-26 2 21.04.26 სამშენებლო.pdf
[2026-05-26 07:00:31]   [additional_pdf/construction] 307648 bytes, parsing PDF
[2026-05-26 07:00:31]   [additional_pdf/construction] 14 pages, 52664 text chars
[2026-05-26 07:00:32]   [additional_pdf/construction] structured: 195 logical rows -> 185 lectures
[2026-05-26 07:00:32]   [additional_pdf/power] fetching ენერგ ფაკ. დამატებითი_2025_2026_II_07_04_2026).pdf
[2026-05-26 07:00:32]   [additional_pdf/power] 71228 bytes, parsing PDF
[2026-05-26 07:00:32]   [additional_pdf/power] 2 pages, 6454 text chars
[2026-05-26 07:00:32]   [additional_pdf/power] raw text only
[2026-05-26 07:00:32]   [additional_pdf/mining] fetching სამთო-გეოლოგიური და მთის მდგრადი განვითარების ფაკულტეტი.pdf
[2026-05-26 07:00:33]   [additional_pdf/mining] 51893 bytes, parsing PDF
[2026-05-26 07:00:33]   [additional_pdf/mining] 1 pages, 2197 text chars
[2026-05-26 07:00:33]   [additional_pdf/mining] structured: 9 logical rows -> 8 lectures
[2026-05-26 07:00:33]   [additional_pdf/agrarian] fetching 2025-2026 II აგრარული დამატებითი_16_04_2026.pdf
[2026-05-26 07:00:33]   [additional_pdf/agrarian] 130098 bytes, parsing PDF
[2026-05-26 07:00:33]   [additional_pdf/agrarian] 4 pages, 11664 text chars
[2026-05-26 07:00:34]   [additional_pdf/agrarian] structured: 64 logical rows -> 64 lectures
[2026-05-26 07:00:34]   [additional_pdf/transport] fetching 05 დამატებითი ცხრილი . 23.04.2026.pdf
[2026-05-26 07:00:34]   [additional_pdf/transport] 164850 bytes, parsing PDF
[2026-05-26 07:00:34]   [additional_pdf/transport] 7 pages, 16906 text chars
[2026-05-26 07:00:34]   [additional_pdf/transport] raw text only
[2026-05-26 07:00:34]   [additional_pdf/architecture] fetching ცხრილი დამატ. არქიტექტურის, ურბანისტიკისა და დიზაინის.pdf
[2026-05-26 07:00:35]   [additional_pdf/architecture] 90193 bytes, parsing PDF
[2026-05-26 07:00:35]   [additional_pdf/architecture] 2 pages, 5806 text chars
[2026-05-26 07:00:35]   [additional_pdf/architecture] structured: 18 logical rows -> 15 lectures
[2026-05-26 07:00:35]   [additional_pdf/law] fetching სამართლისა და საერტაშორისო ურთ.დამატებითი ცხრილი_17_04_2026.pdf
[2026-05-26 07:00:35]   [additional_pdf/law] 284550 bytes, parsing PDF
[2026-05-26 07:00:36]   [additional_pdf/law] 9 pages, 16229 text chars
[2026-05-26 07:00:36]   [additional_pdf/law] raw text only
[2026-05-26 07:00:36]   [additional_pdf/ims] fetching იმს დამატებითი სასწავლო კურსების ცხრილი 2025-2026 II სემესტრი 25.05.2026.pdf
[2026-05-26 07:00:36]   [additional_pdf/ims] 204239 bytes, parsing PDF
[2026-05-26 07:00:36]   [additional_pdf/ims] 9 pages, 30012 text chars
[2026-05-26 07:00:37]   [additional_pdf/ims] structured: 159 logical rows -> 135 lectures
[2026-05-26 07:00:37]   [additional_pdf/business] fetching ბიზნესტექნოლოგიები_დამატებითი_17_04_2026.pdf
[2026-05-26 07:00:38]   [additional_pdf/business] 114955 bytes, parsing PDF
[2026-05-26 07:00:38]   [additional_pdf/business] 4 pages, 12300 text chars
[2026-05-26 07:00:38]   [additional_pdf/business] structured: 37 logical rows -> 19 lectures
[2026-05-26 07:00:38]   [additional_pdf/social] fetching დამატებიი ცხრილი სოციალურ მეცნიერებათა ფაკულტეტი 15_05_2026.pdf
[2026-05-26 07:00:38]   [additional_pdf/social] 86807 bytes, parsing PDF
[2026-05-26 07:00:38]   [additional_pdf/social] 1 pages, 2911 text chars
[2026-05-26 07:00:38]   [additional_pdf/social] raw text only
[2026-05-26 07:00:38] additional_pdf: stored 10, failed 0
[2026-05-26 07:00:38] midterm_pdf: no PDFs
[2026-05-26 07:00:38] done in 37.04s
[2026-05-26 12:00:02] fetching homepage
[2026-05-26 12:00:04] discovered 12 links across 2 sections
[2026-05-26 12:00:04] teachers_html: 2 unique source(s)
[2026-05-26 12:00:05]   [http://leqtori.gtu.ge:9000/public/teachers_2025_2026_2_10.html] fetching
[2026-05-26 12:00:06]   fetched 8028694 bytes
[2026-05-26 12:00:09]   parsed 10214 lectures from X კვირის სასწავლო ცხრილი
[2026-05-26 12:00:29]   stored 10214 (deduped 0) into lecture
[2026-05-26 12:00:29]   [http://leqtori.gtu.ge:9000/public/prof_teachers.html] fetching
[2026-05-26 12:00:29]   fetched 111363 bytes
[2026-05-26 12:00:29]   parsed 52 lectures from X კვირის სასწავლო ცხრილი
[2026-05-26 12:00:29]   stored 52 (deduped 0) into lecture
[2026-05-26 12:00:29] teachers totals: 1684 teachers, 4581 subjects, 10266 lectures
[2026-05-26 12:00:29] additional_pdf: 10 PDF(s) to fetch
[2026-05-26 12:00:29]   [additional_pdf/construction] fetching დამატ. ცხრ. -25-26 2 21.04.26 სამშენებლო.pdf
[2026-05-26 12:00:30]   [additional_pdf/construction] 307648 bytes, parsing PDF
[2026-05-26 12:00:30]   [additional_pdf/construction] 14 pages, 52664 text chars
[2026-05-26 12:00:31]   [additional_pdf/construction] structured: 195 logical rows -> 185 lectures
[2026-05-26 12:00:31]   [additional_pdf/power] fetching ენერგ ფაკ. დამატებითი_2025_2026_II_07_04_2026).pdf
[2026-05-26 12:00:32]   [additional_pdf/power] 71228 bytes, parsing PDF
[2026-05-26 12:00:32]   [additional_pdf/power] 2 pages, 6454 text chars
[2026-05-26 12:00:32]   [additional_pdf/power] raw text only
[2026-05-26 12:00:32]   [additional_pdf/mining] fetching სამთო-გეოლოგიური და მთის მდგრადი განვითარების ფაკულტეტი.pdf
[2026-05-26 12:00:32]   [additional_pdf/mining] 51893 bytes, parsing PDF
[2026-05-26 12:00:32]   [additional_pdf/mining] 1 pages, 2197 text chars
[2026-05-26 12:00:32]   [additional_pdf/mining] structured: 9 logical rows -> 8 lectures
[2026-05-26 12:00:32]   [additional_pdf/agrarian] fetching 2025-2026 II აგრარული დამატებითი_16_04_2026.pdf
[2026-05-26 12:00:33]   [additional_pdf/agrarian] 130098 bytes, parsing PDF
[2026-05-26 12:00:33]   [additional_pdf/agrarian] 4 pages, 11664 text chars
[2026-05-26 12:00:33]   [additional_pdf/agrarian] structured: 64 logical rows -> 64 lectures
[2026-05-26 12:00:33]   [additional_pdf/transport] fetching 05 დამატებითი ცხრილი . 23.04.2026.pdf
[2026-05-26 12:00:34]   [additional_pdf/transport] 164850 bytes, parsing PDF
[2026-05-26 12:00:34]   [additional_pdf/transport] 7 pages, 16906 text chars
[2026-05-26 12:00:34]   [additional_pdf/transport] raw text only
[2026-05-26 12:00:34]   [additional_pdf/architecture] fetching ცხრილი დამატ. არქიტექტურის, ურბანისტიკისა და დიზაინის.pdf
[2026-05-26 12:00:34]   [additional_pdf/architecture] 90193 bytes, parsing PDF
[2026-05-26 12:00:34]   [additional_pdf/architecture] 2 pages, 5806 text chars
[2026-05-26 12:00:34]   [additional_pdf/architecture] structured: 18 logical rows -> 15 lectures
[2026-05-26 12:00:34]   [additional_pdf/law] fetching სამართლისა და საერტაშორისო ურთ.დამატებითი ცხრილი_17_04_2026.pdf
[2026-05-26 12:00:35]   [additional_pdf/law] 284550 bytes, parsing PDF
[2026-05-26 12:00:35]   [additional_pdf/law] 9 pages, 16229 text chars
[2026-05-26 12:00:35]   [additional_pdf/law] raw text only
[2026-05-26 12:00:35]   [additional_pdf/ims] fetching იმს დამატებითი სასწავლო კურსების ცხრილი 2025-2026 II სემესტრი 25.05.2026.pdf
[2026-05-26 12:00:36]   [additional_pdf/ims] 204239 bytes, parsing PDF
[2026-05-26 12:00:36]   [additional_pdf/ims] 9 pages, 30012 text chars
[2026-05-26 12:00:37]   [additional_pdf/ims] structured: 159 logical rows -> 135 lectures
[2026-05-26 12:00:37]   [additional_pdf/business] fetching ბიზნესტექნოლოგიები_დამატებითი_17_04_2026.pdf
[2026-05-26 12:00:37]   [additional_pdf/business] 114955 bytes, parsing PDF
[2026-05-26 12:00:37]   [additional_pdf/business] 4 pages, 12300 text chars
[2026-05-26 12:00:37]   [additional_pdf/business] structured: 37 logical rows -> 19 lectures
[2026-05-26 12:00:37]   [additional_pdf/social] fetching დამატებიი ცხრილი სოციალურ მეცნიერებათა ფაკულტეტი 15_05_2026.pdf
[2026-05-26 12:00:38]   [additional_pdf/social] 86807 bytes, parsing PDF
[2026-05-26 12:00:38]   [additional_pdf/social] 1 pages, 2911 text chars
[2026-05-26 12:00:38]   [additional_pdf/social] raw text only
[2026-05-26 12:00:38] additional_pdf: stored 10, failed 0
[2026-05-26 12:00:38] midterm_pdf: no PDFs
[2026-05-26 12:00:38] done in 35.79s
[2026-05-26 17:00:02] fetching homepage
[2026-05-26 17:00:03] discovered 12 links across 2 sections
[2026-05-26 17:00:03] teachers_html: 2 unique source(s)
[2026-05-26 17:00:04]   [http://leqtori.gtu.ge:9000/public/teachers_2025_2026_2_10.html] fetching
[2026-05-26 17:00:06]   fetched 8028694 bytes
[2026-05-26 17:00:08]   parsed 10214 lectures from X კვირის სასწავლო ცხრილი
[2026-05-26 17:00:32]   stored 10214 (deduped 0) into lecture
[2026-05-26 17:00:32]   [http://leqtori.gtu.ge:9000/public/prof_teachers.html] fetching
[2026-05-26 17:00:33]   fetched 111363 bytes
[2026-05-26 17:00:33]   parsed 52 lectures from X კვირის სასწავლო ცხრილი
[2026-05-26 17:00:33]   stored 52 (deduped 0) into lecture
[2026-05-26 17:00:33] teachers totals: 1684 teachers, 4581 subjects, 10266 lectures
[2026-05-26 17:00:33] additional_pdf: 10 PDF(s) to fetch
[2026-05-26 17:00:33]   [additional_pdf/construction] fetching დამატ. ცხრ. -25-26 2 21.04.26 სამშენებლო.pdf
[2026-05-26 17:00:33]   [additional_pdf/construction] 307648 bytes, parsing PDF
[2026-05-26 17:00:34]   [additional_pdf/construction] 14 pages, 52664 text chars
[2026-05-26 17:00:34]   [additional_pdf/construction] structured: 195 logical rows -> 185 lectures
[2026-05-26 17:00:34]   [additional_pdf/power] fetching ენერგ ფაკ. დამატებითი_2025_2026_II_07_04_2026).pdf
[2026-05-26 17:00:35]   [additional_pdf/power] 71228 bytes, parsing PDF
[2026-05-26 17:00:35]   [additional_pdf/power] 2 pages, 6454 text chars
[2026-05-26 17:00:35]   [additional_pdf/power] raw text only
[2026-05-26 17:00:35]   [additional_pdf/mining] fetching სამთო-გეოლოგიური და მთის მდგრადი განვითარების ფაკულტეტი.pdf
[2026-05-26 17:00:35]   [additional_pdf/mining] 51893 bytes, parsing PDF
[2026-05-26 17:00:35]   [additional_pdf/mining] 1 pages, 2197 text chars
[2026-05-26 17:00:35]   [additional_pdf/mining] structured: 9 logical rows -> 8 lectures
[2026-05-26 17:00:35]   [additional_pdf/agrarian] fetching 2025-2026 II აგრარული დამატებითი_16_04_2026.pdf
[2026-05-26 17:00:36]   [additional_pdf/agrarian] 130098 bytes, parsing PDF
[2026-05-26 17:00:36]   [additional_pdf/agrarian] 4 pages, 11664 text chars
[2026-05-26 17:00:36]   [additional_pdf/agrarian] structured: 64 logical rows -> 64 lectures
[2026-05-26 17:00:36]   [additional_pdf/transport] fetching 05 დამატებითი ცხრილი . 23.04.2026.pdf
[2026-05-26 17:00:37]   [additional_pdf/transport] 164850 bytes, parsing PDF
[2026-05-26 17:00:37]   [additional_pdf/transport] 7 pages, 16906 text chars
[2026-05-26 17:00:37]   [additional_pdf/transport] raw text only
[2026-05-26 17:00:37]   [additional_pdf/architecture] fetching ცხრილი დამატ. არქიტექტურის, ურბანისტიკისა და დიზაინის.pdf
[2026-05-26 17:00:37]   [additional_pdf/architecture] 90193 bytes, parsing PDF
[2026-05-26 17:00:37]   [additional_pdf/architecture] 2 pages, 5806 text chars
[2026-05-26 17:00:37]   [additional_pdf/architecture] structured: 18 logical rows -> 15 lectures
[2026-05-26 17:00:37]   [additional_pdf/law] fetching სამართლისა და საერტაშორისო ურთ.დამატებითი ცხრილი_17_04_2026.pdf
[2026-05-26 17:00:38]   [additional_pdf/law] 284550 bytes, parsing PDF
[2026-05-26 17:00:38]   [additional_pdf/law] 9 pages, 16229 text chars
[2026-05-26 17:00:38]   [additional_pdf/law] raw text only
[2026-05-26 17:00:38]   [additional_pdf/ims] fetching იმს დამატებითი სასწავლო კურსების ცხრილი 2025-2026 II სემესტრი 25.05.2026.pdf
[2026-05-26 17:00:39]   [additional_pdf/ims] 204239 bytes, parsing PDF
[2026-05-26 17:00:39]   [additional_pdf/ims] 9 pages, 30012 text chars
[2026-05-26 17:00:40]   [additional_pdf/ims] structured: 159 logical rows -> 135 lectures
[2026-05-26 17:00:40]   [additional_pdf/business] fetching ბიზნესტექნოლოგიები_დამატებითი_17_04_2026.pdf
[2026-05-26 17:00:40]   [additional_pdf/business] 114955 bytes, parsing PDF
[2026-05-26 17:00:40]   [additional_pdf/business] 4 pages, 12300 text chars
[2026-05-26 17:00:41]   [additional_pdf/business] structured: 37 logical rows -> 19 lectures
[2026-05-26 17:00:41]   [additional_pdf/social] fetching დამატებიი ცხრილი სოციალურ მეცნიერებათა ფაკულტეტი 15_05_2026.pdf
[2026-05-26 17:00:41]   [additional_pdf/social] 86807 bytes, parsing PDF
[2026-05-26 17:00:41]   [additional_pdf/social] 1 pages, 2911 text chars
[2026-05-26 17:00:41]   [additional_pdf/social] raw text only
[2026-05-26 17:00:41] additional_pdf: stored 10, failed 0
[2026-05-26 17:00:41] midterm_pdf: no PDFs
[2026-05-26 17:00:41] done in 39.33s
[2026-05-26 22:00:01] fetching homepage
[2026-05-26 22:00:02] discovered 12 links across 2 sections
[2026-05-26 22:00:02] teachers_html: 2 unique source(s)
[2026-05-26 22:00:03]   [http://leqtori.gtu.ge:9000/public/teachers_2025_2026_2_10.html] fetching
[2026-05-26 22:00:04]   fetched 8028694 bytes
[2026-05-26 22:00:06]   parsed 10214 lectures from X კვირის სასწავლო ცხრილი
[2026-05-26 22:00:27]   stored 10214 (deduped 0) into lecture
[2026-05-26 22:00:27]   [http://leqtori.gtu.ge:9000/public/prof_teachers.html] fetching
[2026-05-26 22:00:28]   fetched 111363 bytes
[2026-05-26 22:00:28]   parsed 52 lectures from X კვირის სასწავლო ცხრილი
[2026-05-26 22:00:28]   stored 52 (deduped 0) into lecture
[2026-05-26 22:00:28] teachers totals: 1684 teachers, 4581 subjects, 10266 lectures
[2026-05-26 22:00:28] additional_pdf: 10 PDF(s) to fetch
[2026-05-26 22:00:28]   [additional_pdf/construction] fetching დამატ. ცხრ. -25-26 2 21.04.26 სამშენებლო.pdf
[2026-05-26 22:00:28]   [additional_pdf/construction] 307648 bytes, parsing PDF
[2026-05-26 22:00:29]   [additional_pdf/construction] 14 pages, 52664 text chars
[2026-05-26 22:00:29]   [additional_pdf/construction] structured: 195 logical rows -> 185 lectures
[2026-05-26 22:00:29]   [additional_pdf/power] fetching ენერგ ფაკ. დამატებითი_2025_2026_II_07_04_2026).pdf
[2026-05-26 22:00:30]   [additional_pdf/power] 71228 bytes, parsing PDF
[2026-05-26 22:00:30]   [additional_pdf/power] 2 pages, 6454 text chars
[2026-05-26 22:00:30]   [additional_pdf/power] raw text only
[2026-05-26 22:00:30]   [additional_pdf/mining] fetching სამთო-გეოლოგიური და მთის მდგრადი განვითარების ფაკულტეტი.pdf
[2026-05-26 22:00:30]   [additional_pdf/mining] 51893 bytes, parsing PDF
[2026-05-26 22:00:30]   [additional_pdf/mining] 1 pages, 2197 text chars
[2026-05-26 22:00:30]   [additional_pdf/mining] structured: 9 logical rows -> 8 lectures
[2026-05-26 22:00:30]   [additional_pdf/agrarian] fetching 2025-2026 II აგრარული დამატებითი_16_04_2026.pdf
[2026-05-26 22:00:31]   [additional_pdf/agrarian] 130098 bytes, parsing PDF
[2026-05-26 22:00:31]   [additional_pdf/agrarian] 4 pages, 11664 text chars
[2026-05-26 22:00:31]   [additional_pdf/agrarian] structured: 64 logical rows -> 64 lectures
[2026-05-26 22:00:31]   [additional_pdf/transport] fetching 05 დამატებითი ცხრილი . 23.04.2026.pdf
[2026-05-26 22:00:32]   [additional_pdf/transport] 164850 bytes, parsing PDF
[2026-05-26 22:00:32]   [additional_pdf/transport] 7 pages, 16906 text chars
[2026-05-26 22:00:32]   [additional_pdf/transport] raw text only
[2026-05-26 22:00:32]   [additional_pdf/architecture] fetching ცხრილი დამატ. არქიტექტურის, ურბანისტიკისა და დიზაინის.pdf
[2026-05-26 22:00:32]   [additional_pdf/architecture] 90193 bytes, parsing PDF
[2026-05-26 22:00:32]   [additional_pdf/architecture] 2 pages, 5806 text chars
[2026-05-26 22:00:32]   [additional_pdf/architecture] structured: 18 logical rows -> 15 lectures
[2026-05-26 22:00:32]   [additional_pdf/law] fetching სამართლისა და საერტაშორისო ურთ.დამატებითი ცხრილი_17_04_2026.pdf
[2026-05-26 22:00:33]   [additional_pdf/law] 284550 bytes, parsing PDF
[2026-05-26 22:00:33]   [additional_pdf/law] 9 pages, 16229 text chars
[2026-05-26 22:00:33]   [additional_pdf/law] raw text only
[2026-05-26 22:00:33]   [additional_pdf/ims] fetching იმს დამატებითი სასწავლო კურსების ცხრილი 2025-2026 II სემესტრი 25.05.2026.pdf
[2026-05-26 22:00:34]   [additional_pdf/ims] 204239 bytes, parsing PDF
[2026-05-26 22:00:34]   [additional_pdf/ims] 9 pages, 30012 text chars
[2026-05-26 22:00:35]   [additional_pdf/ims] structured: 159 logical rows -> 135 lectures
[2026-05-26 22:00:35]   [additional_pdf/business] fetching ბიზნესტექნოლოგიები_დამატებითი_17_04_2026.pdf
[2026-05-26 22:00:35]   [additional_pdf/business] 114955 bytes, parsing PDF
[2026-05-26 22:00:35]   [additional_pdf/business] 4 pages, 12300 text chars
[2026-05-26 22:00:35]   [additional_pdf/business] structured: 37 logical rows -> 19 lectures
[2026-05-26 22:00:35]   [additional_pdf/social] fetching დამატებიი ცხრილი სოციალურ მეცნიერებათა ფაკულტეტი 15_05_2026.pdf
[2026-05-26 22:00:36]   [additional_pdf/social] 86807 bytes, parsing PDF
[2026-05-26 22:00:36]   [additional_pdf/social] 1 pages, 2911 text chars
[2026-05-26 22:00:36]   [additional_pdf/social] raw text only
[2026-05-26 22:00:36] additional_pdf: stored 10, failed 0
[2026-05-26 22:00:36] midterm_pdf: no PDFs
[2026-05-26 22:00:36] done in 34.50s
[2026-05-27 02:00:01] fetching homepage
[2026-05-27 02:00:02] discovered 12 links across 2 sections
[2026-05-27 02:00:02] teachers_html: 2 unique source(s)
[2026-05-27 02:00:03]   [http://leqtori.gtu.ge:9000/public/teachers_2025_2026_2_10.html] fetching
[2026-05-27 02:00:05]   fetched 8028694 bytes
[2026-05-27 02:00:08]   parsed 10214 lectures from X კვირის სასწავლო ცხრილი
[2026-05-27 02:01:07]   stored 10214 (deduped 0) into lecture
[2026-05-27 02:01:07]   [http://leqtori.gtu.ge:9000/public/prof_teachers.html] fetching
[2026-05-27 02:01:07]   fetched 111363 bytes
[2026-05-27 02:01:07]   parsed 52 lectures from X კვირის სასწავლო ცხრილი
[2026-05-27 02:01:08]   stored 52 (deduped 0) into lecture
[2026-05-27 02:01:08] teachers totals: 1684 teachers, 4581 subjects, 10266 lectures
[2026-05-27 02:01:08] additional_pdf: 10 PDF(s) to fetch
[2026-05-27 02:01:08]   [additional_pdf/construction] fetching დამატ. ცხრ. -25-26 2 21.04.26 სამშენებლო.pdf
[2026-05-27 02:01:08]   [additional_pdf/construction] 307648 bytes, parsing PDF
[2026-05-27 02:01:09]   [additional_pdf/construction] 14 pages, 52664 text chars
[2026-05-27 02:01:10]   [additional_pdf/construction] structured: 195 logical rows -> 185 lectures
[2026-05-27 02:01:10]   [additional_pdf/power] fetching ენერგ ფაკ. დამატებითი_2025_2026_II_07_04_2026).pdf
[2026-05-27 02:01:10]   [additional_pdf/power] 71228 bytes, parsing PDF
[2026-05-27 02:01:10]   [additional_pdf/power] 2 pages, 6454 text chars
[2026-05-27 02:01:10]   [additional_pdf/power] raw text only
[2026-05-27 02:01:10]   [additional_pdf/mining] fetching სამთო-გეოლოგიური და მთის მდგრადი განვითარების ფაკულტეტი.pdf
[2026-05-27 02:01:11]   [additional_pdf/mining] 51893 bytes, parsing PDF
[2026-05-27 02:01:11]   [additional_pdf/mining] 1 pages, 2197 text chars
[2026-05-27 02:01:11]   [additional_pdf/mining] structured: 9 logical rows -> 8 lectures
[2026-05-27 02:01:11]   [additional_pdf/agrarian] fetching 2025-2026 II აგრარული დამატებითი_16_04_2026.pdf
[2026-05-27 02:01:11]   [additional_pdf/agrarian] 130098 bytes, parsing PDF
[2026-05-27 02:01:11]   [additional_pdf/agrarian] 4 pages, 11664 text chars
[2026-05-27 02:01:12]   [additional_pdf/agrarian] structured: 64 logical rows -> 64 lectures
[2026-05-27 02:01:12]   [additional_pdf/transport] fetching 05 დამატებითი ცხრილი . 23.04.2026.pdf
[2026-05-27 02:01:12]   [additional_pdf/transport] 164850 bytes, parsing PDF
[2026-05-27 02:01:12]   [additional_pdf/transport] 7 pages, 16906 text chars
[2026-05-27 02:01:12]   [additional_pdf/transport] raw text only
[2026-05-27 02:01:12]   [additional_pdf/architecture] fetching ცხრილი დამატ. არქიტექტურის, ურბანისტიკისა და დიზაინის.pdf
[2026-05-27 02:01:13]   [additional_pdf/architecture] 90193 bytes, parsing PDF
[2026-05-27 02:01:13]   [additional_pdf/architecture] 2 pages, 5806 text chars
[2026-05-27 02:01:13]   [additional_pdf/architecture] structured: 18 logical rows -> 15 lectures
[2026-05-27 02:01:13]   [additional_pdf/law] fetching სამართლისა და საერტაშორისო ურთ.დამატებითი ცხრილი_17_04_2026.pdf
[2026-05-27 02:01:14]   [additional_pdf/law] 284550 bytes, parsing PDF
[2026-05-27 02:01:14]   [additional_pdf/law] 9 pages, 16229 text chars
[2026-05-27 02:01:14]   [additional_pdf/law] raw text only
[2026-05-27 02:01:14]   [additional_pdf/ims] fetching იმს დამატებითი სასწავლო კურსების ცხრილი 2025-2026 II სემესტრი 25.05.2026.pdf
[2026-05-27 02:01:15]   [additional_pdf/ims] 204239 bytes, parsing PDF
[2026-05-27 02:01:15]   [additional_pdf/ims] 9 pages, 30012 text chars
[2026-05-27 02:01:16]   [additional_pdf/ims] structured: 159 logical rows -> 135 lectures
[2026-05-27 02:01:16]   [additional_pdf/business] fetching ბიზნესტექნოლოგიები_დამატებითი_17_04_2026.pdf
[2026-05-27 02:01:17]   [additional_pdf/business] 114955 bytes, parsing PDF
[2026-05-27 02:01:17]   [additional_pdf/business] 4 pages, 12300 text chars
[2026-05-27 02:01:17]   [additional_pdf/business] structured: 37 logical rows -> 19 lectures
[2026-05-27 02:01:17]   [additional_pdf/social] fetching დამატებიი ცხრილი სოციალურ მეცნიერებათა ფაკულტეტი 15_05_2026.pdf
[2026-05-27 02:01:17]   [additional_pdf/social] 86807 bytes, parsing PDF
[2026-05-27 02:01:17]   [additional_pdf/social] 1 pages, 2911 text chars
[2026-05-27 02:01:17]   [additional_pdf/social] raw text only
[2026-05-27 02:01:17] additional_pdf: stored 10, failed 0
[2026-05-27 02:01:17] midterm_pdf: no PDFs
[2026-05-27 02:01:17] done in 76.24s
[2026-05-27 07:00:01] fetching homepage
[2026-05-27 07:00:02] discovered 12 links across 2 sections
[2026-05-27 07:00:02] teachers_html: 2 unique source(s)
[2026-05-27 07:00:03]   [http://leqtori.gtu.ge:9000/public/teachers_2025_2026_2_10.html] fetching
[2026-05-27 07:00:04]   fetched 8028694 bytes
[2026-05-27 07:00:06]   parsed 10214 lectures from X კვირის სასწავლო ცხრილი
[2026-05-27 07:00:24]   stored 10214 (deduped 0) into lecture
[2026-05-27 07:00:24]   [http://leqtori.gtu.ge:9000/public/prof_teachers.html] fetching
[2026-05-27 07:00:24]   fetched 111363 bytes
[2026-05-27 07:00:24]   parsed 52 lectures from X კვირის სასწავლო ცხრილი
[2026-05-27 07:00:24]   stored 52 (deduped 0) into lecture
[2026-05-27 07:00:24] teachers totals: 1684 teachers, 4581 subjects, 10266 lectures
[2026-05-27 07:00:24] additional_pdf: 10 PDF(s) to fetch
[2026-05-27 07:00:24]   [additional_pdf/construction] fetching დამატ. ცხრ. -25-26 2 21.04.26 სამშენებლო.pdf
[2026-05-27 07:00:25]   [additional_pdf/construction] 307648 bytes, parsing PDF
[2026-05-27 07:00:25]   [additional_pdf/construction] 14 pages, 52664 text chars
[2026-05-27 07:00:26]   [additional_pdf/construction] structured: 195 logical rows -> 185 lectures
[2026-05-27 07:00:26]   [additional_pdf/power] fetching ენერგ ფაკ. დამატებითი_2025_2026_II_07_04_2026).pdf
[2026-05-27 07:00:27]   [additional_pdf/power] 71228 bytes, parsing PDF
[2026-05-27 07:00:27]   [additional_pdf/power] 2 pages, 6454 text chars
[2026-05-27 07:00:27]   [additional_pdf/power] raw text only
[2026-05-27 07:00:27]   [additional_pdf/mining] fetching სამთო-გეოლოგიური და მთის მდგრადი განვითარების ფაკულტეტი.pdf
[2026-05-27 07:00:27]   [additional_pdf/mining] 51893 bytes, parsing PDF
[2026-05-27 07:00:27]   [additional_pdf/mining] 1 pages, 2197 text chars
[2026-05-27 07:00:27]   [additional_pdf/mining] structured: 9 logical rows -> 8 lectures
[2026-05-27 07:00:27]   [additional_pdf/agrarian] fetching 2025-2026 II აგრარული დამატებითი_16_04_2026.pdf
[2026-05-27 07:00:28]   [additional_pdf/agrarian] 130098 bytes, parsing PDF
[2026-05-27 07:00:28]   [additional_pdf/agrarian] 4 pages, 11664 text chars
[2026-05-27 07:00:28]   [additional_pdf/agrarian] structured: 64 logical rows -> 64 lectures
[2026-05-27 07:00:28]   [additional_pdf/transport] fetching 05 დამატებითი ცხრილი . 23.04.2026.pdf
[2026-05-27 07:00:28]   [additional_pdf/transport] 164850 bytes, parsing PDF
[2026-05-27 07:00:29]   [additional_pdf/transport] 7 pages, 16906 text chars
[2026-05-27 07:00:29]   [additional_pdf/transport] raw text only
[2026-05-27 07:00:29]   [additional_pdf/architecture] fetching ცხრილი დამატ. არქიტექტურის, ურბანისტიკისა და დიზაინის.pdf
[2026-05-27 07:00:29]   [additional_pdf/architecture] 90193 bytes, parsing PDF
[2026-05-27 07:00:29]   [additional_pdf/architecture] 2 pages, 5806 text chars
[2026-05-27 07:00:29]   [additional_pdf/architecture] structured: 18 logical rows -> 15 lectures
[2026-05-27 07:00:29]   [additional_pdf/law] fetching სამართლისა და საერტაშორისო ურთ.დამატებითი ცხრილი_17_04_2026.pdf
[2026-05-27 07:00:30]   [additional_pdf/law] 284550 bytes, parsing PDF
[2026-05-27 07:00:30]   [additional_pdf/law] 9 pages, 16229 text chars
[2026-05-27 07:00:30]   [additional_pdf/law] raw text only
[2026-05-27 07:00:30]   [additional_pdf/ims] fetching იმს დამატებითი სასწავლო კურსების ცხრილი 2025-2026 II სემესტრი 25.05.2026.pdf
[2026-05-27 07:00:31]   [additional_pdf/ims] 204239 bytes, parsing PDF
[2026-05-27 07:00:31]   [additional_pdf/ims] 9 pages, 30012 text chars
[2026-05-27 07:00:31]   [additional_pdf/ims] structured: 159 logical rows -> 135 lectures
[2026-05-27 07:00:31]   [additional_pdf/business] fetching ბიზნესტექნოლოგიები_დამატებითი_17_04_2026.pdf
[2026-05-27 07:00:32]   [additional_pdf/business] 114955 bytes, parsing PDF
[2026-05-27 07:00:32]   [additional_pdf/business] 4 pages, 12300 text chars
[2026-05-27 07:00:32]   [additional_pdf/business] structured: 37 logical rows -> 19 lectures
[2026-05-27 07:00:32]   [additional_pdf/social] fetching დამატებიი ცხრილი სოციალურ მეცნიერებათა ფაკულტეტი 15_05_2026.pdf
[2026-05-27 07:00:32]   [additional_pdf/social] 86807 bytes, parsing PDF
[2026-05-27 07:00:32]   [additional_pdf/social] 1 pages, 2911 text chars
[2026-05-27 07:00:32]   [additional_pdf/social] raw text only
[2026-05-27 07:00:32] additional_pdf: stored 10, failed 0
[2026-05-27 07:00:32] midterm_pdf: no PDFs
[2026-05-27 07:00:32] done in 31.56s
[2026-05-27 12:00:01] fetching homepage
[2026-05-27 12:00:02] discovered 12 links across 2 sections
[2026-05-27 12:00:02] teachers_html: 2 unique source(s)
[2026-05-27 12:00:03]   [http://leqtori.gtu.ge:9000/public/teachers_2025_2026_2_10.html] fetching
[2026-05-27 12:00:05]   fetched 8028694 bytes
[2026-05-27 12:00:06]   parsed 10214 lectures from X კვირის სასწავლო ცხრილი
[2026-05-27 12:00:23]   stored 10214 (deduped 0) into lecture
[2026-05-27 12:00:23]   [http://leqtori.gtu.ge:9000/public/prof_teachers.html] fetching
[2026-05-27 12:00:24]   fetched 111363 bytes
[2026-05-27 12:00:24]   parsed 52 lectures from X კვირის სასწავლო ცხრილი
[2026-05-27 12:00:24]   stored 52 (deduped 0) into lecture
[2026-05-27 12:00:24] teachers totals: 1684 teachers, 4581 subjects, 10266 lectures
[2026-05-27 12:00:24] additional_pdf: 10 PDF(s) to fetch
[2026-05-27 12:00:24]   [additional_pdf/construction] fetching დამატ. ცხრ. -25-26 2 21.04.26 სამშენებლო.pdf
[2026-05-27 12:00:24]   [additional_pdf/construction] 307648 bytes, parsing PDF
[2026-05-27 12:00:25]   [additional_pdf/construction] 14 pages, 52664 text chars
[2026-05-27 12:00:25]   [additional_pdf/construction] structured: 195 logical rows -> 185 lectures
[2026-05-27 12:00:25]   [additional_pdf/power] fetching ენერგ ფაკ. დამატებითი_2025_2026_II_07_04_2026).pdf
[2026-05-27 12:00:26]   [additional_pdf/power] 71228 bytes, parsing PDF
[2026-05-27 12:00:26]   [additional_pdf/power] 2 pages, 6454 text chars
[2026-05-27 12:00:26]   [additional_pdf/power] raw text only
[2026-05-27 12:00:26]   [additional_pdf/mining] fetching სამთო-გეოლოგიური და მთის მდგრადი განვითარების ფაკულტეტი.pdf
[2026-05-27 12:00:26]   [additional_pdf/mining] 51893 bytes, parsing PDF
[2026-05-27 12:00:26]   [additional_pdf/mining] 1 pages, 2197 text chars
[2026-05-27 12:00:26]   [additional_pdf/mining] structured: 9 logical rows -> 8 lectures
[2026-05-27 12:00:26]   [additional_pdf/agrarian] fetching 2025-2026 II აგრარული დამატებითი_16_04_2026.pdf
[2026-05-27 12:00:27]   [additional_pdf/agrarian] 130098 bytes, parsing PDF
[2026-05-27 12:00:27]   [additional_pdf/agrarian] 4 pages, 11664 text chars
[2026-05-27 12:00:27]   [additional_pdf/agrarian] structured: 64 logical rows -> 64 lectures
[2026-05-27 12:00:27]   [additional_pdf/transport] fetching 05 დამატებითი ცხრილი . 23.04.2026.pdf
[2026-05-27 12:00:28]   [additional_pdf/transport] 164850 bytes, parsing PDF
[2026-05-27 12:00:28]   [additional_pdf/transport] 7 pages, 16906 text chars
[2026-05-27 12:00:28]   [additional_pdf/transport] raw text only
[2026-05-27 12:00:28]   [additional_pdf/architecture] fetching ცხრილი დამატ. არქიტექტურის, ურბანისტიკისა და დიზაინის.pdf
[2026-05-27 12:00:28]   [additional_pdf/architecture] 90193 bytes, parsing PDF
[2026-05-27 12:00:28]   [additional_pdf/architecture] 2 pages, 5806 text chars
[2026-05-27 12:00:28]   [additional_pdf/architecture] structured: 18 logical rows -> 15 lectures
[2026-05-27 12:00:28]   [additional_pdf/law] fetching სამართლისა და საერტაშორისო ურთ.დამატებითი ცხრილი_17_04_2026.pdf
[2026-05-27 12:00:29]   [additional_pdf/law] 284550 bytes, parsing PDF
[2026-05-27 12:00:29]   [additional_pdf/law] 9 pages, 16229 text chars
[2026-05-27 12:00:29]   [additional_pdf/law] raw text only
[2026-05-27 12:00:29]   [additional_pdf/ims] fetching იმს დამატებითი სასწავლო კურსების ცხრილი 2025-2026 II სემესტრი 25.05.2026.pdf
[2026-05-27 12:00:30]   [additional_pdf/ims] 204239 bytes, parsing PDF
[2026-05-27 12:00:30]   [additional_pdf/ims] 9 pages, 30012 text chars
[2026-05-27 12:00:31]   [additional_pdf/ims] structured: 159 logical rows -> 135 lectures
[2026-05-27 12:00:31]   [additional_pdf/business] fetching ბიზნესტექნოლოგიები_დამატებითი_17_04_2026.pdf
[2026-05-27 12:00:31]   [additional_pdf/business] 114955 bytes, parsing PDF
[2026-05-27 12:00:31]   [additional_pdf/business] 4 pages, 12300 text chars
[2026-05-27 12:00:31]   [additional_pdf/business] structured: 37 logical rows -> 19 lectures
[2026-05-27 12:00:31]   [additional_pdf/social] fetching დამატებიი ცხრილი სოციალურ მეცნიერებათა ფაკულტეტი 15_05_2026.pdf
[2026-05-27 12:00:32]   [additional_pdf/social] 86807 bytes, parsing PDF
[2026-05-27 12:00:32]   [additional_pdf/social] 1 pages, 2911 text chars
[2026-05-27 12:00:32]   [additional_pdf/social] raw text only
[2026-05-27 12:00:32] additional_pdf: stored 10, failed 0
[2026-05-27 12:00:32] midterm_pdf: no PDFs
[2026-05-27 12:00:32] done in 30.21s
[2026-05-27 17:00:01] fetching homepage
[2026-05-27 17:00:02] discovered 12 links across 2 sections
[2026-05-27 17:00:02] teachers_html: 2 unique source(s)
[2026-05-27 17:00:03]   [http://leqtori.gtu.ge:9000/public/teachers_2025_2026_2_10.html] fetching
[2026-05-27 17:00:05]   fetched 8028694 bytes
[2026-05-27 17:00:07]   parsed 10214 lectures from X კვირის სასწავლო ცხრილი
[2026-05-27 17:00:28]   stored 10214 (deduped 0) into lecture
[2026-05-27 17:00:28]   [http://leqtori.gtu.ge:9000/public/prof_teachers.html] fetching
[2026-05-27 17:00:28]   fetched 111363 bytes
[2026-05-27 17:00:28]   parsed 52 lectures from X კვირის სასწავლო ცხრილი
[2026-05-27 17:00:28]   stored 52 (deduped 0) into lecture
[2026-05-27 17:00:28] teachers totals: 1684 teachers, 4581 subjects, 10266 lectures
[2026-05-27 17:00:28] additional_pdf: 10 PDF(s) to fetch
[2026-05-27 17:00:28]   [additional_pdf/construction] fetching დამატ. ცხრ. -25-26 2 21.04.26 სამშენებლო.pdf
[2026-05-27 17:00:29]   [additional_pdf/construction] 307648 bytes, parsing PDF
[2026-05-27 17:00:29]   [additional_pdf/construction] 14 pages, 52664 text chars
[2026-05-27 17:00:30]   [additional_pdf/construction] structured: 195 logical rows -> 185 lectures
[2026-05-27 17:00:30]   [additional_pdf/power] fetching ენერგ ფაკ. დამატებითი_2025_2026_II_07_04_2026).pdf
[2026-05-27 17:00:31]   [additional_pdf/power] 71228 bytes, parsing PDF
[2026-05-27 17:00:31]   [additional_pdf/power] 2 pages, 6454 text chars
[2026-05-27 17:00:31]   [additional_pdf/power] raw text only
[2026-05-27 17:00:31]   [additional_pdf/mining] fetching სამთო-გეოლოგიური და მთის მდგრადი განვითარების ფაკულტეტი.pdf
[2026-05-27 17:00:31]   [additional_pdf/mining] 51893 bytes, parsing PDF
[2026-05-27 17:00:31]   [additional_pdf/mining] 1 pages, 2197 text chars
[2026-05-27 17:00:31]   [additional_pdf/mining] structured: 9 logical rows -> 8 lectures
[2026-05-27 17:00:31]   [additional_pdf/agrarian] fetching 2025-2026 II აგრარული დამატებითი_16_04_2026.pdf
[2026-05-27 17:00:32]   [additional_pdf/agrarian] 130098 bytes, parsing PDF
[2026-05-27 17:00:32]   [additional_pdf/agrarian] 4 pages, 11664 text chars
[2026-05-27 17:00:32]   [additional_pdf/agrarian] structured: 64 logical rows -> 64 lectures
[2026-05-27 17:00:32]   [additional_pdf/transport] fetching 05 დამატებითი ცხრილი . 23.04.2026.pdf
[2026-05-27 17:00:33]   [additional_pdf/transport] 164850 bytes, parsing PDF
[2026-05-27 17:00:33]   [additional_pdf/transport] 7 pages, 16906 text chars
[2026-05-27 17:00:33]   [additional_pdf/transport] raw text only
[2026-05-27 17:00:33]   [additional_pdf/architecture] fetching ცხრილი დამატ. არქიტექტურის, ურბანისტიკისა და დიზაინის.pdf
[2026-05-27 17:00:33]   [additional_pdf/architecture] 90193 bytes, parsing PDF
[2026-05-27 17:00:33]   [additional_pdf/architecture] 2 pages, 5806 text chars
[2026-05-27 17:00:33]   [additional_pdf/architecture] structured: 18 logical rows -> 15 lectures
[2026-05-27 17:00:33]   [additional_pdf/law] fetching სამართლისა და საერტაშორისო ურთ.დამატებითი ცხრილი_17_04_2026.pdf
[2026-05-27 17:00:34]   [additional_pdf/law] 284550 bytes, parsing PDF
[2026-05-27 17:00:34]   [additional_pdf/law] 9 pages, 16229 text chars
[2026-05-27 17:00:34]   [additional_pdf/law] raw text only
[2026-05-27 17:00:34]   [additional_pdf/ims] fetching იმს დამატებითი სასწავლო კურსების ცხრილი 2025-2026 II სემესტრი 25.05.2026.pdf
[2026-05-27 17:00:35]   [additional_pdf/ims] 204239 bytes, parsing PDF
[2026-05-27 17:00:35]   [additional_pdf/ims] 9 pages, 30012 text chars
[2026-05-27 17:00:36]   [additional_pdf/ims] structured: 159 logical rows -> 135 lectures
[2026-05-27 17:00:36]   [additional_pdf/business] fetching ბიზნესტექნოლოგიები_დამატებითი_17_04_2026.pdf
[2026-05-27 17:00:36]   [additional_pdf/business] 114955 bytes, parsing PDF
[2026-05-27 17:00:36]   [additional_pdf/business] 4 pages, 12300 text chars
[2026-05-27 17:00:36]   [additional_pdf/business] structured: 37 logical rows -> 19 lectures
[2026-05-27 17:00:36]   [additional_pdf/social] fetching დამატებიი ცხრილი სოციალურ მეცნიერებათა ფაკულტეტი 15_05_2026.pdf
[2026-05-27 17:00:37]   [additional_pdf/social] 86807 bytes, parsing PDF
[2026-05-27 17:00:37]   [additional_pdf/social] 1 pages, 2911 text chars
[2026-05-27 17:00:37]   [additional_pdf/social] raw text only
[2026-05-27 17:00:37] additional_pdf: stored 10, failed 0
[2026-05-27 17:00:37] midterm_pdf: no PDFs
[2026-05-27 17:00:37] done in 35.71s
[2026-05-27 22:00:01] fetching homepage
[2026-05-27 22:00:02] discovered 12 links across 2 sections
[2026-05-27 22:00:02] teachers_html: 2 unique source(s)
[2026-05-27 22:00:02]   [http://leqtori.gtu.ge:9000/public/teachers_2025_2026_2_10.html] fetching
[2026-05-27 22:00:04]   fetched 8028694 bytes
[2026-05-27 22:00:06]   parsed 10214 lectures from X კვირის სასწავლო ცხრილი
[2026-05-27 22:00:25]   stored 10214 (deduped 0) into lecture
[2026-05-27 22:00:25]   [http://leqtori.gtu.ge:9000/public/prof_teachers.html] fetching
[2026-05-27 22:00:26]   fetched 111363 bytes
[2026-05-27 22:00:26]   parsed 52 lectures from X კვირის სასწავლო ცხრილი
[2026-05-27 22:00:26]   stored 52 (deduped 0) into lecture
[2026-05-27 22:00:26] teachers totals: 1684 teachers, 4581 subjects, 10266 lectures
[2026-05-27 22:00:26] additional_pdf: 10 PDF(s) to fetch
[2026-05-27 22:00:26]   [additional_pdf/construction] fetching დამატ. ცხრ. -25-26 2 21.04.26 სამშენებლო.pdf
[2026-05-27 22:00:26]   [additional_pdf/construction] 307648 bytes, parsing PDF
[2026-05-27 22:00:27]   [additional_pdf/construction] 14 pages, 52664 text chars
[2026-05-27 22:00:27]   [additional_pdf/construction] structured: 195 logical rows -> 185 lectures
[2026-05-27 22:00:27]   [additional_pdf/power] fetching ენერგ ფაკ. დამატებითი_2025_2026_II_07_04_2026).pdf
[2026-05-27 22:00:28]   [additional_pdf/power] 71228 bytes, parsing PDF
[2026-05-27 22:00:28]   [additional_pdf/power] 2 pages, 6454 text chars
[2026-05-27 22:00:28]   [additional_pdf/power] raw text only
[2026-05-27 22:00:28]   [additional_pdf/mining] fetching სამთო-გეოლოგიური და მთის მდგრადი განვითარების ფაკულტეტი.pdf
[2026-05-27 22:00:29]   [additional_pdf/mining] 51893 bytes, parsing PDF
[2026-05-27 22:00:29]   [additional_pdf/mining] 1 pages, 2197 text chars
[2026-05-27 22:00:29]   [additional_pdf/mining] structured: 9 logical rows -> 8 lectures
[2026-05-27 22:00:29]   [additional_pdf/agrarian] fetching 2025-2026 II აგრარული დამატებითი_16_04_2026.pdf
[2026-05-27 22:00:29]   [additional_pdf/agrarian] 130098 bytes, parsing PDF
[2026-05-27 22:00:29]   [additional_pdf/agrarian] 4 pages, 11664 text chars
[2026-05-27 22:00:29]   [additional_pdf/agrarian] structured: 64 logical rows -> 64 lectures
[2026-05-27 22:00:29]   [additional_pdf/transport] fetching 05 დამატებითი ცხრილი . 23.04.2026.pdf
[2026-05-27 22:00:30]   [additional_pdf/transport] 164850 bytes, parsing PDF
[2026-05-27 22:00:30]   [additional_pdf/transport] 7 pages, 16906 text chars
[2026-05-27 22:00:30]   [additional_pdf/transport] raw text only
[2026-05-27 22:00:30]   [additional_pdf/architecture] fetching ცხრილი დამატ. არქიტექტურის, ურბანისტიკისა და დიზაინის.pdf
[2026-05-27 22:00:30]   [additional_pdf/architecture] 90193 bytes, parsing PDF
[2026-05-27 22:00:30]   [additional_pdf/architecture] 2 pages, 5806 text chars
[2026-05-27 22:00:30]   [additional_pdf/architecture] structured: 18 logical rows -> 15 lectures
[2026-05-27 22:00:30]   [additional_pdf/law] fetching სამართლისა და საერტაშორისო ურთ.დამატებითი ცხრილი_17_04_2026.pdf
[2026-05-27 22:00:31]   [additional_pdf/law] 284550 bytes, parsing PDF
[2026-05-27 22:00:31]   [additional_pdf/law] 9 pages, 16229 text chars
[2026-05-27 22:00:31]   [additional_pdf/law] raw text only
[2026-05-27 22:00:31]   [additional_pdf/ims] fetching იმს დამატებითი სასწავლო კურსების ცხრილი 2025-2026 II სემესტრი 25.05.2026.pdf
[2026-05-27 22:00:32]   [additional_pdf/ims] 204239 bytes, parsing PDF
[2026-05-27 22:00:32]   [additional_pdf/ims] 9 pages, 30012 text chars
[2026-05-27 22:00:33]   [additional_pdf/ims] structured: 159 logical rows -> 135 lectures
[2026-05-27 22:00:33]   [additional_pdf/business] fetching ბიზნესტექნოლოგიები_დამატებითი_17_04_2026.pdf
[2026-05-27 22:00:33]   [additional_pdf/business] 114955 bytes, parsing PDF
[2026-05-27 22:00:33]   [additional_pdf/business] 4 pages, 12300 text chars
[2026-05-27 22:00:33]   [additional_pdf/business] structured: 37 logical rows -> 19 lectures
[2026-05-27 22:00:33]   [additional_pdf/social] fetching დამატებიი ცხრილი სოციალურ მეცნიერებათა ფაკულტეტი 15_05_2026.pdf
[2026-05-27 22:00:34]   [additional_pdf/social] 86807 bytes, parsing PDF
[2026-05-27 22:00:34]   [additional_pdf/social] 1 pages, 2911 text chars
[2026-05-27 22:00:34]   [additional_pdf/social] raw text only
[2026-05-27 22:00:34] additional_pdf: stored 10, failed 0
[2026-05-27 22:00:34] midterm_pdf: no PDFs
[2026-05-27 22:00:34] done in 32.90s
[2026-05-28 02:00:01] fetching homepage
[2026-05-28 02:00:03] discovered 12 links across 2 sections
[2026-05-28 02:00:03] teachers_html: 2 unique source(s)
[2026-05-28 02:00:16]   [http://leqtori.gtu.ge:9000/public/teachers_2025_2026_2_10.html] fetching
[2026-05-28 02:00:17]   fetched 8028694 bytes
[2026-05-28 02:00:20]   parsed 10214 lectures from X კვირის სასწავლო ცხრილი
[2026-05-28 02:00:59]   stored 10214 (deduped 0) into lecture
[2026-05-28 02:00:59]   [http://leqtori.gtu.ge:9000/public/prof_teachers.html] fetching
[2026-05-28 02:00:59]   fetched 111363 bytes
[2026-05-28 02:00:59]   parsed 52 lectures from X კვირის სასწავლო ცხრილი
[2026-05-28 02:01:00]   stored 52 (deduped 0) into lecture
[2026-05-28 02:01:00] teachers totals: 1684 teachers, 4581 subjects, 10266 lectures
[2026-05-28 02:01:00] additional_pdf: 10 PDF(s) to fetch
[2026-05-28 02:01:00]   [additional_pdf/construction] fetching დამატ. ცხრ. -25-26 2 21.04.26 სამშენებლო.pdf
[2026-05-28 02:01:00]   [additional_pdf/construction] 307648 bytes, parsing PDF
[2026-05-28 02:01:01]   [additional_pdf/construction] 14 pages, 52664 text chars
[2026-05-28 02:01:03]   [additional_pdf/construction] structured: 195 logical rows -> 185 lectures
[2026-05-28 02:01:03]   [additional_pdf/power] fetching ენერგ ფაკ. დამატებითი_2025_2026_II_07_04_2026).pdf
[2026-05-28 02:01:03]   [additional_pdf/power] 71228 bytes, parsing PDF
[2026-05-28 02:01:03]   [additional_pdf/power] 2 pages, 6454 text chars
[2026-05-28 02:01:03]   [additional_pdf/power] raw text only
[2026-05-28 02:01:03]   [additional_pdf/mining] fetching სამთო-გეოლოგიური და მთის მდგრადი განვითარების ფაკულტეტი.pdf
[2026-05-28 02:01:04]   [additional_pdf/mining] 51893 bytes, parsing PDF
[2026-05-28 02:01:04]   [additional_pdf/mining] 1 pages, 2197 text chars
[2026-05-28 02:01:04]   [additional_pdf/mining] structured: 9 logical rows -> 8 lectures
[2026-05-28 02:01:04]   [additional_pdf/agrarian] fetching 2025-2026 II აგრარული დამატებითი_16_04_2026.pdf
[2026-05-28 02:01:04]   [additional_pdf/agrarian] 130098 bytes, parsing PDF
[2026-05-28 02:01:04]   [additional_pdf/agrarian] 4 pages, 11664 text chars
[2026-05-28 02:01:04]   [additional_pdf/agrarian] structured: 64 logical rows -> 64 lectures
[2026-05-28 02:01:04]   [additional_pdf/transport] fetching 05 დამატებითი ცხრილი . 23.04.2026.pdf
[2026-05-28 02:01:05]   [additional_pdf/transport] 164850 bytes, parsing PDF
[2026-05-28 02:01:05]   [additional_pdf/transport] 7 pages, 16906 text chars
[2026-05-28 02:01:05]   [additional_pdf/transport] raw text only
[2026-05-28 02:01:05]   [additional_pdf/architecture] fetching ცხრილი დამატ. არქიტექტურის, ურბანისტიკისა და დიზაინის.pdf
[2026-05-28 02:01:06]   [additional_pdf/architecture] 90193 bytes, parsing PDF
[2026-05-28 02:01:06]   [additional_pdf/architecture] 2 pages, 5806 text chars
[2026-05-28 02:01:06]   [additional_pdf/architecture] structured: 18 logical rows -> 15 lectures
[2026-05-28 02:01:06]   [additional_pdf/law] fetching სამართლისა და საერტაშორისო ურთ.დამატებითი ცხრილი_17_04_2026.pdf
[2026-05-28 02:01:07]   [additional_pdf/law] 284550 bytes, parsing PDF
[2026-05-28 02:01:07]   [additional_pdf/law] 9 pages, 16229 text chars
[2026-05-28 02:01:07]   [additional_pdf/law] raw text only
[2026-05-28 02:01:07]   [additional_pdf/ims] fetching იმს დამატებითი სასწავლო კურსების ცხრილი 2025-2026 II სემესტრი 25.05.2026.pdf
[2026-05-28 02:01:07]   [additional_pdf/ims] 204239 bytes, parsing PDF
[2026-05-28 02:01:08]   [additional_pdf/ims] 9 pages, 30012 text chars
[2026-05-28 02:01:08]   [additional_pdf/ims] structured: 159 logical rows -> 135 lectures
[2026-05-28 02:01:08]   [additional_pdf/business] fetching ბიზნესტექნოლოგიები_დამატებითი_17_04_2026.pdf
[2026-05-28 02:01:09]   [additional_pdf/business] 114955 bytes, parsing PDF
[2026-05-28 02:01:09]   [additional_pdf/business] 4 pages, 12300 text chars
[2026-05-28 02:01:09]   [additional_pdf/business] structured: 37 logical rows -> 19 lectures
[2026-05-28 02:01:09]   [additional_pdf/social] fetching დამატებიი ცხრილი სოციალურ მეცნიერებათა ფაკულტეტი 15_05_2026.pdf
[2026-05-28 02:01:09]   [additional_pdf/social] 86807 bytes, parsing PDF
[2026-05-28 02:01:09]   [additional_pdf/social] 1 pages, 2911 text chars
[2026-05-28 02:01:09]   [additional_pdf/social] raw text only
[2026-05-28 02:01:09] additional_pdf: stored 10, failed 0
[2026-05-28 02:01:09] midterm_pdf: no PDFs
[2026-05-28 02:01:09] done in 68.19s
[2026-05-28 07:00:02] fetching homepage
[2026-05-28 07:00:03] discovered 12 links across 2 sections
[2026-05-28 07:00:03] teachers_html: 2 unique source(s)
[2026-05-28 07:00:04]   [http://leqtori.gtu.ge:9000/public/teachers_2025_2026_2_10.html] fetching
[2026-05-28 07:00:05]   fetched 8028694 bytes
[2026-05-28 07:00:07]   parsed 10214 lectures from X კვირის სასწავლო ცხრილი
[2026-05-28 07:00:35]   stored 10214 (deduped 0) into lecture
[2026-05-28 07:00:35]   [http://leqtori.gtu.ge:9000/public/prof_teachers.html] fetching
[2026-05-28 07:00:36]   fetched 111363 bytes
[2026-05-28 07:00:36]   parsed 52 lectures from X კვირის სასწავლო ცხრილი
[2026-05-28 07:00:36]   stored 52 (deduped 0) into lecture
[2026-05-28 07:00:36] teachers totals: 1684 teachers, 4581 subjects, 10266 lectures
[2026-05-28 07:00:36] additional_pdf: 10 PDF(s) to fetch
[2026-05-28 07:00:36]   [additional_pdf/construction] fetching დამატ. ცხრ. -25-26 2 21.04.26 სამშენებლო.pdf
[2026-05-28 07:00:37]   [additional_pdf/construction] 307648 bytes, parsing PDF
[2026-05-28 07:00:37]   [additional_pdf/construction] 14 pages, 52664 text chars
[2026-05-28 07:00:38]   [additional_pdf/construction] structured: 195 logical rows -> 185 lectures
[2026-05-28 07:00:38]   [additional_pdf/power] fetching ენერგ ფაკ. დამატებითი_2025_2026_II_07_04_2026).pdf
[2026-05-28 07:00:38]   [additional_pdf/power] 71228 bytes, parsing PDF
[2026-05-28 07:00:39]   [additional_pdf/power] 2 pages, 6454 text chars
[2026-05-28 07:00:39]   [additional_pdf/power] raw text only
[2026-05-28 07:00:39]   [additional_pdf/mining] fetching სამთო-გეოლოგიური და მთის მდგრადი განვითარების ფაკულტეტი.pdf
[2026-05-28 07:00:39]   [additional_pdf/mining] 51893 bytes, parsing PDF
[2026-05-28 07:00:39]   [additional_pdf/mining] 1 pages, 2197 text chars
[2026-05-28 07:00:39]   [additional_pdf/mining] structured: 9 logical rows -> 8 lectures
[2026-05-28 07:00:39]   [additional_pdf/agrarian] fetching 2025-2026 II აგრარული დამატებითი_16_04_2026.pdf
[2026-05-28 07:00:40]   [additional_pdf/agrarian] 130098 bytes, parsing PDF
[2026-05-28 07:00:40]   [additional_pdf/agrarian] 4 pages, 11664 text chars
[2026-05-28 07:00:40]   [additional_pdf/agrarian] structured: 64 logical rows -> 64 lectures
[2026-05-28 07:00:40]   [additional_pdf/transport] fetching 05 დამატებითი ცხრილი . 23.04.2026.pdf
[2026-05-28 07:00:40]   [additional_pdf/transport] 164850 bytes, parsing PDF
[2026-05-28 07:00:40]   [additional_pdf/transport] 7 pages, 16906 text chars
[2026-05-28 07:00:40]   [additional_pdf/transport] raw text only
[2026-05-28 07:00:40]   [additional_pdf/architecture] fetching ცხრილი დამატ. არქიტექტურის, ურბანისტიკისა და დიზაინის.pdf
[2026-05-28 07:00:41]   [additional_pdf/architecture] 90193 bytes, parsing PDF
[2026-05-28 07:00:41]   [additional_pdf/architecture] 2 pages, 5806 text chars
[2026-05-28 07:00:41]   [additional_pdf/architecture] structured: 18 logical rows -> 15 lectures
[2026-05-28 07:00:41]   [additional_pdf/law] fetching სამართლისა და საერტაშორისო ურთ.დამატებითი ცხრილი_17_04_2026.pdf
[2026-05-28 07:00:42]   [additional_pdf/law] 284550 bytes, parsing PDF
[2026-05-28 07:00:42]   [additional_pdf/law] 9 pages, 16229 text chars
[2026-05-28 07:00:42]   [additional_pdf/law] raw text only
[2026-05-28 07:00:42]   [additional_pdf/ims] fetching იმს დამატებითი სასწავლო კურსების ცხრილი 2025-2026 II სემესტრი 25.05.2026.pdf
[2026-05-28 07:00:42]   [additional_pdf/ims] 204239 bytes, parsing PDF
[2026-05-28 07:00:43]   [additional_pdf/ims] 9 pages, 30012 text chars
[2026-05-28 07:00:43]   [additional_pdf/ims] structured: 159 logical rows -> 135 lectures
[2026-05-28 07:00:43]   [additional_pdf/business] fetching ბიზნესტექნოლოგიები_დამატებითი_17_04_2026.pdf
[2026-05-28 07:00:44]   [additional_pdf/business] 114955 bytes, parsing PDF
[2026-05-28 07:00:44]   [additional_pdf/business] 4 pages, 12300 text chars
[2026-05-28 07:00:44]   [additional_pdf/business] structured: 37 logical rows -> 19 lectures
[2026-05-28 07:00:44]   [additional_pdf/social] fetching დამატებიი ცხრილი სოციალურ მეცნიერებათა ფაკულტეტი 15_05_2026.pdf
[2026-05-28 07:00:44]   [additional_pdf/social] 86807 bytes, parsing PDF
[2026-05-28 07:00:44]   [additional_pdf/social] 1 pages, 2911 text chars
[2026-05-28 07:00:44]   [additional_pdf/social] raw text only
[2026-05-28 07:00:44] additional_pdf: stored 10, failed 0
[2026-05-28 07:00:44] midterm_pdf: no PDFs
[2026-05-28 07:00:44] done in 42.92s
[2026-05-28 12:00:01] fetching homepage
[2026-05-28 12:00:02] discovered 12 links across 2 sections
[2026-05-28 12:00:02] teachers_html: 2 unique source(s)
[2026-05-28 12:00:03]   [http://leqtori.gtu.ge:9000/public/teachers_2025_2026_2_10.html] fetching
[2026-05-28 12:00:05]   fetched 8028694 bytes
[2026-05-28 12:00:06]   parsed 10214 lectures from X კვირის სასწავლო ცხრილი
[2026-05-28 12:00:26]   stored 10214 (deduped 0) into lecture
[2026-05-28 12:00:26]   [http://leqtori.gtu.ge:9000/public/prof_teachers.html] fetching
[2026-05-28 12:00:27]   fetched 111363 bytes
[2026-05-28 12:00:27]   parsed 52 lectures from X კვირის სასწავლო ცხრილი
[2026-05-28 12:00:27]   stored 52 (deduped 0) into lecture
[2026-05-28 12:00:27] teachers totals: 1684 teachers, 4581 subjects, 10266 lectures
[2026-05-28 12:00:27] additional_pdf: 10 PDF(s) to fetch
[2026-05-28 12:00:27]   [additional_pdf/construction] fetching დამატ. ცხრ. -25-26 2 21.04.26 სამშენებლო.pdf
[2026-05-28 12:00:27]   [additional_pdf/construction] 307648 bytes, parsing PDF
[2026-05-28 12:00:28]   [additional_pdf/construction] 14 pages, 52664 text chars
[2026-05-28 12:00:28]   [additional_pdf/construction] structured: 195 logical rows -> 185 lectures
[2026-05-28 12:00:28]   [additional_pdf/power] fetching ენერგ ფაკ. დამატებითი_2025_2026_II_07_04_2026).pdf
[2026-05-28 12:00:29]   [additional_pdf/power] 71228 bytes, parsing PDF
[2026-05-28 12:00:29]   [additional_pdf/power] 2 pages, 6454 text chars
[2026-05-28 12:00:29]   [additional_pdf/power] raw text only
[2026-05-28 12:00:29]   [additional_pdf/mining] fetching სამთო-გეოლოგიური და მთის მდგრადი განვითარების ფაკულტეტი.pdf
[2026-05-28 12:00:30]   [additional_pdf/mining] 51893 bytes, parsing PDF
[2026-05-28 12:00:30]   [additional_pdf/mining] 1 pages, 2197 text chars
[2026-05-28 12:00:30]   [additional_pdf/mining] structured: 9 logical rows -> 8 lectures
[2026-05-28 12:00:30]   [additional_pdf/agrarian] fetching 2025-2026 II აგრარული დამატებითი_16_04_2026.pdf
[2026-05-28 12:00:30]   [additional_pdf/agrarian] 130098 bytes, parsing PDF
[2026-05-28 12:00:30]   [additional_pdf/agrarian] 4 pages, 11664 text chars
[2026-05-28 12:00:30]   [additional_pdf/agrarian] structured: 64 logical rows -> 64 lectures
[2026-05-28 12:00:30]   [additional_pdf/transport] fetching 05 დამატებითი ცხრილი . 23.04.2026.pdf
[2026-05-28 12:00:31]   [additional_pdf/transport] 164850 bytes, parsing PDF
[2026-05-28 12:00:31]   [additional_pdf/transport] 7 pages, 16906 text chars
[2026-05-28 12:00:31]   [additional_pdf/transport] raw text only
[2026-05-28 12:00:31]   [additional_pdf/architecture] fetching ცხრილი დამატ. არქიტექტურის, ურბანისტიკისა და დიზაინის.pdf
[2026-05-28 12:00:31]   [additional_pdf/architecture] 90193 bytes, parsing PDF
[2026-05-28 12:00:31]   [additional_pdf/architecture] 2 pages, 5806 text chars
[2026-05-28 12:00:31]   [additional_pdf/architecture] structured: 18 logical rows -> 15 lectures
[2026-05-28 12:00:31]   [additional_pdf/law] fetching სამართლისა და საერტაშორისო ურთ.დამატებითი ცხრილი_17_04_2026.pdf
[2026-05-28 12:00:32]   [additional_pdf/law] 284550 bytes, parsing PDF
[2026-05-28 12:00:32]   [additional_pdf/law] 9 pages, 16229 text chars
[2026-05-28 12:00:32]   [additional_pdf/law] raw text only
[2026-05-28 12:00:32]   [additional_pdf/ims] fetching იმს დამატებითი სასწავლო კურსების ცხრილი 2025-2026 II სემესტრი 25.05.2026.pdf
[2026-05-28 12:00:33]   [additional_pdf/ims] 204239 bytes, parsing PDF
[2026-05-28 12:00:33]   [additional_pdf/ims] 9 pages, 30012 text chars
[2026-05-28 12:00:34]   [additional_pdf/ims] structured: 159 logical rows -> 135 lectures
[2026-05-28 12:00:34]   [additional_pdf/business] fetching ბიზნესტექნოლოგიები_დამატებითი_17_04_2026.pdf
[2026-05-28 12:00:35]   [additional_pdf/business] 114955 bytes, parsing PDF
[2026-05-28 12:00:35]   [additional_pdf/business] 4 pages, 12300 text chars
[2026-05-28 12:00:35]   [additional_pdf/business] structured: 37 logical rows -> 19 lectures
[2026-05-28 12:00:35]   [additional_pdf/social] fetching დამატებიი ცხრილი სოციალურ მეცნიერებათა ფაკულტეტი 15_05_2026.pdf
[2026-05-28 12:00:35]   [additional_pdf/social] 86807 bytes, parsing PDF
[2026-05-28 12:00:35]   [additional_pdf/social] 1 pages, 2911 text chars
[2026-05-28 12:00:35]   [additional_pdf/social] raw text only
[2026-05-28 12:00:35] additional_pdf: stored 10, failed 0
[2026-05-28 12:00:35] midterm_pdf: no PDFs
[2026-05-28 12:00:35] done in 34.33s
[2026-05-28 17:00:02] fetching homepage
[2026-05-28 17:00:03] discovered 12 links across 2 sections
[2026-05-28 17:00:03] teachers_html: 2 unique source(s)
[2026-05-28 17:00:04]   [http://leqtori.gtu.ge:9000/public/teachers_2025_2026_2_10.html] fetching
[2026-05-28 17:00:05]   fetched 8028694 bytes
[2026-05-28 17:00:07]   parsed 10214 lectures from X კვირის სასწავლო ცხრილი
[2026-05-28 17:00:27]   stored 10214 (deduped 0) into lecture
[2026-05-28 17:00:27]   [http://leqtori.gtu.ge:9000/public/prof_teachers.html] fetching
[2026-05-28 17:00:27]   fetched 111363 bytes
[2026-05-28 17:00:27]   parsed 52 lectures from X კვირის სასწავლო ცხრილი
[2026-05-28 17:00:27]   stored 52 (deduped 0) into lecture
[2026-05-28 17:00:27] teachers totals: 1684 teachers, 4581 subjects, 10266 lectures
[2026-05-28 17:00:27] additional_pdf: 10 PDF(s) to fetch
[2026-05-28 17:00:27]   [additional_pdf/construction] fetching დამატ. ცხრ. -25-26 2 21.04.26 სამშენებლო.pdf
[2026-05-28 17:00:28]   [additional_pdf/construction] 307648 bytes, parsing PDF
[2026-05-28 17:00:28]   [additional_pdf/construction] 14 pages, 52664 text chars
[2026-05-28 17:00:29]   [additional_pdf/construction] structured: 195 logical rows -> 185 lectures
[2026-05-28 17:00:29]   [additional_pdf/power] fetching ენერგ ფაკ. დამატებითი_2025_2026_II_07_04_2026).pdf
[2026-05-28 17:00:30]   [additional_pdf/power] 71228 bytes, parsing PDF
[2026-05-28 17:00:30]   [additional_pdf/power] 2 pages, 6454 text chars
[2026-05-28 17:00:30]   [additional_pdf/power] raw text only
[2026-05-28 17:00:30]   [additional_pdf/mining] fetching სამთო-გეოლოგიური და მთის მდგრადი განვითარების ფაკულტეტი.pdf
[2026-05-28 17:00:30]   [additional_pdf/mining] 51893 bytes, parsing PDF
[2026-05-28 17:00:30]   [additional_pdf/mining] 1 pages, 2197 text chars
[2026-05-28 17:00:30]   [additional_pdf/mining] structured: 9 logical rows -> 8 lectures
[2026-05-28 17:00:30]   [additional_pdf/agrarian] fetching 2025-2026 II აგრარული დამატებითი_16_04_2026.pdf
[2026-05-28 17:00:31]   [additional_pdf/agrarian] 130098 bytes, parsing PDF
[2026-05-28 17:00:31]   [additional_pdf/agrarian] 4 pages, 11664 text chars
[2026-05-28 17:00:31]   [additional_pdf/agrarian] structured: 64 logical rows -> 64 lectures
[2026-05-28 17:00:31]   [additional_pdf/transport] fetching 05 დამატებითი ცხრილი . 23.04.2026.pdf
[2026-05-28 17:00:32]   [additional_pdf/transport] 164850 bytes, parsing PDF
[2026-05-28 17:00:32]   [additional_pdf/transport] 7 pages, 16906 text chars
[2026-05-28 17:00:32]   [additional_pdf/transport] raw text only
[2026-05-28 17:00:32]   [additional_pdf/architecture] fetching ცხრილი დამატ. არქიტექტურის, ურბანისტიკისა და დიზაინის.pdf
[2026-05-28 17:00:32]   [additional_pdf/architecture] 90193 bytes, parsing PDF
[2026-05-28 17:00:32]   [additional_pdf/architecture] 2 pages, 5806 text chars
[2026-05-28 17:00:32]   [additional_pdf/architecture] structured: 18 logical rows -> 15 lectures
[2026-05-28 17:00:32]   [additional_pdf/law] fetching სამართლისა და საერტაშორისო ურთ.დამატებითი ცხრილი_17_04_2026.pdf
[2026-05-28 17:00:33]   [additional_pdf/law] 284550 bytes, parsing PDF
[2026-05-28 17:00:33]   [additional_pdf/law] 9 pages, 16229 text chars
[2026-05-28 17:00:33]   [additional_pdf/law] raw text only
[2026-05-28 17:00:33]   [additional_pdf/ims] fetching იმს დამატებითი სასწავლო კურსების ცხრილი 2025-2026 II სემესტრი 25.05.2026.pdf
[2026-05-28 17:00:34]   [additional_pdf/ims] 204239 bytes, parsing PDF
[2026-05-28 17:00:34]   [additional_pdf/ims] 9 pages, 30012 text chars
[2026-05-28 17:00:35]   [additional_pdf/ims] structured: 159 logical rows -> 135 lectures
[2026-05-28 17:00:35]   [additional_pdf/business] fetching ბიზნესტექნოლოგიები_დამატებითი_17_04_2026.pdf
[2026-05-28 17:00:35]   [additional_pdf/business] 114955 bytes, parsing PDF
[2026-05-28 17:00:35]   [additional_pdf/business] 4 pages, 12300 text chars
[2026-05-28 17:00:35]   [additional_pdf/business] structured: 37 logical rows -> 19 lectures
[2026-05-28 17:00:35]   [additional_pdf/social] fetching დამატებიი ცხრილი სოციალურ მეცნიერებათა ფაკულტეტი 15_05_2026.pdf
[2026-05-28 17:00:36]   [additional_pdf/social] 86807 bytes, parsing PDF
[2026-05-28 17:00:36]   [additional_pdf/social] 1 pages, 2911 text chars
[2026-05-28 17:00:36]   [additional_pdf/social] raw text only
[2026-05-28 17:00:36] additional_pdf: stored 10, failed 0
[2026-05-28 17:00:36] midterm_pdf: no PDFs
[2026-05-28 17:00:36] done in 34.15s
[2026-05-28 22:00:01] fetching homepage
[2026-05-28 22:00:02] discovered 12 links across 2 sections
[2026-05-28 22:00:02] teachers_html: 2 unique source(s)
[2026-05-28 22:00:05]   [http://leqtori.gtu.ge:9000/public/teachers_2025_2026_2_10.html] fetching
[2026-05-28 22:00:06]   fetched 8028694 bytes
[2026-05-28 22:00:08]   parsed 10214 lectures from X კვირის სასწავლო ცხრილი
[2026-05-28 22:00:29]   stored 10214 (deduped 0) into lecture
[2026-05-28 22:00:29]   [http://leqtori.gtu.ge:9000/public/prof_teachers.html] fetching
[2026-05-28 22:00:30]   fetched 111363 bytes
[2026-05-28 22:00:30]   parsed 52 lectures from X კვირის სასწავლო ცხრილი
[2026-05-28 22:00:30]   stored 52 (deduped 0) into lecture
[2026-05-28 22:00:30] teachers totals: 1684 teachers, 4581 subjects, 10266 lectures
[2026-05-28 22:00:30] additional_pdf: 10 PDF(s) to fetch
[2026-05-28 22:00:30]   [additional_pdf/construction] fetching დამატ. ცხრ. -25-26 2 21.04.26 სამშენებლო.pdf
[2026-05-28 22:00:31]   [additional_pdf/construction] 307648 bytes, parsing PDF
[2026-05-28 22:00:31]   [additional_pdf/construction] 14 pages, 52664 text chars
[2026-05-28 22:00:32]   [additional_pdf/construction] structured: 195 logical rows -> 185 lectures
[2026-05-28 22:00:32]   [additional_pdf/power] fetching ენერგ ფაკ. დამატებითი_2025_2026_II_07_04_2026).pdf
[2026-05-28 22:00:33]   [additional_pdf/power] 71228 bytes, parsing PDF
[2026-05-28 22:00:33]   [additional_pdf/power] 2 pages, 6454 text chars
[2026-05-28 22:00:33]   [additional_pdf/power] raw text only
[2026-05-28 22:00:33]   [additional_pdf/mining] fetching სამთო-გეოლოგიური და მთის მდგრადი განვითარების ფაკულტეტი.pdf
[2026-05-28 22:00:33]   [additional_pdf/mining] 51893 bytes, parsing PDF
[2026-05-28 22:00:33]   [additional_pdf/mining] 1 pages, 2197 text chars
[2026-05-28 22:00:33]   [additional_pdf/mining] structured: 9 logical rows -> 8 lectures
[2026-05-28 22:00:33]   [additional_pdf/agrarian] fetching 2025-2026 II აგრარული დამატებითი_16_04_2026.pdf
[2026-05-28 22:00:34]   [additional_pdf/agrarian] 130098 bytes, parsing PDF
[2026-05-28 22:00:34]   [additional_pdf/agrarian] 4 pages, 11664 text chars
[2026-05-28 22:00:34]   [additional_pdf/agrarian] structured: 64 logical rows -> 64 lectures
[2026-05-28 22:00:34]   [additional_pdf/transport] fetching 05 დამატებითი ცხრილი . 23.04.2026.pdf
[2026-05-28 22:00:34]   [additional_pdf/transport] 164850 bytes, parsing PDF
[2026-05-28 22:00:35]   [additional_pdf/transport] 7 pages, 16906 text chars
[2026-05-28 22:00:35]   [additional_pdf/transport] raw text only
[2026-05-28 22:00:35]   [additional_pdf/architecture] fetching ცხრილი დამატ. არქიტექტურის, ურბანისტიკისა და დიზაინის.pdf
[2026-05-28 22:00:35]   [additional_pdf/architecture] 90193 bytes, parsing PDF
[2026-05-28 22:00:35]   [additional_pdf/architecture] 2 pages, 5806 text chars
[2026-05-28 22:00:35]   [additional_pdf/architecture] structured: 18 logical rows -> 15 lectures
[2026-05-28 22:00:35]   [additional_pdf/law] fetching სამართლისა და საერტაშორისო ურთ.დამატებითი ცხრილი_17_04_2026.pdf
[2026-05-28 22:00:36]   [additional_pdf/law] 284550 bytes, parsing PDF
[2026-05-28 22:00:36]   [additional_pdf/law] 9 pages, 16229 text chars
[2026-05-28 22:00:36]   [additional_pdf/law] raw text only
[2026-05-28 22:00:36]   [additional_pdf/ims] fetching იმს დამატებითი სასწავლო კურსების ცხრილი 2025-2026 II სემესტრი 25.05.2026.pdf
[2026-05-28 22:00:37]   [additional_pdf/ims] 204239 bytes, parsing PDF
[2026-05-28 22:00:37]   [additional_pdf/ims] 9 pages, 30012 text chars
[2026-05-28 22:00:38]   [additional_pdf/ims] structured: 159 logical rows -> 135 lectures
[2026-05-28 22:00:38]   [additional_pdf/business] fetching ბიზნესტექნოლოგიები_დამატებითი_17_04_2026.pdf
[2026-05-28 22:00:38]   [additional_pdf/business] 114955 bytes, parsing PDF
[2026-05-28 22:00:38]   [additional_pdf/business] 4 pages, 12300 text chars
[2026-05-28 22:00:38]   [additional_pdf/business] structured: 37 logical rows -> 19 lectures
[2026-05-28 22:00:38]   [additional_pdf/social] fetching დამატებიი ცხრილი სოციალურ მეცნიერებათა ფაკულტეტი 15_05_2026.pdf
[2026-05-28 22:00:39]   [additional_pdf/social] 86807 bytes, parsing PDF
[2026-05-28 22:00:39]   [additional_pdf/social] 1 pages, 2911 text chars
[2026-05-28 22:00:39]   [additional_pdf/social] raw text only
[2026-05-28 22:00:39] additional_pdf: stored 10, failed 0
[2026-05-28 22:00:39] midterm_pdf: no PDFs
[2026-05-28 22:00:39] done in 37.97s
[2026-05-29 02:00:04] fetching homepage
[2026-05-29 02:00:06] discovered 12 links across 2 sections
[2026-05-29 02:00:06] teachers_html: 2 unique source(s)
[2026-05-29 02:00:09]   [http://leqtori.gtu.ge:9000/public/teachers_2025_2026_2_10.html] fetching
[2026-05-29 02:00:11]   fetched 8028694 bytes
[2026-05-29 02:00:15]   parsed 10214 lectures from X კვირის სასწავლო ცხრილი
[2026-05-29 02:01:09]   stored 10214 (deduped 0) into lecture
[2026-05-29 02:01:09]   [http://leqtori.gtu.ge:9000/public/prof_teachers.html] fetching
[2026-05-29 02:01:10]   fetched 111363 bytes
[2026-05-29 02:01:10]   parsed 52 lectures from X კვირის სასწავლო ცხრილი
[2026-05-29 02:01:10]   stored 52 (deduped 0) into lecture
[2026-05-29 02:01:10] teachers totals: 1684 teachers, 4581 subjects, 10266 lectures
[2026-05-29 02:01:10] additional_pdf: 10 PDF(s) to fetch
[2026-05-29 02:01:10]   [additional_pdf/construction] fetching დამატ. ცხრ. -25-26 2 21.04.26 სამშენებლო.pdf
[2026-05-29 02:01:11]   [additional_pdf/construction] 307648 bytes, parsing PDF
[2026-05-29 02:01:11]   [additional_pdf/construction] 14 pages, 52664 text chars
[2026-05-29 02:01:12]   [additional_pdf/construction] structured: 195 logical rows -> 185 lectures
[2026-05-29 02:01:12]   [additional_pdf/power] fetching ენერგ ფაკ. დამატებითი_2025_2026_II_07_04_2026).pdf
[2026-05-29 02:01:13]   [additional_pdf/power] 71228 bytes, parsing PDF
[2026-05-29 02:01:13]   [additional_pdf/power] 2 pages, 6454 text chars
[2026-05-29 02:01:13]   [additional_pdf/power] raw text only
[2026-05-29 02:01:13]   [additional_pdf/mining] fetching სამთო-გეოლოგიური და მთის მდგრადი განვითარების ფაკულტეტი.pdf
[2026-05-29 02:01:13]   [additional_pdf/mining] 51893 bytes, parsing PDF
[2026-05-29 02:01:13]   [additional_pdf/mining] 1 pages, 2197 text chars
[2026-05-29 02:01:13]   [additional_pdf/mining] structured: 9 logical rows -> 8 lectures
[2026-05-29 02:01:13]   [additional_pdf/agrarian] fetching 2025-2026 II აგრარული დამატებითი_16_04_2026.pdf
[2026-05-29 02:01:14]   [additional_pdf/agrarian] 130098 bytes, parsing PDF
[2026-05-29 02:01:14]   [additional_pdf/agrarian] 4 pages, 11664 text chars
[2026-05-29 02:01:14]   [additional_pdf/agrarian] structured: 64 logical rows -> 64 lectures
[2026-05-29 02:01:14]   [additional_pdf/transport] fetching 05 დამატებითი ცხრილი . 23.04.2026.pdf
[2026-05-29 02:01:14]   [additional_pdf/transport] 164850 bytes, parsing PDF
[2026-05-29 02:01:15]   [additional_pdf/transport] 7 pages, 16906 text chars
[2026-05-29 02:01:15]   [additional_pdf/transport] raw text only
[2026-05-29 02:01:15]   [additional_pdf/architecture] fetching ცხრილი დამატ. არქიტექტურის, ურბანისტიკისა და დიზაინის.pdf
[2026-05-29 02:01:15]   [additional_pdf/architecture] 90193 bytes, parsing PDF
[2026-05-29 02:01:15]   [additional_pdf/architecture] 2 pages, 5806 text chars
[2026-05-29 02:01:15]   [additional_pdf/architecture] structured: 18 logical rows -> 15 lectures
[2026-05-29 02:01:15]   [additional_pdf/law] fetching სამართლისა და საერტაშორისო ურთ.დამატებითი ცხრილი_17_04_2026.pdf
[2026-05-29 02:01:16]   [additional_pdf/law] 284550 bytes, parsing PDF
[2026-05-29 02:01:16]   [additional_pdf/law] 9 pages, 16229 text chars
[2026-05-29 02:01:16]   [additional_pdf/law] raw text only
[2026-05-29 02:01:16]   [additional_pdf/ims] fetching იმს დამატებითი სასწავლო კურსების ცხრილი 2025-2026 II სემესტრი 25.05.2026.pdf
[2026-05-29 02:01:17]   [additional_pdf/ims] 204239 bytes, parsing PDF
[2026-05-29 02:01:17]   [additional_pdf/ims] 9 pages, 30012 text chars
[2026-05-29 02:01:18]   [additional_pdf/ims] structured: 159 logical rows -> 135 lectures
[2026-05-29 02:01:18]   [additional_pdf/business] fetching ბიზნესტექნოლოგიები_დამატებითი_17_04_2026.pdf
[2026-05-29 02:01:18]   [additional_pdf/business] 114955 bytes, parsing PDF
[2026-05-29 02:01:19]   [additional_pdf/business] 4 pages, 12300 text chars
[2026-05-29 02:01:19]   [additional_pdf/business] structured: 37 logical rows -> 19 lectures
[2026-05-29 02:01:19]   [additional_pdf/social] fetching დამატებიი ცხრილი სოციალურ მეცნიერებათა ფაკულტეტი 15_05_2026.pdf
[2026-05-29 02:01:19]   [additional_pdf/social] 86807 bytes, parsing PDF
[2026-05-29 02:01:19]   [additional_pdf/social] 1 pages, 2911 text chars
[2026-05-29 02:01:19]   [additional_pdf/social] raw text only
[2026-05-29 02:01:19] additional_pdf: stored 10, failed 0
[2026-05-29 02:01:19] midterm_pdf: no PDFs
[2026-05-29 02:01:19] done in 74.73s
[2026-05-29 07:00:01] fetching homepage
[2026-05-29 07:00:02] discovered 12 links across 2 sections
[2026-05-29 07:00:02] teachers_html: 2 unique source(s)
[2026-05-29 07:00:04]   [http://leqtori.gtu.ge:9000/public/teachers_2025_2026_2_10.html] fetching
[2026-05-29 07:00:05]   fetched 8028694 bytes
[2026-05-29 07:00:07]   parsed 10214 lectures from X კვირის სასწავლო ცხრილი
[2026-05-29 07:00:26]   stored 10214 (deduped 0) into lecture
[2026-05-29 07:00:26]   [http://leqtori.gtu.ge:9000/public/prof_teachers.html] fetching
[2026-05-29 07:00:26]   fetched 111363 bytes
[2026-05-29 07:00:26]   parsed 52 lectures from X კვირის სასწავლო ცხრილი
[2026-05-29 07:00:26]   stored 52 (deduped 0) into lecture
[2026-05-29 07:00:26] teachers totals: 1684 teachers, 4581 subjects, 10266 lectures
[2026-05-29 07:00:26] additional_pdf: 10 PDF(s) to fetch
[2026-05-29 07:00:26]   [additional_pdf/construction] fetching დამატ. ცხრ. -25-26 2 21.04.26 სამშენებლო.pdf
[2026-05-29 07:00:27]   [additional_pdf/construction] 307648 bytes, parsing PDF
[2026-05-29 07:00:28]   [additional_pdf/construction] 14 pages, 52664 text chars
[2026-05-29 07:00:28]   [additional_pdf/construction] structured: 195 logical rows -> 185 lectures
[2026-05-29 07:00:28]   [additional_pdf/power] fetching ენერგ ფაკ. დამატებითი_2025_2026_II_07_04_2026).pdf
[2026-05-29 07:00:29]   [additional_pdf/power] 71228 bytes, parsing PDF
[2026-05-29 07:00:29]   [additional_pdf/power] 2 pages, 6454 text chars
[2026-05-29 07:00:29]   [additional_pdf/power] raw text only
[2026-05-29 07:00:29]   [additional_pdf/mining] fetching სამთო-გეოლოგიური და მთის მდგრადი განვითარების ფაკულტეტი.pdf
[2026-05-29 07:00:29]   [additional_pdf/mining] 51893 bytes, parsing PDF
[2026-05-29 07:00:29]   [additional_pdf/mining] 1 pages, 2197 text chars
[2026-05-29 07:00:29]   [additional_pdf/mining] structured: 9 logical rows -> 8 lectures
[2026-05-29 07:00:29]   [additional_pdf/agrarian] fetching 2025-2026 II აგრარული დამატებითი_16_04_2026.pdf
[2026-05-29 07:00:30]   [additional_pdf/agrarian] 130098 bytes, parsing PDF
[2026-05-29 07:00:30]   [additional_pdf/agrarian] 4 pages, 11664 text chars
[2026-05-29 07:00:30]   [additional_pdf/agrarian] structured: 64 logical rows -> 64 lectures
[2026-05-29 07:00:30]   [additional_pdf/transport] fetching 05 დამატებითი ცხრილი . 23.04.2026.pdf
[2026-05-29 07:00:31]   [additional_pdf/transport] 164850 bytes, parsing PDF
[2026-05-29 07:00:31]   [additional_pdf/transport] 7 pages, 16906 text chars
[2026-05-29 07:00:31]   [additional_pdf/transport] raw text only
[2026-05-29 07:00:31]   [additional_pdf/architecture] fetching ცხრილი დამატ. არქიტექტურის, ურბანისტიკისა და დიზაინის.pdf
[2026-05-29 07:00:31]   [additional_pdf/architecture] 90193 bytes, parsing PDF
[2026-05-29 07:00:31]   [additional_pdf/architecture] 2 pages, 5806 text chars
[2026-05-29 07:00:31]   [additional_pdf/architecture] structured: 18 logical rows -> 15 lectures
[2026-05-29 07:00:31]   [additional_pdf/law] fetching სამართლისა და საერტაშორისო ურთ.დამატებითი ცხრილი_17_04_2026.pdf
[2026-05-29 07:00:32]   [additional_pdf/law] 284550 bytes, parsing PDF
[2026-05-29 07:00:32]   [additional_pdf/law] 9 pages, 16229 text chars
[2026-05-29 07:00:32]   [additional_pdf/law] raw text only
[2026-05-29 07:00:32]   [additional_pdf/ims] fetching იმს დამატებითი სასწავლო კურსების ცხრილი 2025-2026 II სემესტრი 25.05.2026.pdf
[2026-05-29 07:00:33]   [additional_pdf/ims] 204239 bytes, parsing PDF
[2026-05-29 07:00:33]   [additional_pdf/ims] 9 pages, 30012 text chars
[2026-05-29 07:00:34]   [additional_pdf/ims] structured: 159 logical rows -> 135 lectures
[2026-05-29 07:00:34]   [additional_pdf/business] fetching ბიზნესტექნოლოგიები_დამატებითი_17_04_2026.pdf
[2026-05-29 07:00:34]   [additional_pdf/business] 114955 bytes, parsing PDF
[2026-05-29 07:00:34]   [additional_pdf/business] 4 pages, 12300 text chars
[2026-05-29 07:00:34]   [additional_pdf/business] structured: 37 logical rows -> 19 lectures
[2026-05-29 07:00:34]   [additional_pdf/social] fetching დამატებიი ცხრილი სოციალურ მეცნიერებათა ფაკულტეტი 15_05_2026.pdf
[2026-05-29 07:00:34]   [additional_pdf/social] 86807 bytes, parsing PDF
[2026-05-29 07:00:34]   [additional_pdf/social] 1 pages, 2911 text chars
[2026-05-29 07:00:34]   [additional_pdf/social] raw text only
[2026-05-29 07:00:34] additional_pdf: stored 10, failed 0
[2026-05-29 07:00:34] midterm_pdf: no PDFs
[2026-05-29 07:00:34] done in 33.65s
[2026-05-29 12:00:01] fetching homepage
[2026-05-29 12:00:03] discovered 12 links across 2 sections
[2026-05-29 12:00:03] teachers_html: 2 unique source(s)
[2026-05-29 12:00:04]   [http://leqtori.gtu.ge:9000/public/teachers_2025_2026_2_10.html] fetching
[2026-05-29 12:00:05]   fetched 8028694 bytes
[2026-05-29 12:00:07]   parsed 10214 lectures from X კვირის სასწავლო ცხრილი
[2026-05-29 12:00:26]   stored 10214 (deduped 0) into lecture
[2026-05-29 12:00:26]   [http://leqtori.gtu.ge:9000/public/prof_teachers.html] fetching
[2026-05-29 12:00:27]   fetched 111363 bytes
[2026-05-29 12:00:27]   parsed 52 lectures from X კვირის სასწავლო ცხრილი
[2026-05-29 12:00:27]   stored 52 (deduped 0) into lecture
[2026-05-29 12:00:27] teachers totals: 1684 teachers, 4581 subjects, 10266 lectures
[2026-05-29 12:00:27] additional_pdf: 10 PDF(s) to fetch
[2026-05-29 12:00:27]   [additional_pdf/construction] fetching დამატ. ცხრ. -25-26 2 21.04.26 სამშენებლო.pdf
[2026-05-29 12:00:27]   [additional_pdf/construction] 307648 bytes, parsing PDF
[2026-05-29 12:00:28]   [additional_pdf/construction] 14 pages, 52664 text chars
[2026-05-29 12:00:29]   [additional_pdf/construction] structured: 195 logical rows -> 185 lectures
[2026-05-29 12:00:29]   [additional_pdf/power] fetching ენერგ ფაკ. დამატებითი_2025_2026_II_07_04_2026).pdf
[2026-05-29 12:00:29]   [additional_pdf/power] 71228 bytes, parsing PDF
[2026-05-29 12:00:29]   [additional_pdf/power] 2 pages, 6454 text chars
[2026-05-29 12:00:29]   [additional_pdf/power] raw text only
[2026-05-29 12:00:29]   [additional_pdf/mining] fetching სამთო-გეოლოგიური და მთის მდგრადი განვითარების ფაკულტეტი.pdf
[2026-05-29 12:00:30]   [additional_pdf/mining] 51893 bytes, parsing PDF
[2026-05-29 12:00:30]   [additional_pdf/mining] 1 pages, 2197 text chars
[2026-05-29 12:00:30]   [additional_pdf/mining] structured: 9 logical rows -> 8 lectures
[2026-05-29 12:00:30]   [additional_pdf/agrarian] fetching 2025-2026 II აგრარული დამატებითი_16_04_2026.pdf
[2026-05-29 12:00:30]   [additional_pdf/agrarian] 130098 bytes, parsing PDF
[2026-05-29 12:00:30]   [additional_pdf/agrarian] 4 pages, 11664 text chars
[2026-05-29 12:00:31]   [additional_pdf/agrarian] structured: 64 logical rows -> 64 lectures
[2026-05-29 12:00:31]   [additional_pdf/transport] fetching 05 დამატებითი ცხრილი . 23.04.2026.pdf
[2026-05-29 12:00:31]   [additional_pdf/transport] 164850 bytes, parsing PDF
[2026-05-29 12:00:31]   [additional_pdf/transport] 7 pages, 16906 text chars
[2026-05-29 12:00:31]   [additional_pdf/transport] raw text only
[2026-05-29 12:00:31]   [additional_pdf/architecture] fetching ცხრილი დამატ. არქიტექტურის, ურბანისტიკისა და დიზაინის.pdf
[2026-05-29 12:00:32]   [additional_pdf/architecture] 90193 bytes, parsing PDF
[2026-05-29 12:00:32]   [additional_pdf/architecture] 2 pages, 5806 text chars
[2026-05-29 12:00:32]   [additional_pdf/architecture] structured: 18 logical rows -> 15 lectures
[2026-05-29 12:00:32]   [additional_pdf/law] fetching სამართლისა და საერტაშორისო ურთ.დამატებითი ცხრილი_17_04_2026.pdf
[2026-05-29 12:00:33]   [additional_pdf/law] 284550 bytes, parsing PDF
[2026-05-29 12:00:33]   [additional_pdf/law] 9 pages, 16229 text chars
[2026-05-29 12:00:33]   [additional_pdf/law] raw text only
[2026-05-29 12:00:33]   [additional_pdf/ims] fetching იმს დამატებითი სასწავლო კურსების ცხრილი 2025-2026 II სემესტრი 25.05.2026.pdf
[2026-05-29 12:00:33]   [additional_pdf/ims] 204239 bytes, parsing PDF
[2026-05-29 12:00:34]   [additional_pdf/ims] 9 pages, 30012 text chars
[2026-05-29 12:00:34]   [additional_pdf/ims] structured: 159 logical rows -> 135 lectures
[2026-05-29 12:00:34]   [additional_pdf/business] fetching ბიზნესტექნოლოგიები_დამატებითი_17_04_2026.pdf
[2026-05-29 12:00:35]   [additional_pdf/business] 114955 bytes, parsing PDF
[2026-05-29 12:00:35]   [additional_pdf/business] 4 pages, 12300 text chars
[2026-05-29 12:00:35]   [additional_pdf/business] structured: 37 logical rows -> 19 lectures
[2026-05-29 12:00:35]   [additional_pdf/social] fetching დამატებიი ცხრილი სოციალურ მეცნიერებათა ფაკულტეტი 15_05_2026.pdf
[2026-05-29 12:00:35]   [additional_pdf/social] 86807 bytes, parsing PDF
[2026-05-29 12:00:35]   [additional_pdf/social] 1 pages, 2911 text chars
[2026-05-29 12:00:35]   [additional_pdf/social] raw text only
[2026-05-29 12:00:35] additional_pdf: stored 10, failed 0
[2026-05-29 12:00:35] midterm_pdf: no PDFs
[2026-05-29 12:00:35] done in 34.05s
[2026-05-29 17:00:01] fetching homepage
[2026-05-29 17:00:02] discovered 12 links across 2 sections
[2026-05-29 17:00:02] teachers_html: 2 unique source(s)
[2026-05-29 17:00:03]   [http://leqtori.gtu.ge:9000/public/teachers_2025_2026_2_10.html] fetching
[2026-05-29 17:00:04]   fetched 8028694 bytes
[2026-05-29 17:00:07]   parsed 10214 lectures from X კვირის სასწავლო ცხრილი
[2026-05-29 17:00:35]   stored 10214 (deduped 0) into lecture
[2026-05-29 17:00:35]   [http://leqtori.gtu.ge:9000/public/prof_teachers.html] fetching
[2026-05-29 17:00:36]   fetched 111363 bytes
[2026-05-29 17:00:36]   parsed 52 lectures from X კვირის სასწავლო ცხრილი
[2026-05-29 17:00:36]   stored 52 (deduped 0) into lecture
[2026-05-29 17:00:36] teachers totals: 1684 teachers, 4581 subjects, 10266 lectures
[2026-05-29 17:00:36] additional_pdf: 10 PDF(s) to fetch
[2026-05-29 17:00:36]   [additional_pdf/construction] fetching დამატ. ცხრ. -25-26 2 21.04.26 სამშენებლო.pdf
[2026-05-29 17:00:37]   [additional_pdf/construction] 307648 bytes, parsing PDF
[2026-05-29 17:00:37]   [additional_pdf/construction] 14 pages, 52664 text chars
[2026-05-29 17:00:38]   [additional_pdf/construction] structured: 195 logical rows -> 185 lectures
[2026-05-29 17:00:38]   [additional_pdf/power] fetching ენერგ ფაკ. დამატებითი_2025_2026_II_07_04_2026).pdf
[2026-05-29 17:00:39]   [additional_pdf/power] 71228 bytes, parsing PDF
[2026-05-29 17:00:39]   [additional_pdf/power] 2 pages, 6454 text chars
[2026-05-29 17:00:39]   [additional_pdf/power] raw text only
[2026-05-29 17:00:39]   [additional_pdf/mining] fetching სამთო-გეოლოგიური და მთის მდგრადი განვითარების ფაკულტეტი.pdf
[2026-05-29 17:00:39]   [additional_pdf/mining] 51893 bytes, parsing PDF
[2026-05-29 17:00:39]   [additional_pdf/mining] 1 pages, 2197 text chars
[2026-05-29 17:00:39]   [additional_pdf/mining] structured: 9 logical rows -> 8 lectures
[2026-05-29 17:00:39]   [additional_pdf/agrarian] fetching 2025-2026 II აგრარული დამატებითი_16_04_2026.pdf
[2026-05-29 17:00:40]   [additional_pdf/agrarian] 130098 bytes, parsing PDF
[2026-05-29 17:00:40]   [additional_pdf/agrarian] 4 pages, 11664 text chars
[2026-05-29 17:00:40]   [additional_pdf/agrarian] structured: 64 logical rows -> 64 lectures
[2026-05-29 17:00:40]   [additional_pdf/transport] fetching 05 დამატებითი ცხრილი . 23.04.2026.pdf
[2026-05-29 17:00:40]   [additional_pdf/transport] 164850 bytes, parsing PDF
[2026-05-29 17:00:41]   [additional_pdf/transport] 7 pages, 16906 text chars
[2026-05-29 17:00:41]   [additional_pdf/transport] raw text only
[2026-05-29 17:00:41]   [additional_pdf/architecture] fetching ცხრილი დამატ. არქიტექტურის, ურბანისტიკისა და დიზაინის.pdf
[2026-05-29 17:00:41]   [additional_pdf/architecture] 90193 bytes, parsing PDF
[2026-05-29 17:00:41]   [additional_pdf/architecture] 2 pages, 5806 text chars
[2026-05-29 17:00:41]   [additional_pdf/architecture] structured: 18 logical rows -> 15 lectures
[2026-05-29 17:00:41]   [additional_pdf/law] fetching სამართლისა და საერტაშორისო ურთ.დამატებითი ცხრილი_17_04_2026.pdf
[2026-05-29 17:00:42]   [additional_pdf/law] 284550 bytes, parsing PDF
[2026-05-29 17:00:42]   [additional_pdf/law] 9 pages, 16229 text chars
[2026-05-29 17:00:42]   [additional_pdf/law] raw text only
[2026-05-29 17:00:42]   [additional_pdf/ims] fetching იმს დამატებითი სასწავლო კურსების ცხრილი 2025-2026 II სემესტრი 25.05.2026.pdf
[2026-05-29 17:00:43]   [additional_pdf/ims] 204239 bytes, parsing PDF
[2026-05-29 17:00:43]   [additional_pdf/ims] 9 pages, 30012 text chars
[2026-05-29 17:00:44]   [additional_pdf/ims] structured: 159 logical rows -> 135 lectures
[2026-05-29 17:00:44]   [additional_pdf/business] fetching ბიზნესტექნოლოგიები_დამატებითი_17_04_2026.pdf
[2026-05-29 17:00:44]   [additional_pdf/business] 114955 bytes, parsing PDF
[2026-05-29 17:00:44]   [additional_pdf/business] 4 pages, 12300 text chars
[2026-05-29 17:00:44]   [additional_pdf/business] structured: 37 logical rows -> 19 lectures
[2026-05-29 17:00:44]   [additional_pdf/social] fetching დამატებიი ცხრილი სოციალურ მეცნიერებათა ფაკულტეტი 15_05_2026.pdf
[2026-05-29 17:00:45]   [additional_pdf/social] 86807 bytes, parsing PDF
[2026-05-29 17:00:45]   [additional_pdf/social] 1 pages, 2911 text chars
[2026-05-29 17:00:45]   [additional_pdf/social] raw text only
[2026-05-29 17:00:45] additional_pdf: stored 10, failed 0
[2026-05-29 17:00:45] midterm_pdf: no PDFs
[2026-05-29 17:00:45] done in 43.58s
[2026-05-29 22:00:01] fetching homepage
[2026-05-29 22:00:02] discovered 12 links across 2 sections
[2026-05-29 22:00:02] teachers_html: 2 unique source(s)
[2026-05-29 22:00:03]   [http://leqtori.gtu.ge:9000/public/teachers_2025_2026_2_10.html] fetching
[2026-05-29 22:00:04]   fetched 8028694 bytes
[2026-05-29 22:00:06]   parsed 10214 lectures from X კვირის სასწავლო ცხრილი
[2026-05-29 22:00:27]   stored 10214 (deduped 0) into lecture
[2026-05-29 22:00:27]   [http://leqtori.gtu.ge:9000/public/prof_teachers.html] fetching
[2026-05-29 22:00:27]   fetched 111363 bytes
[2026-05-29 22:00:27]   parsed 52 lectures from X კვირის სასწავლო ცხრილი
[2026-05-29 22:00:27]   stored 52 (deduped 0) into lecture
[2026-05-29 22:00:27] teachers totals: 1684 teachers, 4581 subjects, 10266 lectures
[2026-05-29 22:00:27] additional_pdf: 10 PDF(s) to fetch
[2026-05-29 22:00:27]   [additional_pdf/construction] fetching დამატ. ცხრ. -25-26 2 21.04.26 სამშენებლო.pdf
[2026-05-29 22:00:28]   [additional_pdf/construction] 307648 bytes, parsing PDF
[2026-05-29 22:00:28]   [additional_pdf/construction] 14 pages, 52664 text chars
[2026-05-29 22:00:29]   [additional_pdf/construction] structured: 195 logical rows -> 185 lectures
[2026-05-29 22:00:29]   [additional_pdf/power] fetching ენერგ ფაკ. დამატებითი_2025_2026_II_07_04_2026).pdf
[2026-05-29 22:00:29]   [additional_pdf/power] 71228 bytes, parsing PDF
[2026-05-29 22:00:30]   [additional_pdf/power] 2 pages, 6454 text chars
[2026-05-29 22:00:30]   [additional_pdf/power] raw text only
[2026-05-29 22:00:30]   [additional_pdf/mining] fetching სამთო-გეოლოგიური და მთის მდგრადი განვითარების ფაკულტეტი.pdf
[2026-05-29 22:00:30]   [additional_pdf/mining] 51893 bytes, parsing PDF
[2026-05-29 22:00:30]   [additional_pdf/mining] 1 pages, 2197 text chars
[2026-05-29 22:00:30]   [additional_pdf/mining] structured: 9 logical rows -> 8 lectures
[2026-05-29 22:00:30]   [additional_pdf/agrarian] fetching 2025-2026 II აგრარული დამატებითი_16_04_2026.pdf
[2026-05-29 22:00:31]   [additional_pdf/agrarian] 130098 bytes, parsing PDF
[2026-05-29 22:00:31]   [additional_pdf/agrarian] 4 pages, 11664 text chars
[2026-05-29 22:00:31]   [additional_pdf/agrarian] structured: 64 logical rows -> 64 lectures
[2026-05-29 22:00:31]   [additional_pdf/transport] fetching 05 დამატებითი ცხრილი . 23.04.2026.pdf
[2026-05-29 22:00:31]   [additional_pdf/transport] 164850 bytes, parsing PDF
[2026-05-29 22:00:32]   [additional_pdf/transport] 7 pages, 16906 text chars
[2026-05-29 22:00:32]   [additional_pdf/transport] raw text only
[2026-05-29 22:00:32]   [additional_pdf/architecture] fetching ცხრილი დამატ. არქიტექტურის, ურბანისტიკისა და დიზაინის.pdf
[2026-05-29 22:00:32]   [additional_pdf/architecture] 90193 bytes, parsing PDF
[2026-05-29 22:00:32]   [additional_pdf/architecture] 2 pages, 5806 text chars
[2026-05-29 22:00:32]   [additional_pdf/architecture] structured: 18 logical rows -> 15 lectures
[2026-05-29 22:00:32]   [additional_pdf/law] fetching სამართლისა და საერტაშორისო ურთ.დამატებითი ცხრილი_17_04_2026.pdf
[2026-05-29 22:00:33]   [additional_pdf/law] 284550 bytes, parsing PDF
[2026-05-29 22:00:33]   [additional_pdf/law] 9 pages, 16229 text chars
[2026-05-29 22:00:33]   [additional_pdf/law] raw text only
[2026-05-29 22:00:33]   [additional_pdf/ims] fetching იმს დამატებითი სასწავლო კურსების ცხრილი 2025-2026 II სემესტრი 25.05.2026.pdf
[2026-05-29 22:00:34]   [additional_pdf/ims] 204239 bytes, parsing PDF
[2026-05-29 22:00:34]   [additional_pdf/ims] 9 pages, 30012 text chars
[2026-05-29 22:00:35]   [additional_pdf/ims] structured: 159 logical rows -> 135 lectures
[2026-05-29 22:00:35]   [additional_pdf/business] fetching ბიზნესტექნოლოგიები_დამატებითი_17_04_2026.pdf
[2026-05-29 22:00:35]   [additional_pdf/business] 114955 bytes, parsing PDF
[2026-05-29 22:00:35]   [additional_pdf/business] 4 pages, 12300 text chars
[2026-05-29 22:00:35]   [additional_pdf/business] structured: 37 logical rows -> 19 lectures
[2026-05-29 22:00:35]   [additional_pdf/social] fetching დამატებიი ცხრილი სოციალურ მეცნიერებათა ფაკულტეტი 15_05_2026.pdf
[2026-05-29 22:00:36]   [additional_pdf/social] 86807 bytes, parsing PDF
[2026-05-29 22:00:36]   [additional_pdf/social] 1 pages, 2911 text chars
[2026-05-29 22:00:36]   [additional_pdf/social] raw text only
[2026-05-29 22:00:36] additional_pdf: stored 10, failed 0
[2026-05-29 22:00:36] midterm_pdf: no PDFs
[2026-05-29 22:00:36] done in 34.58s
[2026-05-30 02:00:01] fetching homepage
[2026-05-30 02:00:03] discovered 12 links across 2 sections
[2026-05-30 02:00:03] teachers_html: 2 unique source(s)
[2026-05-30 02:00:15]   [http://leqtori.gtu.ge:9000/public/teachers_2025_2026_2_10.html] fetching
[2026-05-30 02:00:17]   fetched 8028694 bytes
[2026-05-30 02:00:19]   parsed 10214 lectures from X კვირის სასწავლო ცხრილი
[2026-05-30 02:01:14]   stored 10214 (deduped 0) into lecture
[2026-05-30 02:01:14]   [http://leqtori.gtu.ge:9000/public/prof_teachers.html] fetching
[2026-05-30 02:01:14]   fetched 111363 bytes
[2026-05-30 02:01:14]   parsed 52 lectures from X კვირის სასწავლო ცხრილი
[2026-05-30 02:01:15]   stored 52 (deduped 0) into lecture
[2026-05-30 02:01:15] teachers totals: 1684 teachers, 4581 subjects, 10266 lectures
[2026-05-30 02:01:15] additional_pdf: 10 PDF(s) to fetch
[2026-05-30 02:01:15]   [additional_pdf/construction] fetching დამატ. ცხრ. -25-26 2 21.04.26 სამშენებლო.pdf
[2026-05-30 02:01:15]   [additional_pdf/construction] 307648 bytes, parsing PDF
[2026-05-30 02:01:15]   [additional_pdf/construction] 14 pages, 52664 text chars
[2026-05-30 02:01:16]   [additional_pdf/construction] structured: 195 logical rows -> 185 lectures
[2026-05-30 02:01:16]   [additional_pdf/power] fetching ენერგ ფაკ. დამატებითი_2025_2026_II_07_04_2026).pdf
[2026-05-30 02:01:17]   [additional_pdf/power] 71228 bytes, parsing PDF
[2026-05-30 02:01:17]   [additional_pdf/power] 2 pages, 6454 text chars
[2026-05-30 02:01:17]   [additional_pdf/power] raw text only
[2026-05-30 02:01:17]   [additional_pdf/mining] fetching სამთო-გეოლოგიური და მთის მდგრადი განვითარების ფაკულტეტი.pdf
[2026-05-30 02:01:18]   [additional_pdf/mining] 51893 bytes, parsing PDF
[2026-05-30 02:01:18]   [additional_pdf/mining] 1 pages, 2197 text chars
[2026-05-30 02:01:18]   [additional_pdf/mining] structured: 9 logical rows -> 8 lectures
[2026-05-30 02:01:18]   [additional_pdf/agrarian] fetching 2025-2026 II აგრარული დამატებითი_16_04_2026.pdf
[2026-05-30 02:01:18]   [additional_pdf/agrarian] 130098 bytes, parsing PDF
[2026-05-30 02:01:18]   [additional_pdf/agrarian] 4 pages, 11664 text chars
[2026-05-30 02:01:19]   [additional_pdf/agrarian] structured: 64 logical rows -> 64 lectures
[2026-05-30 02:01:19]   [additional_pdf/transport] fetching 05 დამატებითი ცხრილი . 23.04.2026.pdf
[2026-05-30 02:01:19]   [additional_pdf/transport] 164850 bytes, parsing PDF
[2026-05-30 02:01:19]   [additional_pdf/transport] 7 pages, 16906 text chars
[2026-05-30 02:01:19]   [additional_pdf/transport] raw text only
[2026-05-30 02:01:19]   [additional_pdf/architecture] fetching ცხრილი დამატ. არქიტექტურის, ურბანისტიკისა და დიზაინის.pdf
[2026-05-30 02:01:20]   [additional_pdf/architecture] 90193 bytes, parsing PDF
[2026-05-30 02:01:20]   [additional_pdf/architecture] 2 pages, 5806 text chars
[2026-05-30 02:01:20]   [additional_pdf/architecture] structured: 18 logical rows -> 15 lectures
[2026-05-30 02:01:20]   [additional_pdf/law] fetching სამართლისა და საერტაშორისო ურთ.დამატებითი ცხრილი_17_04_2026.pdf
[2026-05-30 02:01:20]   [additional_pdf/law] 284550 bytes, parsing PDF
[2026-05-30 02:01:21]   [additional_pdf/law] 9 pages, 16229 text chars
[2026-05-30 02:01:21]   [additional_pdf/law] raw text only
[2026-05-30 02:01:21]   [additional_pdf/ims] fetching იმს დამატებითი სასწავლო კურსების ცხრილი 2025-2026 II სემესტრი 25.05.2026.pdf
[2026-05-30 02:01:21]   [additional_pdf/ims] 204239 bytes, parsing PDF
[2026-05-30 02:01:22]   [additional_pdf/ims] 9 pages, 30012 text chars
[2026-05-30 02:01:22]   [additional_pdf/ims] structured: 159 logical rows -> 135 lectures
[2026-05-30 02:01:22]   [additional_pdf/business] fetching ბიზნესტექნოლოგიები_დამატებითი_17_04_2026.pdf
[2026-05-30 02:01:23]   [additional_pdf/business] 114955 bytes, parsing PDF
[2026-05-30 02:01:23]   [additional_pdf/business] 4 pages, 12300 text chars
[2026-05-30 02:01:23]   [additional_pdf/business] structured: 37 logical rows -> 19 lectures
[2026-05-30 02:01:23]   [additional_pdf/social] fetching დამატებიი ცხრილი სოციალურ მეცნიერებათა ფაკულტეტი 15_05_2026.pdf
[2026-05-30 02:01:24]   [additional_pdf/social] 86807 bytes, parsing PDF
[2026-05-30 02:01:24]   [additional_pdf/social] 1 pages, 2911 text chars
[2026-05-30 02:01:24]   [additional_pdf/social] raw text only
[2026-05-30 02:01:24] additional_pdf: stored 10, failed 0
[2026-05-30 02:01:24] midterm_pdf: no PDFs
[2026-05-30 02:01:24] done in 82.41s
[2026-05-30 07:00:02] fetching homepage
[2026-05-30 07:00:03] discovered 12 links across 2 sections
[2026-05-30 07:00:03] teachers_html: 2 unique source(s)
[2026-05-30 07:00:04]   [http://leqtori.gtu.ge:9000/public/teachers_2025_2026_2_10.html] fetching
[2026-05-30 07:00:06]   fetched 8028694 bytes
[2026-05-30 07:00:07]   parsed 10214 lectures from X კვირის სასწავლო ცხრილი
[2026-05-30 07:00:27]   stored 10214 (deduped 0) into lecture
[2026-05-30 07:00:27]   [http://leqtori.gtu.ge:9000/public/prof_teachers.html] fetching
[2026-05-30 07:00:27]   fetched 111363 bytes
[2026-05-30 07:00:27]   parsed 52 lectures from X კვირის სასწავლო ცხრილი
[2026-05-30 07:00:27]   stored 52 (deduped 0) into lecture
[2026-05-30 07:00:27] teachers totals: 1684 teachers, 4581 subjects, 10266 lectures
[2026-05-30 07:00:27] additional_pdf: 10 PDF(s) to fetch
[2026-05-30 07:00:27]   [additional_pdf/construction] fetching დამატ. ცხრ. -25-26 2 21.04.26 სამშენებლო.pdf
[2026-05-30 07:00:28]   [additional_pdf/construction] 307648 bytes, parsing PDF
[2026-05-30 07:00:28]   [additional_pdf/construction] 14 pages, 52664 text chars
[2026-05-30 07:00:29]   [additional_pdf/construction] structured: 195 logical rows -> 185 lectures
[2026-05-30 07:00:29]   [additional_pdf/power] fetching ენერგ ფაკ. დამატებითი_2025_2026_II_07_04_2026).pdf
[2026-05-30 07:00:30]   [additional_pdf/power] 71228 bytes, parsing PDF
[2026-05-30 07:00:30]   [additional_pdf/power] 2 pages, 6454 text chars
[2026-05-30 07:00:30]   [additional_pdf/power] raw text only
[2026-05-30 07:00:30]   [additional_pdf/mining] fetching სამთო-გეოლოგიური და მთის მდგრადი განვითარების ფაკულტეტი.pdf
[2026-05-30 07:00:30]   [additional_pdf/mining] 51893 bytes, parsing PDF
[2026-05-30 07:00:30]   [additional_pdf/mining] 1 pages, 2197 text chars
[2026-05-30 07:00:30]   [additional_pdf/mining] structured: 9 logical rows -> 8 lectures
[2026-05-30 07:00:30]   [additional_pdf/agrarian] fetching 2025-2026 II აგრარული დამატებითი_16_04_2026.pdf
[2026-05-30 07:00:31]   [additional_pdf/agrarian] 130098 bytes, parsing PDF
[2026-05-30 07:00:31]   [additional_pdf/agrarian] 4 pages, 11664 text chars
[2026-05-30 07:00:31]   [additional_pdf/agrarian] structured: 64 logical rows -> 64 lectures
[2026-05-30 07:00:31]   [additional_pdf/transport] fetching 05 დამატებითი ცხრილი . 23.04.2026.pdf
[2026-05-30 07:00:31]   [additional_pdf/transport] 164850 bytes, parsing PDF
[2026-05-30 07:00:32]   [additional_pdf/transport] 7 pages, 16906 text chars
[2026-05-30 07:00:32]   [additional_pdf/transport] raw text only
[2026-05-30 07:00:32]   [additional_pdf/architecture] fetching ცხრილი დამატ. არქიტექტურის, ურბანისტიკისა და დიზაინის.pdf
[2026-05-30 07:00:32]   [additional_pdf/architecture] 90193 bytes, parsing PDF
[2026-05-30 07:00:32]   [additional_pdf/architecture] 2 pages, 5806 text chars
[2026-05-30 07:00:32]   [additional_pdf/architecture] structured: 18 logical rows -> 15 lectures
[2026-05-30 07:00:32]   [additional_pdf/law] fetching სამართლისა და საერტაშორისო ურთ.დამატებითი ცხრილი_17_04_2026.pdf
[2026-05-30 07:00:33]   [additional_pdf/law] 284550 bytes, parsing PDF
[2026-05-30 07:00:33]   [additional_pdf/law] 9 pages, 16229 text chars
[2026-05-30 07:00:33]   [additional_pdf/law] raw text only
[2026-05-30 07:00:33]   [additional_pdf/ims] fetching იმს დამატებითი სასწავლო კურსების ცხრილი 2025-2026 II სემესტრი 25.05.2026.pdf
[2026-05-30 07:00:34]   [additional_pdf/ims] 204239 bytes, parsing PDF
[2026-05-30 07:00:34]   [additional_pdf/ims] 9 pages, 30012 text chars
[2026-05-30 07:00:35]   [additional_pdf/ims] structured: 159 logical rows -> 135 lectures
[2026-05-30 07:00:35]   [additional_pdf/business] fetching ბიზნესტექნოლოგიები_დამატებითი_17_04_2026.pdf
[2026-05-30 07:00:35]   [additional_pdf/business] 114955 bytes, parsing PDF
[2026-05-30 07:00:35]   [additional_pdf/business] 4 pages, 12300 text chars
[2026-05-30 07:00:35]   [additional_pdf/business] structured: 37 logical rows -> 19 lectures
[2026-05-30 07:00:35]   [additional_pdf/social] fetching დამატებიი ცხრილი სოციალურ მეცნიერებათა ფაკულტეტი 15_05_2026.pdf
[2026-05-30 07:00:36]   [additional_pdf/social] 86807 bytes, parsing PDF
[2026-05-30 07:00:36]   [additional_pdf/social] 1 pages, 2911 text chars
[2026-05-30 07:00:36]   [additional_pdf/social] raw text only
[2026-05-30 07:00:36] additional_pdf: stored 10, failed 0
[2026-05-30 07:00:36] midterm_pdf: no PDFs
[2026-05-30 07:00:36] done in 34.06s
[2026-05-30 12:00:02] fetching homepage
[2026-05-30 12:00:03] discovered 14 links across 3 sections
[2026-05-30 12:00:03] teachers_html: 3 unique source(s)
[2026-05-30 12:00:04]   [http://leqtori.gtu.ge:9000/public/teachers_2025_2026_2_10.html] fetching
[2026-05-30 12:00:06]   fetched 8028694 bytes
[2026-05-30 12:00:07]   parsed 10214 lectures from X კვირის სასწავლო ცხრილი
[2026-05-30 12:00:26]   stored 10214 (deduped 0) into lecture
[2026-05-30 12:00:26]   [http://leqtori.gtu.ge:9000/public/prof_teachers.html] fetching
[2026-05-30 12:00:27]   fetched 111363 bytes
[2026-05-30 12:00:27]   parsed 52 lectures from X კვირის სასწავლო ცხრილი
[2026-05-30 12:00:27]   stored 52 (deduped 0) into lecture
[2026-05-30 12:00:27]   [http://leqtori.gtu.ge:9000/public/teachers_2025_2026_2_11.html] fetching
[2026-05-30 12:00:28]   fetched 8027865 bytes
[2026-05-30 12:00:29]   parsed 10208 lectures from XI კვირის სასწავლო ცხრილი
[2026-05-30 12:00:45]   stored 10208 (deduped 0) into lecture
[2026-05-30 12:00:45] teachers totals: 1684 teachers, 4588 subjects, 20474 lectures
[2026-05-30 12:00:45] additional_pdf: 10 PDF(s) to fetch
[2026-05-30 12:00:45]   [additional_pdf/construction] fetching დამატ. ცხრ. -25-26 2 21.04.26 სამშენებლო.pdf
[2026-05-30 12:00:45]   [additional_pdf/construction] 307648 bytes, parsing PDF
[2026-05-30 12:00:46]   [additional_pdf/construction] 14 pages, 52664 text chars
[2026-05-30 12:00:46]   [additional_pdf/construction] structured: 195 logical rows -> 185 lectures
[2026-05-30 12:00:46]   [additional_pdf/power] fetching ენერგ ფაკ. დამატებითი_2025_2026_II_07_04_2026).pdf
[2026-05-30 12:00:47]   [additional_pdf/power] 71228 bytes, parsing PDF
[2026-05-30 12:00:47]   [additional_pdf/power] 2 pages, 6454 text chars
[2026-05-30 12:00:47]   [additional_pdf/power] raw text only
[2026-05-30 12:00:47]   [additional_pdf/mining] fetching სამთო-გეოლოგიური და მთის მდგრადი განვითარების ფაკულტეტი.pdf
[2026-05-30 12:00:48]   [additional_pdf/mining] 51893 bytes, parsing PDF
[2026-05-30 12:00:48]   [additional_pdf/mining] 1 pages, 2197 text chars
[2026-05-30 12:00:48]   [additional_pdf/mining] structured: 9 logical rows -> 8 lectures
[2026-05-30 12:00:48]   [additional_pdf/agrarian] fetching 2025-2026 II აგრარული დამატებითი_16_04_2026.pdf
[2026-05-30 12:00:48]   [additional_pdf/agrarian] 130098 bytes, parsing PDF
[2026-05-30 12:00:48]   [additional_pdf/agrarian] 4 pages, 11664 text chars
[2026-05-30 12:00:48]   [additional_pdf/agrarian] structured: 64 logical rows -> 64 lectures
[2026-05-30 12:00:48]   [additional_pdf/transport] fetching 05 დამატებითი ცხრილი . 23.04.2026.pdf
[2026-05-30 12:00:49]   [additional_pdf/transport] 164850 bytes, parsing PDF
[2026-05-30 12:00:49]   [additional_pdf/transport] 7 pages, 16906 text chars
[2026-05-30 12:00:49]   [additional_pdf/transport] raw text only
[2026-05-30 12:00:49]   [additional_pdf/architecture] fetching ცხრილი დამატ. არქიტექტურის, ურბანისტიკისა და დიზაინის.pdf
[2026-05-30 12:00:49]   [additional_pdf/architecture] 90193 bytes, parsing PDF
[2026-05-30 12:00:49]   [additional_pdf/architecture] 2 pages, 5806 text chars
[2026-05-30 12:00:50]   [additional_pdf/architecture] structured: 18 logical rows -> 15 lectures
[2026-05-30 12:00:50]   [additional_pdf/law] fetching სამართლისა და საერტაშორისო ურთ.დამატებითი ცხრილი_17_04_2026.pdf
[2026-05-30 12:00:50]   [additional_pdf/law] 284550 bytes, parsing PDF
[2026-05-30 12:00:51]   [additional_pdf/law] 9 pages, 16229 text chars
[2026-05-30 12:00:51]   [additional_pdf/law] raw text only
[2026-05-30 12:00:51]   [additional_pdf/ims] fetching იმს დამატებითი სასწავლო კურსების ცხრილი 2025-2026 II სემესტრი 25.05.2026.pdf
[2026-05-30 12:00:51]   [additional_pdf/ims] 204239 bytes, parsing PDF
[2026-05-30 12:00:51]   [additional_pdf/ims] 9 pages, 30012 text chars
[2026-05-30 12:00:52]   [additional_pdf/ims] structured: 159 logical rows -> 135 lectures
[2026-05-30 12:00:52]   [additional_pdf/business] fetching ბიზნესტექნოლოგიები_დამატებითი_17_04_2026.pdf
[2026-05-30 12:00:53]   [additional_pdf/business] 114955 bytes, parsing PDF
[2026-05-30 12:00:53]   [additional_pdf/business] 4 pages, 12300 text chars
[2026-05-30 12:00:53]   [additional_pdf/business] structured: 37 logical rows -> 19 lectures
[2026-05-30 12:00:53]   [additional_pdf/social] fetching დამატებიი ცხრილი სოციალურ მეცნიერებათა ფაკულტეტი 15_05_2026.pdf
[2026-05-30 12:00:53]   [additional_pdf/social] 86807 bytes, parsing PDF
[2026-05-30 12:00:53]   [additional_pdf/social] 1 pages, 2911 text chars
[2026-05-30 12:00:53]   [additional_pdf/social] raw text only
[2026-05-30 12:00:53] additional_pdf: stored 10, failed 0
[2026-05-30 12:00:53] midterm_pdf: no PDFs
[2026-05-30 12:00:53] done in 51.02s
[2026-05-30 17:00:02] fetching homepage
[2026-05-30 17:00:03] discovered 14 links across 3 sections
[2026-05-30 17:00:03] teachers_html: 3 unique source(s)
[2026-05-30 17:00:04]   [http://leqtori.gtu.ge:9000/public/teachers_2025_2026_2_10.html] fetching
[2026-05-30 17:00:05]   fetched 8028694 bytes
[2026-05-30 17:00:07]   parsed 10214 lectures from X კვირის სასწავლო ცხრილი
[2026-05-30 17:00:28]   stored 10214 (deduped 0) into lecture
[2026-05-30 17:00:28]   [http://leqtori.gtu.ge:9000/public/prof_teachers.html] fetching
[2026-05-30 17:00:29]   fetched 111363 bytes
[2026-05-30 17:00:29]   parsed 52 lectures from X კვირის სასწავლო ცხრილი
[2026-05-30 17:00:29]   stored 52 (deduped 0) into lecture
[2026-05-30 17:00:29]   [http://leqtori.gtu.ge:9000/public/teachers_2025_2026_2_11.html] fetching
[2026-05-30 17:00:30]   fetched 8027865 bytes
[2026-05-30 17:00:31]   parsed 10208 lectures from XI კვირის სასწავლო ცხრილი
[2026-05-30 17:00:47]   stored 10208 (deduped 0) into lecture
[2026-05-30 17:00:47] teachers totals: 1684 teachers, 4588 subjects, 20474 lectures
[2026-05-30 17:00:47] additional_pdf: 10 PDF(s) to fetch
[2026-05-30 17:00:47]   [additional_pdf/construction] fetching დამატ. ცხრ. -25-26 2 21.04.26 სამშენებლო.pdf
[2026-05-30 17:00:48]   [additional_pdf/construction] 307648 bytes, parsing PDF
[2026-05-30 17:00:48]   [additional_pdf/construction] 14 pages, 52664 text chars
[2026-05-30 17:00:49]   [additional_pdf/construction] structured: 195 logical rows -> 185 lectures
[2026-05-30 17:00:49]   [additional_pdf/power] fetching ენერგ ფაკ. დამატებითი_2025_2026_II_07_04_2026).pdf
[2026-05-30 17:00:49]   [additional_pdf/power] 71228 bytes, parsing PDF
[2026-05-30 17:00:49]   [additional_pdf/power] 2 pages, 6454 text chars
[2026-05-30 17:00:49]   [additional_pdf/power] raw text only
[2026-05-30 17:00:49]   [additional_pdf/mining] fetching სამთო-გეოლოგიური და მთის მდგრადი განვითარების ფაკულტეტი.pdf
[2026-05-30 17:00:50]   [additional_pdf/mining] 51893 bytes, parsing PDF
[2026-05-30 17:00:50]   [additional_pdf/mining] 1 pages, 2197 text chars
[2026-05-30 17:00:50]   [additional_pdf/mining] structured: 9 logical rows -> 8 lectures
[2026-05-30 17:00:50]   [additional_pdf/agrarian] fetching 2025-2026 II აგრარული დამატებითი_16_04_2026.pdf
[2026-05-30 17:00:50]   [additional_pdf/agrarian] 130098 bytes, parsing PDF
[2026-05-30 17:00:50]   [additional_pdf/agrarian] 4 pages, 11664 text chars
[2026-05-30 17:00:51]   [additional_pdf/agrarian] structured: 64 logical rows -> 64 lectures
[2026-05-30 17:00:51]   [additional_pdf/transport] fetching 05 დამატებითი ცხრილი . 23.04.2026.pdf
[2026-05-30 17:00:51]   [additional_pdf/transport] 164850 bytes, parsing PDF
[2026-05-30 17:00:51]   [additional_pdf/transport] 7 pages, 16906 text chars
[2026-05-30 17:00:51]   [additional_pdf/transport] raw text only
[2026-05-30 17:00:51]   [additional_pdf/architecture] fetching ცხრილი დამატ. არქიტექტურის, ურბანისტიკისა და დიზაინის.pdf
[2026-05-30 17:00:52]   [additional_pdf/architecture] 90193 bytes, parsing PDF
[2026-05-30 17:00:52]   [additional_pdf/architecture] 2 pages, 5806 text chars
[2026-05-30 17:00:52]   [additional_pdf/architecture] structured: 18 logical rows -> 15 lectures
[2026-05-30 17:00:52]   [additional_pdf/law] fetching სამართლისა და საერტაშორისო ურთ.დამატებითი ცხრილი_17_04_2026.pdf
[2026-05-30 17:00:53]   [additional_pdf/law] 284550 bytes, parsing PDF
[2026-05-30 17:00:53]   [additional_pdf/law] 9 pages, 16229 text chars
[2026-05-30 17:00:53]   [additional_pdf/law] raw text only
[2026-05-30 17:00:53]   [additional_pdf/ims] fetching იმს დამატებითი სასწავლო კურსების ცხრილი 2025-2026 II სემესტრი 25.05.2026.pdf
[2026-05-30 17:00:54]   [additional_pdf/ims] 204239 bytes, parsing PDF
[2026-05-30 17:00:54]   [additional_pdf/ims] 9 pages, 30012 text chars
[2026-05-30 17:00:54]   [additional_pdf/ims] structured: 159 logical rows -> 135 lectures
[2026-05-30 17:00:54]   [additional_pdf/business] fetching ბიზნესტექნოლოგიები_დამატებითი_17_04_2026.pdf
[2026-05-30 17:00:55]   [additional_pdf/business] 114955 bytes, parsing PDF
[2026-05-30 17:00:55]   [additional_pdf/business] 4 pages, 12300 text chars
[2026-05-30 17:00:55]   [additional_pdf/business] structured: 37 logical rows -> 19 lectures
[2026-05-30 17:00:55]   [additional_pdf/social] fetching დამატებიი ცხრილი სოციალურ მეცნიერებათა ფაკულტეტი 15_05_2026.pdf
[2026-05-30 17:00:55]   [additional_pdf/social] 86807 bytes, parsing PDF
[2026-05-30 17:00:55]   [additional_pdf/social] 1 pages, 2911 text chars
[2026-05-30 17:00:55]   [additional_pdf/social] raw text only
[2026-05-30 17:00:55] additional_pdf: stored 10, failed 0
[2026-05-30 17:00:55] midterm_pdf: no PDFs
[2026-05-30 17:00:55] done in 53.82s
[2026-05-30 22:00:01] fetching homepage
[2026-05-30 22:00:02] discovered 12 links across 2 sections
[2026-05-30 22:00:02] teachers_html: 2 unique source(s)
[2026-05-30 22:00:03]   [http://leqtori.gtu.ge:9000/public/teachers_2025_2026_2_11.html] fetching
[2026-05-30 22:00:04]   fetched 8027865 bytes
[2026-05-30 22:00:06]   parsed 10208 lectures from XI კვირის სასწავლო ცხრილი
[2026-05-30 22:00:26]   stored 10208 (deduped 0) into lecture
[2026-05-30 22:00:26]   [http://leqtori.gtu.ge:9000/public/prof_teachers.html] fetching
[2026-05-30 22:00:26]   fetched 111363 bytes
[2026-05-30 22:00:26]   parsed 52 lectures from XI კვირის სასწავლო ცხრილი
[2026-05-30 22:00:26]   stored 52 (deduped 0) into lecture
[2026-05-30 22:00:26] teachers totals: 1684 teachers, 4588 subjects, 10260 lectures
[2026-05-30 22:00:26] additional_pdf: 10 PDF(s) to fetch
[2026-05-30 22:00:26]   [additional_pdf/construction] fetching დამატ. ცხრ. -25-26 2 21.04.26 სამშენებლო.pdf
[2026-05-30 22:00:27]   [additional_pdf/construction] 307648 bytes, parsing PDF
[2026-05-30 22:00:27]   [additional_pdf/construction] 14 pages, 52664 text chars
[2026-05-30 22:00:28]   [additional_pdf/construction] structured: 195 logical rows -> 185 lectures
[2026-05-30 22:00:28]   [additional_pdf/power] fetching ენერგ ფაკ. დამატებითი_2025_2026_II_07_04_2026).pdf
[2026-05-30 22:00:29]   [additional_pdf/power] 71228 bytes, parsing PDF
[2026-05-30 22:00:29]   [additional_pdf/power] 2 pages, 6454 text chars
[2026-05-30 22:00:29]   [additional_pdf/power] raw text only
[2026-05-30 22:00:29]   [additional_pdf/mining] fetching სამთო-გეოლოგიური და მთის მდგრადი განვითარების ფაკულტეტი.pdf
[2026-05-30 22:00:29]   [additional_pdf/mining] 51893 bytes, parsing PDF
[2026-05-30 22:00:29]   [additional_pdf/mining] 1 pages, 2197 text chars
[2026-05-30 22:00:29]   [additional_pdf/mining] structured: 9 logical rows -> 8 lectures
[2026-05-30 22:00:29]   [additional_pdf/agrarian] fetching 2025-2026 II აგრარული დამატებითი_16_04_2026.pdf
[2026-05-30 22:00:30]   [additional_pdf/agrarian] 130098 bytes, parsing PDF
[2026-05-30 22:00:30]   [additional_pdf/agrarian] 4 pages, 11664 text chars
[2026-05-30 22:00:30]   [additional_pdf/agrarian] structured: 64 logical rows -> 64 lectures
[2026-05-30 22:00:30]   [additional_pdf/transport] fetching 05 დამატებითი ცხრილი . 23.04.2026.pdf
[2026-05-30 22:00:30]   [additional_pdf/transport] 164850 bytes, parsing PDF
[2026-05-30 22:00:30]   [additional_pdf/transport] 7 pages, 16906 text chars
[2026-05-30 22:00:30]   [additional_pdf/transport] raw text only
[2026-05-30 22:00:30]   [additional_pdf/architecture] fetching ცხრილი დამატ. არქიტექტურის, ურბანისტიკისა და დიზაინის.pdf
[2026-05-30 22:00:31]   [additional_pdf/architecture] 90193 bytes, parsing PDF
[2026-05-30 22:00:31]   [additional_pdf/architecture] 2 pages, 5806 text chars
[2026-05-30 22:00:31]   [additional_pdf/architecture] structured: 18 logical rows -> 15 lectures
[2026-05-30 22:00:31]   [additional_pdf/law] fetching სამართლისა და საერტაშორისო ურთ.დამატებითი ცხრილი_17_04_2026.pdf
[2026-05-30 22:00:32]   [additional_pdf/law] 284550 bytes, parsing PDF
[2026-05-30 22:00:32]   [additional_pdf/law] 9 pages, 16229 text chars
[2026-05-30 22:00:32]   [additional_pdf/law] raw text only
[2026-05-30 22:00:32]   [additional_pdf/ims] fetching იმს დამატებითი სასწავლო კურსების ცხრილი 2025-2026 II სემესტრი 25.05.2026.pdf
[2026-05-30 22:00:33]   [additional_pdf/ims] 204239 bytes, parsing PDF
[2026-05-30 22:00:33]   [additional_pdf/ims] 9 pages, 30012 text chars
[2026-05-30 22:00:34]   [additional_pdf/ims] structured: 159 logical rows -> 135 lectures
[2026-05-30 22:00:34]   [additional_pdf/business] fetching ბიზნესტექნოლოგიები_დამატებითი_17_04_2026.pdf
[2026-05-30 22:00:34]   [additional_pdf/business] 114955 bytes, parsing PDF
[2026-05-30 22:00:34]   [additional_pdf/business] 4 pages, 12300 text chars
[2026-05-30 22:00:34]   [additional_pdf/business] structured: 37 logical rows -> 19 lectures
[2026-05-30 22:00:34]   [additional_pdf/social] fetching დამატებიი ცხრილი სოციალურ მეცნიერებათა ფაკულტეტი 15_05_2026.pdf
[2026-05-30 22:00:35]   [additional_pdf/social] 86807 bytes, parsing PDF
[2026-05-30 22:00:35]   [additional_pdf/social] 1 pages, 2911 text chars
[2026-05-30 22:00:35]   [additional_pdf/social] raw text only
[2026-05-30 22:00:35] additional_pdf: stored 10, failed 0
[2026-05-30 22:00:35] midterm_pdf: no PDFs
[2026-05-30 22:00:35] done in 33.99s
[2026-05-31 02:00:02] fetching homepage
[2026-05-31 02:00:03] discovered 12 links across 2 sections
[2026-05-31 02:00:03] teachers_html: 2 unique source(s)
[2026-05-31 02:00:11]   [http://leqtori.gtu.ge:9000/public/teachers_2025_2026_2_11.html] fetching
[2026-05-31 02:00:13]   fetched 8027865 bytes
[2026-05-31 02:00:16]   parsed 10208 lectures from XI კვირის სასწავლო ცხრილი
[2026-05-31 02:01:24]   stored 10208 (deduped 0) into lecture
[2026-05-31 02:01:24]   [http://leqtori.gtu.ge:9000/public/prof_teachers.html] fetching
[2026-05-31 02:01:25]   fetched 111363 bytes
[2026-05-31 02:01:25]   parsed 52 lectures from XI კვირის სასწავლო ცხრილი
[2026-05-31 02:01:25]   stored 52 (deduped 0) into lecture
[2026-05-31 02:01:25] teachers totals: 1684 teachers, 4588 subjects, 10260 lectures
[2026-05-31 02:01:25] additional_pdf: 10 PDF(s) to fetch
[2026-05-31 02:01:25]   [additional_pdf/construction] fetching დამატ. ცხრ. -25-26 2 21.04.26 სამშენებლო.pdf
[2026-05-31 02:01:26]   [additional_pdf/construction] 307648 bytes, parsing PDF
[2026-05-31 02:01:26]   [additional_pdf/construction] 14 pages, 52664 text chars
[2026-05-31 02:01:27]   [additional_pdf/construction] structured: 195 logical rows -> 185 lectures
[2026-05-31 02:01:27]   [additional_pdf/power] fetching ენერგ ფაკ. დამატებითი_2025_2026_II_07_04_2026).pdf
[2026-05-31 02:01:28]   [additional_pdf/power] 71228 bytes, parsing PDF
[2026-05-31 02:01:28]   [additional_pdf/power] 2 pages, 6454 text chars
[2026-05-31 02:01:28]   [additional_pdf/power] raw text only
[2026-05-31 02:01:28]   [additional_pdf/mining] fetching სამთო-გეოლოგიური და მთის მდგრადი განვითარების ფაკულტეტი.pdf
[2026-05-31 02:01:28]   [additional_pdf/mining] 51893 bytes, parsing PDF
[2026-05-31 02:01:28]   [additional_pdf/mining] 1 pages, 2197 text chars
[2026-05-31 02:01:28]   [additional_pdf/mining] structured: 9 logical rows -> 8 lectures
[2026-05-31 02:01:28]   [additional_pdf/agrarian] fetching 2025-2026 II აგრარული დამატებითი_16_04_2026.pdf
[2026-05-31 02:01:29]   [additional_pdf/agrarian] 130098 bytes, parsing PDF
[2026-05-31 02:01:29]   [additional_pdf/agrarian] 4 pages, 11664 text chars
[2026-05-31 02:01:29]   [additional_pdf/agrarian] structured: 64 logical rows -> 64 lectures
[2026-05-31 02:01:29]   [additional_pdf/transport] fetching 05 დამატებითი ცხრილი . 23.04.2026.pdf
[2026-05-31 02:01:30]   [additional_pdf/transport] 164850 bytes, parsing PDF
[2026-05-31 02:01:30]   [additional_pdf/transport] 7 pages, 16906 text chars
[2026-05-31 02:01:30]   [additional_pdf/transport] raw text only
[2026-05-31 02:01:30]   [additional_pdf/architecture] fetching ცხრილი დამატ. არქიტექტურის, ურბანისტიკისა და დიზაინის.pdf
[2026-05-31 02:01:31]   [additional_pdf/architecture] 90193 bytes, parsing PDF
[2026-05-31 02:01:31]   [additional_pdf/architecture] 2 pages, 5806 text chars
[2026-05-31 02:01:31]   [additional_pdf/architecture] structured: 18 logical rows -> 15 lectures
[2026-05-31 02:01:31]   [additional_pdf/law] fetching სამართლისა და საერტაშორისო ურთ.დამატებითი ცხრილი_17_04_2026.pdf
[2026-05-31 02:01:31]   [additional_pdf/law] 284550 bytes, parsing PDF
[2026-05-31 02:01:32]   [additional_pdf/law] 9 pages, 16229 text chars
[2026-05-31 02:01:32]   [additional_pdf/law] raw text only
[2026-05-31 02:01:32]   [additional_pdf/ims] fetching იმს დამატებითი სასწავლო კურსების ცხრილი 2025-2026 II სემესტრი 25.05.2026.pdf
[2026-05-31 02:01:33]   [additional_pdf/ims] 204239 bytes, parsing PDF
[2026-05-31 02:01:33]   [additional_pdf/ims] 9 pages, 30012 text chars
[2026-05-31 02:01:34]   [additional_pdf/ims] structured: 159 logical rows -> 135 lectures
[2026-05-31 02:01:34]   [additional_pdf/business] fetching ბიზნესტექნოლოგიები_დამატებითი_17_04_2026.pdf
[2026-05-31 02:01:34]   [additional_pdf/business] 114955 bytes, parsing PDF
[2026-05-31 02:01:34]   [additional_pdf/business] 4 pages, 12300 text chars
[2026-05-31 02:01:35]   [additional_pdf/business] structured: 37 logical rows -> 19 lectures
[2026-05-31 02:01:35]   [additional_pdf/social] fetching დამატებიი ცხრილი სოციალურ მეცნიერებათა ფაკულტეტი 15_05_2026.pdf
[2026-05-31 02:01:35]   [additional_pdf/social] 86807 bytes, parsing PDF
[2026-05-31 02:01:35]   [additional_pdf/social] 1 pages, 2911 text chars
[2026-05-31 02:01:35]   [additional_pdf/social] raw text only
[2026-05-31 02:01:35] additional_pdf: stored 10, failed 0
[2026-05-31 02:01:35] midterm_pdf: no PDFs
[2026-05-31 02:01:35] done in 92.78s
[2026-05-31 07:00:02] fetching homepage
[2026-05-31 07:00:03] discovered 12 links across 2 sections
[2026-05-31 07:00:03] teachers_html: 2 unique source(s)
[2026-05-31 07:00:04]   [http://leqtori.gtu.ge:9000/public/teachers_2025_2026_2_11.html] fetching
[2026-05-31 07:00:05]   fetched 8027865 bytes
[2026-05-31 07:00:07]   parsed 10208 lectures from XI კვირის სასწავლო ცხრილი
[2026-05-31 07:00:26]   stored 10208 (deduped 0) into lecture
[2026-05-31 07:00:26]   [http://leqtori.gtu.ge:9000/public/prof_teachers.html] fetching
[2026-05-31 07:00:27]   fetched 111363 bytes
[2026-05-31 07:00:27]   parsed 52 lectures from XI კვირის სასწავლო ცხრილი
[2026-05-31 07:00:27]   stored 52 (deduped 0) into lecture
[2026-05-31 07:00:27] teachers totals: 1684 teachers, 4588 subjects, 10260 lectures
[2026-05-31 07:00:27] additional_pdf: 10 PDF(s) to fetch
[2026-05-31 07:00:27]   [additional_pdf/construction] fetching დამატ. ცხრ. -25-26 2 21.04.26 სამშენებლო.pdf
[2026-05-31 07:00:27]   [additional_pdf/construction] 307648 bytes, parsing PDF
[2026-05-31 07:00:28]   [additional_pdf/construction] 14 pages, 52664 text chars
[2026-05-31 07:00:28]   [additional_pdf/construction] structured: 195 logical rows -> 185 lectures
[2026-05-31 07:00:28]   [additional_pdf/power] fetching ენერგ ფაკ. დამატებითი_2025_2026_II_07_04_2026).pdf
[2026-05-31 07:00:29]   [additional_pdf/power] 71228 bytes, parsing PDF
[2026-05-31 07:00:29]   [additional_pdf/power] 2 pages, 6454 text chars
[2026-05-31 07:00:29]   [additional_pdf/power] raw text only
[2026-05-31 07:00:29]   [additional_pdf/mining] fetching სამთო-გეოლოგიური და მთის მდგრადი განვითარების ფაკულტეტი.pdf
[2026-05-31 07:00:30]   [additional_pdf/mining] 51893 bytes, parsing PDF
[2026-05-31 07:00:30]   [additional_pdf/mining] 1 pages, 2197 text chars
[2026-05-31 07:00:30]   [additional_pdf/mining] structured: 9 logical rows -> 8 lectures
[2026-05-31 07:00:30]   [additional_pdf/agrarian] fetching 2025-2026 II აგრარული დამატებითი_16_04_2026.pdf
[2026-05-31 07:00:30]   [additional_pdf/agrarian] 130098 bytes, parsing PDF
[2026-05-31 07:00:30]   [additional_pdf/agrarian] 4 pages, 11664 text chars
[2026-05-31 07:00:30]   [additional_pdf/agrarian] structured: 64 logical rows -> 64 lectures
[2026-05-31 07:00:30]   [additional_pdf/transport] fetching 05 დამატებითი ცხრილი . 23.04.2026.pdf
[2026-05-31 07:00:31]   [additional_pdf/transport] 164850 bytes, parsing PDF
[2026-05-31 07:00:31]   [additional_pdf/transport] 7 pages, 16906 text chars
[2026-05-31 07:00:31]   [additional_pdf/transport] raw text only
[2026-05-31 07:00:31]   [additional_pdf/architecture] fetching ცხრილი დამატ. არქიტექტურის, ურბანისტიკისა და დიზაინის.pdf
[2026-05-31 07:00:31]   [additional_pdf/architecture] 90193 bytes, parsing PDF
[2026-05-31 07:00:31]   [additional_pdf/architecture] 2 pages, 5806 text chars
[2026-05-31 07:00:31]   [additional_pdf/architecture] structured: 18 logical rows -> 15 lectures
[2026-05-31 07:00:31]   [additional_pdf/law] fetching სამართლისა და საერტაშორისო ურთ.დამატებითი ცხრილი_17_04_2026.pdf
[2026-05-31 07:00:32]   [additional_pdf/law] 284550 bytes, parsing PDF
[2026-05-31 07:00:32]   [additional_pdf/law] 9 pages, 16229 text chars
[2026-05-31 07:00:32]   [additional_pdf/law] raw text only
[2026-05-31 07:00:32]   [additional_pdf/ims] fetching იმს დამატებითი სასწავლო კურსების ცხრილი 2025-2026 II სემესტრი 25.05.2026.pdf
[2026-05-31 07:00:33]   [additional_pdf/ims] 204239 bytes, parsing PDF
[2026-05-31 07:00:33]   [additional_pdf/ims] 9 pages, 30012 text chars
[2026-05-31 07:00:34]   [additional_pdf/ims] structured: 159 logical rows -> 135 lectures
[2026-05-31 07:00:34]   [additional_pdf/business] fetching ბიზნესტექნოლოგიები_დამატებითი_17_04_2026.pdf
[2026-05-31 07:00:34]   [additional_pdf/business] 114955 bytes, parsing PDF
[2026-05-31 07:00:34]   [additional_pdf/business] 4 pages, 12300 text chars
[2026-05-31 07:00:35]   [additional_pdf/business] structured: 37 logical rows -> 19 lectures
[2026-05-31 07:00:35]   [additional_pdf/social] fetching დამატებიი ცხრილი სოციალურ მეცნიერებათა ფაკულტეტი 15_05_2026.pdf
[2026-05-31 07:00:35]   [additional_pdf/social] 86807 bytes, parsing PDF
[2026-05-31 07:00:35]   [additional_pdf/social] 1 pages, 2911 text chars
[2026-05-31 07:00:35]   [additional_pdf/social] raw text only
[2026-05-31 07:00:35] additional_pdf: stored 10, failed 0
[2026-05-31 07:00:35] midterm_pdf: no PDFs
[2026-05-31 07:00:35] done in 33.47s
[2026-05-31 12:00:01] fetching homepage
[2026-05-31 12:00:03] discovered 12 links across 2 sections
[2026-05-31 12:00:03] teachers_html: 2 unique source(s)
[2026-05-31 12:00:04]   [http://leqtori.gtu.ge:9000/public/teachers_2025_2026_2_11.html] fetching
[2026-05-31 12:00:05]   fetched 8027865 bytes
[2026-05-31 12:00:07]   parsed 10208 lectures from XI კვირის სასწავლო ცხრილი
[2026-05-31 12:00:29]   stored 10208 (deduped 0) into lecture
[2026-05-31 12:00:29]   [http://leqtori.gtu.ge:9000/public/prof_teachers.html] fetching
[2026-05-31 12:00:30]   fetched 111363 bytes
[2026-05-31 12:00:30]   parsed 52 lectures from XI კვირის სასწავლო ცხრილი
[2026-05-31 12:00:30]   stored 52 (deduped 0) into lecture
[2026-05-31 12:00:30] teachers totals: 1684 teachers, 4588 subjects, 10260 lectures
[2026-05-31 12:00:30] additional_pdf: 10 PDF(s) to fetch
[2026-05-31 12:00:30]   [additional_pdf/construction] fetching დამატ. ცხრ. -25-26 2 21.04.26 სამშენებლო.pdf
[2026-05-31 12:00:30]   [additional_pdf/construction] 307648 bytes, parsing PDF
[2026-05-31 12:00:31]   [additional_pdf/construction] 14 pages, 52664 text chars
[2026-05-31 12:00:32]   [additional_pdf/construction] structured: 195 logical rows -> 185 lectures
[2026-05-31 12:00:32]   [additional_pdf/power] fetching ენერგ ფაკ. დამატებითი_2025_2026_II_07_04_2026).pdf
[2026-05-31 12:00:32]   [additional_pdf/power] 71228 bytes, parsing PDF
[2026-05-31 12:00:32]   [additional_pdf/power] 2 pages, 6454 text chars
[2026-05-31 12:00:32]   [additional_pdf/power] raw text only
[2026-05-31 12:00:32]   [additional_pdf/mining] fetching სამთო-გეოლოგიური და მთის მდგრადი განვითარების ფაკულტეტი.pdf
[2026-05-31 12:00:33]   [additional_pdf/mining] 51893 bytes, parsing PDF
[2026-05-31 12:00:33]   [additional_pdf/mining] 1 pages, 2197 text chars
[2026-05-31 12:00:33]   [additional_pdf/mining] structured: 9 logical rows -> 8 lectures
[2026-05-31 12:00:33]   [additional_pdf/agrarian] fetching 2025-2026 II აგრარული დამატებითი_16_04_2026.pdf
[2026-05-31 12:00:33]   [additional_pdf/agrarian] 130098 bytes, parsing PDF
[2026-05-31 12:00:33]   [additional_pdf/agrarian] 4 pages, 11664 text chars
[2026-05-31 12:00:33]   [additional_pdf/agrarian] structured: 64 logical rows -> 64 lectures
[2026-05-31 12:00:33]   [additional_pdf/transport] fetching 05 დამატებითი ცხრილი . 23.04.2026.pdf
[2026-05-31 12:00:34]   [additional_pdf/transport] 164850 bytes, parsing PDF
[2026-05-31 12:00:34]   [additional_pdf/transport] 7 pages, 16906 text chars
[2026-05-31 12:00:34]   [additional_pdf/transport] raw text only
[2026-05-31 12:00:34]   [additional_pdf/architecture] fetching ცხრილი დამატ. არქიტექტურის, ურბანისტიკისა და დიზაინის.pdf
[2026-05-31 12:00:35]   [additional_pdf/architecture] 90193 bytes, parsing PDF
[2026-05-31 12:00:35]   [additional_pdf/architecture] 2 pages, 5806 text chars
[2026-05-31 12:00:35]   [additional_pdf/architecture] structured: 18 logical rows -> 15 lectures
[2026-05-31 12:00:35]   [additional_pdf/law] fetching სამართლისა და საერტაშორისო ურთ.დამატებითი ცხრილი_17_04_2026.pdf
[2026-05-31 12:00:36]   [additional_pdf/law] 284550 bytes, parsing PDF
[2026-05-31 12:00:36]   [additional_pdf/law] 9 pages, 16229 text chars
[2026-05-31 12:00:36]   [additional_pdf/law] raw text only
[2026-05-31 12:00:36]   [additional_pdf/ims] fetching იმს დამატებითი სასწავლო კურსების ცხრილი 2025-2026 II სემესტრი 25.05.2026.pdf
[2026-05-31 12:00:36]   [additional_pdf/ims] 204239 bytes, parsing PDF
[2026-05-31 12:00:37]   [additional_pdf/ims] 9 pages, 30012 text chars
[2026-05-31 12:00:37]   [additional_pdf/ims] structured: 159 logical rows -> 135 lectures
[2026-05-31 12:00:37]   [additional_pdf/business] fetching ბიზნესტექნოლოგიები_დამატებითი_17_04_2026.pdf
[2026-05-31 12:00:38]   [additional_pdf/business] 114955 bytes, parsing PDF
[2026-05-31 12:00:38]   [additional_pdf/business] 4 pages, 12300 text chars
[2026-05-31 12:00:38]   [additional_pdf/business] structured: 37 logical rows -> 19 lectures
[2026-05-31 12:00:38]   [additional_pdf/social] fetching დამატებიი ცხრილი სოციალურ მეცნიერებათა ფაკულტეტი 15_05_2026.pdf
[2026-05-31 12:00:39]   [additional_pdf/social] 86807 bytes, parsing PDF
[2026-05-31 12:00:39]   [additional_pdf/social] 1 pages, 2911 text chars
[2026-05-31 12:00:39]   [additional_pdf/social] raw text only
[2026-05-31 12:00:39] additional_pdf: stored 10, failed 0
[2026-05-31 12:00:39] midterm_pdf: no PDFs
[2026-05-31 12:00:39] done in 37.68s
[2026-05-31 17:00:01] fetching homepage
[2026-05-31 17:00:02] discovered 12 links across 2 sections
[2026-05-31 17:00:02] teachers_html: 2 unique source(s)
[2026-05-31 17:00:04]   [http://leqtori.gtu.ge:9000/public/teachers_2025_2026_2_11.html] fetching
[2026-05-31 17:00:05]   fetched 8027865 bytes
[2026-05-31 17:00:07]   parsed 10208 lectures from XI კვირის სასწავლო ცხრილი
[2026-05-31 17:00:35]   stored 10208 (deduped 0) into lecture
[2026-05-31 17:00:35]   [http://leqtori.gtu.ge:9000/public/prof_teachers.html] fetching
[2026-05-31 17:00:35]   fetched 111363 bytes
[2026-05-31 17:00:35]   parsed 52 lectures from XI კვირის სასწავლო ცხრილი
[2026-05-31 17:00:36]   stored 52 (deduped 0) into lecture
[2026-05-31 17:00:36] teachers totals: 1684 teachers, 4588 subjects, 10260 lectures
[2026-05-31 17:00:36] additional_pdf: 10 PDF(s) to fetch
[2026-05-31 17:00:36]   [additional_pdf/construction] fetching დამატ. ცხრ. -25-26 2 21.04.26 სამშენებლო.pdf
[2026-05-31 17:00:36]   [additional_pdf/construction] 307648 bytes, parsing PDF
[2026-05-31 17:00:37]   [additional_pdf/construction] 14 pages, 52664 text chars
[2026-05-31 17:00:38]   [additional_pdf/construction] structured: 195 logical rows -> 185 lectures
[2026-05-31 17:00:38]   [additional_pdf/power] fetching ენერგ ფაკ. დამატებითი_2025_2026_II_07_04_2026).pdf
[2026-05-31 17:00:38]   [additional_pdf/power] 71228 bytes, parsing PDF
[2026-05-31 17:00:38]   [additional_pdf/power] 2 pages, 6454 text chars
[2026-05-31 17:00:38]   [additional_pdf/power] raw text only
[2026-05-31 17:00:38]   [additional_pdf/mining] fetching სამთო-გეოლოგიური და მთის მდგრადი განვითარების ფაკულტეტი.pdf
[2026-05-31 17:00:39]   [additional_pdf/mining] 51893 bytes, parsing PDF
[2026-05-31 17:00:39]   [additional_pdf/mining] 1 pages, 2197 text chars
[2026-05-31 17:00:39]   [additional_pdf/mining] structured: 9 logical rows -> 8 lectures
[2026-05-31 17:00:39]   [additional_pdf/agrarian] fetching 2025-2026 II აგრარული დამატებითი_16_04_2026.pdf
[2026-05-31 17:00:39]   [additional_pdf/agrarian] 130098 bytes, parsing PDF
[2026-05-31 17:00:39]   [additional_pdf/agrarian] 4 pages, 11664 text chars
[2026-05-31 17:00:40]   [additional_pdf/agrarian] structured: 64 logical rows -> 64 lectures
[2026-05-31 17:00:40]   [additional_pdf/transport] fetching 05 დამატებითი ცხრილი . 23.04.2026.pdf
[2026-05-31 17:00:40]   [additional_pdf/transport] 164850 bytes, parsing PDF
[2026-05-31 17:00:40]   [additional_pdf/transport] 7 pages, 16906 text chars
[2026-05-31 17:00:40]   [additional_pdf/transport] raw text only
[2026-05-31 17:00:40]   [additional_pdf/architecture] fetching ცხრილი დამატ. არქიტექტურის, ურბანისტიკისა და დიზაინის.pdf
[2026-05-31 17:00:41]   [additional_pdf/architecture] 90193 bytes, parsing PDF
[2026-05-31 17:00:41]   [additional_pdf/architecture] 2 pages, 5806 text chars
[2026-05-31 17:00:41]   [additional_pdf/architecture] structured: 18 logical rows -> 15 lectures
[2026-05-31 17:00:41]   [additional_pdf/law] fetching სამართლისა და საერტაშორისო ურთ.დამატებითი ცხრილი_17_04_2026.pdf
[2026-05-31 17:00:42]   [additional_pdf/law] 284550 bytes, parsing PDF
[2026-05-31 17:00:42]   [additional_pdf/law] 9 pages, 16229 text chars
[2026-05-31 17:00:42]   [additional_pdf/law] raw text only
[2026-05-31 17:00:42]   [additional_pdf/ims] fetching იმს დამატებითი სასწავლო კურსების ცხრილი 2025-2026 II სემესტრი 25.05.2026.pdf
[2026-05-31 17:00:43]   [additional_pdf/ims] 204239 bytes, parsing PDF
[2026-05-31 17:00:43]   [additional_pdf/ims] 9 pages, 30012 text chars
[2026-05-31 17:00:44]   [additional_pdf/ims] structured: 159 logical rows -> 135 lectures
[2026-05-31 17:00:44]   [additional_pdf/business] fetching ბიზნესტექნოლოგიები_დამატებითი_17_04_2026.pdf
[2026-05-31 17:00:44]   [additional_pdf/business] 114955 bytes, parsing PDF
[2026-05-31 17:00:44]   [additional_pdf/business] 4 pages, 12300 text chars
[2026-05-31 17:00:44]   [additional_pdf/business] structured: 37 logical rows -> 19 lectures
[2026-05-31 17:00:44]   [additional_pdf/social] fetching დამატებიი ცხრილი სოციალურ მეცნიერებათა ფაკულტეტი 15_05_2026.pdf
[2026-05-31 17:00:45]   [additional_pdf/social] 86807 bytes, parsing PDF
[2026-05-31 17:00:45]   [additional_pdf/social] 1 pages, 2911 text chars
[2026-05-31 17:00:45]   [additional_pdf/social] raw text only
[2026-05-31 17:00:45] additional_pdf: stored 10, failed 0
[2026-05-31 17:00:45] midterm_pdf: no PDFs
[2026-05-31 17:00:45] done in 43.72s
[2026-05-31 22:00:01] fetching homepage
[2026-05-31 22:00:02] discovered 12 links across 2 sections
[2026-05-31 22:00:02] teachers_html: 2 unique source(s)
[2026-05-31 22:00:03]   [http://leqtori.gtu.ge:9000/public/teachers_2025_2026_2_11.html] fetching
[2026-05-31 22:00:04]   fetched 8027865 bytes
[2026-05-31 22:00:06]   parsed 10208 lectures from XI კვირის სასწავლო ცხრილი
[2026-05-31 22:00:29]   stored 10208 (deduped 0) into lecture
[2026-05-31 22:00:29]   [http://leqtori.gtu.ge:9000/public/prof_teachers.html] fetching
[2026-05-31 22:00:30]   fetched 111363 bytes
[2026-05-31 22:00:30]   parsed 52 lectures from XI კვირის სასწავლო ცხრილი
[2026-05-31 22:00:30]   stored 52 (deduped 0) into lecture
[2026-05-31 22:00:30] teachers totals: 1684 teachers, 4588 subjects, 10260 lectures
[2026-05-31 22:00:30] additional_pdf: 10 PDF(s) to fetch
[2026-05-31 22:00:30]   [additional_pdf/construction] fetching დამატ. ცხრ. -25-26 2 21.04.26 სამშენებლო.pdf
[2026-05-31 22:00:30]   [additional_pdf/construction] 307648 bytes, parsing PDF
[2026-05-31 22:00:31]   [additional_pdf/construction] 14 pages, 52664 text chars
[2026-05-31 22:00:32]   [additional_pdf/construction] structured: 195 logical rows -> 185 lectures
[2026-05-31 22:00:32]   [additional_pdf/power] fetching ენერგ ფაკ. დამატებითი_2025_2026_II_07_04_2026).pdf
[2026-05-31 22:00:32]   [additional_pdf/power] 71228 bytes, parsing PDF
[2026-05-31 22:00:32]   [additional_pdf/power] 2 pages, 6454 text chars
[2026-05-31 22:00:32]   [additional_pdf/power] raw text only
[2026-05-31 22:00:32]   [additional_pdf/mining] fetching სამთო-გეოლოგიური და მთის მდგრადი განვითარების ფაკულტეტი.pdf
[2026-05-31 22:00:32]   [additional_pdf/mining] 51893 bytes, parsing PDF
[2026-05-31 22:00:32]   [additional_pdf/mining] 1 pages, 2197 text chars
[2026-05-31 22:00:33]   [additional_pdf/mining] structured: 9 logical rows -> 8 lectures
[2026-05-31 22:00:33]   [additional_pdf/agrarian] fetching 2025-2026 II აგრარული დამატებითი_16_04_2026.pdf
[2026-05-31 22:00:33]   [additional_pdf/agrarian] 130098 bytes, parsing PDF
[2026-05-31 22:00:33]   [additional_pdf/agrarian] 4 pages, 11664 text chars
[2026-05-31 22:00:33]   [additional_pdf/agrarian] structured: 64 logical rows -> 64 lectures
[2026-05-31 22:00:33]   [additional_pdf/transport] fetching 05 დამატებითი ცხრილი . 23.04.2026.pdf
[2026-05-31 22:00:34]   [additional_pdf/transport] 164850 bytes, parsing PDF
[2026-05-31 22:00:34]   [additional_pdf/transport] 7 pages, 16906 text chars
[2026-05-31 22:00:34]   [additional_pdf/transport] raw text only
[2026-05-31 22:00:34]   [additional_pdf/architecture] fetching ცხრილი დამატ. არქიტექტურის, ურბანისტიკისა და დიზაინის.pdf
[2026-05-31 22:00:34]   [additional_pdf/architecture] 90193 bytes, parsing PDF
[2026-05-31 22:00:34]   [additional_pdf/architecture] 2 pages, 5806 text chars
[2026-05-31 22:00:35]   [additional_pdf/architecture] structured: 18 logical rows -> 15 lectures
[2026-05-31 22:00:35]   [additional_pdf/law] fetching სამართლისა და საერტაშორისო ურთ.დამატებითი ცხრილი_17_04_2026.pdf
[2026-05-31 22:00:35]   [additional_pdf/law] 284550 bytes, parsing PDF
[2026-05-31 22:00:35]   [additional_pdf/law] 9 pages, 16229 text chars
[2026-05-31 22:00:35]   [additional_pdf/law] raw text only
[2026-05-31 22:00:35]   [additional_pdf/ims] fetching იმს დამატებითი სასწავლო კურსების ცხრილი 2025-2026 II სემესტრი 25.05.2026.pdf
[2026-05-31 22:00:36]   [additional_pdf/ims] 204239 bytes, parsing PDF
[2026-05-31 22:00:36]   [additional_pdf/ims] 9 pages, 30012 text chars
[2026-05-31 22:00:37]   [additional_pdf/ims] structured: 159 logical rows -> 135 lectures
[2026-05-31 22:00:37]   [additional_pdf/business] fetching ბიზნესტექნოლოგიები_დამატებითი_17_04_2026.pdf
[2026-05-31 22:00:37]   [additional_pdf/business] 114955 bytes, parsing PDF
[2026-05-31 22:00:37]   [additional_pdf/business] 4 pages, 12300 text chars
[2026-05-31 22:00:37]   [additional_pdf/business] structured: 37 logical rows -> 19 lectures
[2026-05-31 22:00:37]   [additional_pdf/social] fetching დამატებიი ცხრილი სოციალურ მეცნიერებათა ფაკულტეტი 15_05_2026.pdf
[2026-05-31 22:00:38]   [additional_pdf/social] 86807 bytes, parsing PDF
[2026-05-31 22:00:38]   [additional_pdf/social] 1 pages, 2911 text chars
[2026-05-31 22:00:38]   [additional_pdf/social] raw text only
[2026-05-31 22:00:38] additional_pdf: stored 10, failed 0
[2026-05-31 22:00:38] midterm_pdf: no PDFs
[2026-05-31 22:00:38] done in 36.90s
[2026-06-01 02:00:02] fetching homepage
[2026-06-01 02:00:03] discovered 12 links across 2 sections
[2026-06-01 02:00:03] teachers_html: 2 unique source(s)
[2026-06-01 02:00:04]   [http://leqtori.gtu.ge:9000/public/teachers_2025_2026_2_11.html] fetching
[2026-06-01 02:00:06]   fetched 8027865 bytes
[2026-06-01 02:00:10]   parsed 10208 lectures from XI კვირის სასწავლო ცხრილი
[2026-06-01 02:01:12]   stored 10208 (deduped 0) into lecture
[2026-06-01 02:01:12]   [http://leqtori.gtu.ge:9000/public/prof_teachers.html] fetching
[2026-06-01 02:01:12]   fetched 111363 bytes
[2026-06-01 02:01:12]   parsed 52 lectures from XI კვირის სასწავლო ცხრილი
[2026-06-01 02:01:13]   stored 52 (deduped 0) into lecture
[2026-06-01 02:01:13] teachers totals: 1684 teachers, 4588 subjects, 10260 lectures
[2026-06-01 02:01:13] additional_pdf: 10 PDF(s) to fetch
[2026-06-01 02:01:13]   [additional_pdf/construction] fetching დამატ. ცხრ. -25-26 2 21.04.26 სამშენებლო.pdf
[2026-06-01 02:01:13]   [additional_pdf/construction] 307648 bytes, parsing PDF
[2026-06-01 02:01:14]   [additional_pdf/construction] 14 pages, 52664 text chars
[2026-06-01 02:01:15]   [additional_pdf/construction] structured: 195 logical rows -> 185 lectures
[2026-06-01 02:01:15]   [additional_pdf/power] fetching ენერგ ფაკ. დამატებითი_2025_2026_II_07_04_2026).pdf
[2026-06-01 02:01:15]   [additional_pdf/power] 71228 bytes, parsing PDF
[2026-06-01 02:01:15]   [additional_pdf/power] 2 pages, 6454 text chars
[2026-06-01 02:01:15]   [additional_pdf/power] raw text only
[2026-06-01 02:01:15]   [additional_pdf/mining] fetching სამთო-გეოლოგიური და მთის მდგრადი განვითარების ფაკულტეტი.pdf
[2026-06-01 02:01:16]   [additional_pdf/mining] 51893 bytes, parsing PDF
[2026-06-01 02:01:16]   [additional_pdf/mining] 1 pages, 2197 text chars
[2026-06-01 02:01:16]   [additional_pdf/mining] structured: 9 logical rows -> 8 lectures
[2026-06-01 02:01:16]   [additional_pdf/agrarian] fetching 2025-2026 II აგრარული დამატებითი_16_04_2026.pdf
[2026-06-01 02:01:16]   [additional_pdf/agrarian] 130098 bytes, parsing PDF
[2026-06-01 02:01:16]   [additional_pdf/agrarian] 4 pages, 11664 text chars
[2026-06-01 02:01:17]   [additional_pdf/agrarian] structured: 64 logical rows -> 64 lectures
[2026-06-01 02:01:17]   [additional_pdf/transport] fetching 05 დამატებითი ცხრილი . 23.04.2026.pdf
[2026-06-01 02:01:17]   [additional_pdf/transport] 164850 bytes, parsing PDF
[2026-06-01 02:01:17]   [additional_pdf/transport] 7 pages, 16906 text chars
[2026-06-01 02:01:17]   [additional_pdf/transport] raw text only
[2026-06-01 02:01:17]   [additional_pdf/architecture] fetching ცხრილი დამატ. არქიტექტურის, ურბანისტიკისა და დიზაინის.pdf
[2026-06-01 02:01:18]   [additional_pdf/architecture] 90193 bytes, parsing PDF
[2026-06-01 02:01:18]   [additional_pdf/architecture] 2 pages, 5806 text chars
[2026-06-01 02:01:18]   [additional_pdf/architecture] structured: 18 logical rows -> 15 lectures
[2026-06-01 02:01:18]   [additional_pdf/law] fetching სამართლისა და საერტაშორისო ურთ.დამატებითი ცხრილი_17_04_2026.pdf
[2026-06-01 02:01:18]   [additional_pdf/law] 284550 bytes, parsing PDF
[2026-06-01 02:01:19]   [additional_pdf/law] 9 pages, 16229 text chars
[2026-06-01 02:01:19]   [additional_pdf/law] raw text only
[2026-06-01 02:01:19]   [additional_pdf/ims] fetching იმს დამატებითი სასწავლო კურსების ცხრილი 2025-2026 II სემესტრი 25.05.2026.pdf
[2026-06-01 02:01:19]   [additional_pdf/ims] 204239 bytes, parsing PDF
[2026-06-01 02:01:19]   [additional_pdf/ims] 9 pages, 30012 text chars
[2026-06-01 02:01:20]   [additional_pdf/ims] structured: 159 logical rows -> 135 lectures
[2026-06-01 02:01:20]   [additional_pdf/business] fetching ბიზნესტექნოლოგიები_დამატებითი_17_04_2026.pdf
[2026-06-01 02:01:21]   [additional_pdf/business] 114955 bytes, parsing PDF
[2026-06-01 02:01:21]   [additional_pdf/business] 4 pages, 12300 text chars
[2026-06-01 02:01:21]   [additional_pdf/business] structured: 37 logical rows -> 19 lectures
[2026-06-01 02:01:21]   [additional_pdf/social] fetching დამატებიი ცხრილი სოციალურ მეცნიერებათა ფაკულტეტი 15_05_2026.pdf
[2026-06-01 02:01:21]   [additional_pdf/social] 86807 bytes, parsing PDF
[2026-06-01 02:01:21]   [additional_pdf/social] 1 pages, 2911 text chars
[2026-06-01 02:01:21]   [additional_pdf/social] raw text only
[2026-06-01 02:01:21] additional_pdf: stored 10, failed 0
[2026-06-01 02:01:21] midterm_pdf: no PDFs
[2026-06-01 02:01:21] done in 79.42s
[2026-06-01 07:00:01] fetching homepage
[2026-06-01 07:00:02] discovered 12 links across 2 sections
[2026-06-01 07:00:02] teachers_html: 2 unique source(s)
[2026-06-01 07:00:04]   [http://leqtori.gtu.ge:9000/public/teachers_2025_2026_2_11.html] fetching
[2026-06-01 07:00:05]   fetched 8027865 bytes
[2026-06-01 07:00:07]   parsed 10208 lectures from XI კვირის სასწავლო ცხრილი
[2026-06-01 07:00:28]   stored 10208 (deduped 0) into lecture
[2026-06-01 07:00:28]   [http://leqtori.gtu.ge:9000/public/prof_teachers.html] fetching
[2026-06-01 07:00:28]   fetched 111363 bytes
[2026-06-01 07:00:28]   parsed 52 lectures from XI კვირის სასწავლო ცხრილი
[2026-06-01 07:00:28]   stored 52 (deduped 0) into lecture
[2026-06-01 07:00:29] teachers totals: 1684 teachers, 4588 subjects, 10260 lectures
[2026-06-01 07:00:29] additional_pdf: 10 PDF(s) to fetch
[2026-06-01 07:00:29]   [additional_pdf/construction] fetching დამატ. ცხრ. -25-26 2 21.04.26 სამშენებლო.pdf
[2026-06-01 07:00:29]   [additional_pdf/construction] 307648 bytes, parsing PDF
[2026-06-01 07:00:29]   [additional_pdf/construction] 14 pages, 52664 text chars
[2026-06-01 07:00:30]   [additional_pdf/construction] structured: 195 logical rows -> 185 lectures
[2026-06-01 07:00:30]   [additional_pdf/power] fetching ენერგ ფაკ. დამატებითი_2025_2026_II_07_04_2026).pdf
[2026-06-01 07:00:30]   [additional_pdf/power] 71228 bytes, parsing PDF
[2026-06-01 07:00:31]   [additional_pdf/power] 2 pages, 6454 text chars
[2026-06-01 07:00:31]   [additional_pdf/power] raw text only
[2026-06-01 07:00:31]   [additional_pdf/mining] fetching სამთო-გეოლოგიური და მთის მდგრადი განვითარების ფაკულტეტი.pdf
[2026-06-01 07:00:31]   [additional_pdf/mining] 51893 bytes, parsing PDF
[2026-06-01 07:00:31]   [additional_pdf/mining] 1 pages, 2197 text chars
[2026-06-01 07:00:31]   [additional_pdf/mining] structured: 9 logical rows -> 8 lectures
[2026-06-01 07:00:31]   [additional_pdf/agrarian] fetching 2025-2026 II აგრარული დამატებითი_16_04_2026.pdf
[2026-06-01 07:00:31]   [additional_pdf/agrarian] 130098 bytes, parsing PDF
[2026-06-01 07:00:32]   [additional_pdf/agrarian] 4 pages, 11664 text chars
[2026-06-01 07:00:32]   [additional_pdf/agrarian] structured: 64 logical rows -> 64 lectures
[2026-06-01 07:00:32]   [additional_pdf/transport] fetching 05 დამატებითი ცხრილი . 23.04.2026.pdf
[2026-06-01 07:00:32]   [additional_pdf/transport] 164850 bytes, parsing PDF
[2026-06-01 07:00:32]   [additional_pdf/transport] 7 pages, 16906 text chars
[2026-06-01 07:00:32]   [additional_pdf/transport] raw text only
[2026-06-01 07:00:32]   [additional_pdf/architecture] fetching ცხრილი დამატ. არქიტექტურის, ურბანისტიკისა და დიზაინის.pdf
[2026-06-01 07:00:33]   [additional_pdf/architecture] 90193 bytes, parsing PDF
[2026-06-01 07:00:33]   [additional_pdf/architecture] 2 pages, 5806 text chars
[2026-06-01 07:00:33]   [additional_pdf/architecture] structured: 18 logical rows -> 15 lectures
[2026-06-01 07:00:33]   [additional_pdf/law] fetching სამართლისა და საერტაშორისო ურთ.დამატებითი ცხრილი_17_04_2026.pdf
[2026-06-01 07:00:33]   [additional_pdf/law] 284550 bytes, parsing PDF
[2026-06-01 07:00:34]   [additional_pdf/law] 9 pages, 16229 text chars
[2026-06-01 07:00:34]   [additional_pdf/law] raw text only
[2026-06-01 07:00:34]   [additional_pdf/ims] fetching იმს დამატებითი სასწავლო კურსების ცხრილი 2025-2026 II სემესტრი 25.05.2026.pdf
[2026-06-01 07:00:34]   [additional_pdf/ims] 204239 bytes, parsing PDF
[2026-06-01 07:00:34]   [additional_pdf/ims] 9 pages, 30012 text chars
[2026-06-01 07:00:35]   [additional_pdf/ims] structured: 159 logical rows -> 135 lectures
[2026-06-01 07:00:35]   [additional_pdf/business] fetching ბიზნესტექნოლოგიები_დამატებითი_17_04_2026.pdf
[2026-06-01 07:00:35]   [additional_pdf/business] 114955 bytes, parsing PDF
[2026-06-01 07:00:36]   [additional_pdf/business] 4 pages, 12300 text chars
[2026-06-01 07:00:36]   [additional_pdf/business] structured: 37 logical rows -> 19 lectures
[2026-06-01 07:00:36]   [additional_pdf/social] fetching დამატებიი ცხრილი სოციალურ მეცნიერებათა ფაკულტეტი 15_05_2026.pdf
[2026-06-01 07:00:36]   [additional_pdf/social] 86807 bytes, parsing PDF
[2026-06-01 07:00:36]   [additional_pdf/social] 1 pages, 2911 text chars
[2026-06-01 07:00:36]   [additional_pdf/social] raw text only
[2026-06-01 07:00:36] additional_pdf: stored 10, failed 0
[2026-06-01 07:00:36] midterm_pdf: no PDFs
[2026-06-01 07:00:36] done in 35.20s
[2026-06-01 12:00:01] fetching homepage
[2026-06-01 12:00:02] discovered 12 links across 2 sections
[2026-06-01 12:00:02] teachers_html: 2 unique source(s)
[2026-06-01 12:00:04]   [http://leqtori.gtu.ge:9000/public/teachers_2025_2026_2_11.html] fetching
[2026-06-01 12:00:05]   fetched 8027865 bytes
[2026-06-01 12:00:07]   parsed 10208 lectures from XI კვირის სასწავლო ცხრილი
[2026-06-01 12:00:32]   stored 10208 (deduped 0) into lecture
[2026-06-01 12:00:32]   [http://leqtori.gtu.ge:9000/public/prof_teachers.html] fetching
[2026-06-01 12:00:32]   fetched 111363 bytes
[2026-06-01 12:00:32]   parsed 52 lectures from XI კვირის სასწავლო ცხრილი
[2026-06-01 12:00:32]   stored 52 (deduped 0) into lecture
[2026-06-01 12:00:32] teachers totals: 1684 teachers, 4588 subjects, 10260 lectures
[2026-06-01 12:00:32] additional_pdf: 10 PDF(s) to fetch
[2026-06-01 12:00:32]   [additional_pdf/construction] fetching დამატ. ცხრ. -25-26 2 21.04.26 სამშენებლო.pdf
[2026-06-01 12:00:33]   [additional_pdf/construction] 307648 bytes, parsing PDF
[2026-06-01 12:00:33]   [additional_pdf/construction] 14 pages, 52664 text chars
[2026-06-01 12:00:34]   [additional_pdf/construction] structured: 195 logical rows -> 185 lectures
[2026-06-01 12:00:34]   [additional_pdf/power] fetching ენერგ ფაკ. დამატებითი_2025_2026_II_07_04_2026).pdf
[2026-06-01 12:00:34]   [additional_pdf/power] 71228 bytes, parsing PDF
[2026-06-01 12:00:35]   [additional_pdf/power] 2 pages, 6454 text chars
[2026-06-01 12:00:35]   [additional_pdf/power] raw text only
[2026-06-01 12:00:35]   [additional_pdf/mining] fetching სამთო-გეოლოგიური და მთის მდგრადი განვითარების ფაკულტეტი.pdf
[2026-06-01 12:00:35]   [additional_pdf/mining] 51893 bytes, parsing PDF
[2026-06-01 12:00:35]   [additional_pdf/mining] 1 pages, 2197 text chars
[2026-06-01 12:00:35]   [additional_pdf/mining] structured: 9 logical rows -> 8 lectures
[2026-06-01 12:00:35]   [additional_pdf/agrarian] fetching 2025-2026 II აგრარული დამატებითი_16_04_2026.pdf
[2026-06-01 12:00:36]   [additional_pdf/agrarian] 130098 bytes, parsing PDF
[2026-06-01 12:00:36]   [additional_pdf/agrarian] 4 pages, 11664 text chars
[2026-06-01 12:00:36]   [additional_pdf/agrarian] structured: 64 logical rows -> 64 lectures
[2026-06-01 12:00:36]   [additional_pdf/transport] fetching 05 დამატებითი ცხრილი . 23.04.2026.pdf
[2026-06-01 12:00:36]   [additional_pdf/transport] 164850 bytes, parsing PDF
[2026-06-01 12:00:37]   [additional_pdf/transport] 7 pages, 16906 text chars
[2026-06-01 12:00:37]   [additional_pdf/transport] raw text only
[2026-06-01 12:00:37]   [additional_pdf/architecture] fetching ცხრილი დამატ. არქიტექტურის, ურბანისტიკისა და დიზაინის.pdf
[2026-06-01 12:00:37]   [additional_pdf/architecture] 90193 bytes, parsing PDF
[2026-06-01 12:00:37]   [additional_pdf/architecture] 2 pages, 5806 text chars
[2026-06-01 12:00:37]   [additional_pdf/architecture] structured: 18 logical rows -> 15 lectures
[2026-06-01 12:00:37]   [additional_pdf/law] fetching სამართლისა და საერტაშორისო ურთ.დამატებითი ცხრილი_17_04_2026.pdf
[2026-06-01 12:00:38]   [additional_pdf/law] 284550 bytes, parsing PDF
[2026-06-01 12:00:38]   [additional_pdf/law] 9 pages, 16229 text chars
[2026-06-01 12:00:38]   [additional_pdf/law] raw text only
[2026-06-01 12:00:38]   [additional_pdf/ims] fetching იმს დამატებითი სასწავლო კურსების ცხრილი 2025-2026 II სემესტრი 25.05.2026.pdf
[2026-06-01 12:00:39]   [additional_pdf/ims] 204239 bytes, parsing PDF
[2026-06-01 12:00:39]   [additional_pdf/ims] 9 pages, 30012 text chars
[2026-06-01 12:00:40]   [additional_pdf/ims] structured: 159 logical rows -> 135 lectures
[2026-06-01 12:00:40]   [additional_pdf/business] fetching ბიზნესტექნოლოგიები_დამატებითი_17_04_2026.pdf
[2026-06-01 12:00:40]   [additional_pdf/business] 114955 bytes, parsing PDF
[2026-06-01 12:00:40]   [additional_pdf/business] 4 pages, 12300 text chars
[2026-06-01 12:00:40]   [additional_pdf/business] structured: 37 logical rows -> 19 lectures
[2026-06-01 12:00:40]   [additional_pdf/social] fetching დამატებიი ცხრილი სოციალურ მეცნიერებათა ფაკულტეტი 15_05_2026.pdf
[2026-06-01 12:00:41]   [additional_pdf/social] 86807 bytes, parsing PDF
[2026-06-01 12:00:41]   [additional_pdf/social] 1 pages, 2911 text chars
[2026-06-01 12:00:41]   [additional_pdf/social] raw text only
[2026-06-01 12:00:41] additional_pdf: stored 10, failed 0
[2026-06-01 12:00:41] midterm_pdf: no PDFs
[2026-06-01 12:00:41] done in 39.92s
[2026-06-01 17:00:02] fetching homepage
[2026-06-01 17:00:03] discovered 12 links across 2 sections
[2026-06-01 17:00:03] teachers_html: 2 unique source(s)
[2026-06-01 17:00:04]   [http://leqtori.gtu.ge:9000/public/teachers_2025_2026_2_11.html] fetching
[2026-06-01 17:00:05]   fetched 8027865 bytes
[2026-06-01 17:00:07]   parsed 10208 lectures from XI კვირის სასწავლო ცხრილი
[2026-06-01 17:00:25]   stored 10208 (deduped 0) into lecture
[2026-06-01 17:00:25]   [http://leqtori.gtu.ge:9000/public/prof_teachers.html] fetching
[2026-06-01 17:00:25]   fetched 111363 bytes
[2026-06-01 17:00:25]   parsed 52 lectures from XI კვირის სასწავლო ცხრილი
[2026-06-01 17:00:25]   stored 52 (deduped 0) into lecture
[2026-06-01 17:00:25] teachers totals: 1684 teachers, 4588 subjects, 10260 lectures
[2026-06-01 17:00:25] additional_pdf: 10 PDF(s) to fetch
[2026-06-01 17:00:25]   [additional_pdf/construction] fetching დამატ. ცხრ. -25-26 2 21.04.26 სამშენებლო.pdf
[2026-06-01 17:00:26]   [additional_pdf/construction] 307648 bytes, parsing PDF
[2026-06-01 17:00:26]   [additional_pdf/construction] 14 pages, 52664 text chars
[2026-06-01 17:00:27]   [additional_pdf/construction] structured: 195 logical rows -> 185 lectures
[2026-06-01 17:00:27]   [additional_pdf/power] fetching ენერგ ფაკ. დამატებითი_2025_2026_II_07_04_2026).pdf
[2026-06-01 17:00:28]   [additional_pdf/power] 71228 bytes, parsing PDF
[2026-06-01 17:00:28]   [additional_pdf/power] 2 pages, 6454 text chars
[2026-06-01 17:00:28]   [additional_pdf/power] raw text only
[2026-06-01 17:00:28]   [additional_pdf/mining] fetching სამთო-გეოლოგიური და მთის მდგრადი განვითარების ფაკულტეტი.pdf
[2026-06-01 17:00:28]   [additional_pdf/mining] 51893 bytes, parsing PDF
[2026-06-01 17:00:28]   [additional_pdf/mining] 1 pages, 2197 text chars
[2026-06-01 17:00:28]   [additional_pdf/mining] structured: 9 logical rows -> 8 lectures
[2026-06-01 17:00:28]   [additional_pdf/agrarian] fetching 2025-2026 II აგრარული დამატებითი_16_04_2026.pdf
[2026-06-01 17:00:29]   [additional_pdf/agrarian] 130098 bytes, parsing PDF
[2026-06-01 17:00:29]   [additional_pdf/agrarian] 4 pages, 11664 text chars
[2026-06-01 17:00:29]   [additional_pdf/agrarian] structured: 64 logical rows -> 64 lectures
[2026-06-01 17:00:29]   [additional_pdf/transport] fetching 05 დამატებითი ცხრილი . 23.04.2026.pdf
[2026-06-01 17:00:29]   [additional_pdf/transport] 164850 bytes, parsing PDF
[2026-06-01 17:00:30]   [additional_pdf/transport] 7 pages, 16906 text chars
[2026-06-01 17:00:30]   [additional_pdf/transport] raw text only
[2026-06-01 17:00:30]   [additional_pdf/architecture] fetching ცხრილი დამატ. არქიტექტურის, ურბანისტიკისა და დიზაინის.pdf
[2026-06-01 17:00:30]   [additional_pdf/architecture] 90193 bytes, parsing PDF
[2026-06-01 17:00:30]   [additional_pdf/architecture] 2 pages, 5806 text chars
[2026-06-01 17:00:30]   [additional_pdf/architecture] structured: 18 logical rows -> 15 lectures
[2026-06-01 17:00:30]   [additional_pdf/law] fetching სამართლისა და საერტაშორისო ურთ.დამატებითი ცხრილი_17_04_2026.pdf
[2026-06-01 17:00:31]   [additional_pdf/law] 284550 bytes, parsing PDF
[2026-06-01 17:00:31]   [additional_pdf/law] 9 pages, 16229 text chars
[2026-06-01 17:00:31]   [additional_pdf/law] raw text only
[2026-06-01 17:00:31]   [additional_pdf/ims] fetching იმს დამატებითი სასწავლო კურსების ცხრილი 2025-2026 II სემესტრი 25.05.2026.pdf
[2026-06-01 17:00:32]   [additional_pdf/ims] 204239 bytes, parsing PDF
[2026-06-01 17:00:32]   [additional_pdf/ims] 9 pages, 30012 text chars
[2026-06-01 17:00:33]   [additional_pdf/ims] structured: 159 logical rows -> 135 lectures
[2026-06-01 17:00:33]   [additional_pdf/business] fetching ბიზნესტექნოლოგიები_დამატებითი_17_04_2026.pdf
[2026-06-01 17:00:33]   [additional_pdf/business] 114955 bytes, parsing PDF
[2026-06-01 17:00:33]   [additional_pdf/business] 4 pages, 12300 text chars
[2026-06-01 17:00:33]   [additional_pdf/business] structured: 37 logical rows -> 19 lectures
[2026-06-01 17:00:33]   [additional_pdf/social] fetching დამატებიი ცხრილი სოციალურ მეცნიერებათა ფაკულტეტი 15_05_2026.pdf
[2026-06-01 17:00:34]   [additional_pdf/social] 86807 bytes, parsing PDF
[2026-06-01 17:00:34]   [additional_pdf/social] 1 pages, 2911 text chars
[2026-06-01 17:00:34]   [additional_pdf/social] raw text only
[2026-06-01 17:00:34] additional_pdf: stored 10, failed 0
[2026-06-01 17:00:34] midterm_pdf: no PDFs
[2026-06-01 17:00:34] done in 32.21s
[2026-06-01 22:00:01] fetching homepage
[2026-06-01 22:00:02] discovered 12 links across 2 sections
[2026-06-01 22:00:02] teachers_html: 2 unique source(s)
[2026-06-01 22:00:03]   [http://leqtori.gtu.ge:9000/public/teachers_2025_2026_2_11.html] fetching
[2026-06-01 22:00:04]   fetched 8027865 bytes
[2026-06-01 22:00:06]   parsed 10208 lectures from XI კვირის სასწავლო ცხრილი
[2026-06-01 22:00:26]   stored 10208 (deduped 0) into lecture
[2026-06-01 22:00:26]   [http://leqtori.gtu.ge:9000/public/prof_teachers.html] fetching
[2026-06-01 22:00:27]   fetched 111363 bytes
[2026-06-01 22:00:27]   parsed 52 lectures from XI კვირის სასწავლო ცხრილი
[2026-06-01 22:00:27]   stored 52 (deduped 0) into lecture
[2026-06-01 22:00:27] teachers totals: 1684 teachers, 4588 subjects, 10260 lectures
[2026-06-01 22:00:27] additional_pdf: 10 PDF(s) to fetch
[2026-06-01 22:00:27]   [additional_pdf/construction] fetching დამატ. ცხრ. -25-26 2 21.04.26 სამშენებლო.pdf
[2026-06-01 22:00:27]   [additional_pdf/construction] 307648 bytes, parsing PDF
[2026-06-01 22:00:28]   [additional_pdf/construction] 14 pages, 52664 text chars
[2026-06-01 22:00:28]   [additional_pdf/construction] structured: 195 logical rows -> 185 lectures
[2026-06-01 22:00:28]   [additional_pdf/power] fetching ენერგ ფაკ. დამატებითი_2025_2026_II_07_04_2026).pdf
[2026-06-01 22:00:29]   [additional_pdf/power] 71228 bytes, parsing PDF
[2026-06-01 22:00:29]   [additional_pdf/power] 2 pages, 6454 text chars
[2026-06-01 22:00:29]   [additional_pdf/power] raw text only
[2026-06-01 22:00:29]   [additional_pdf/mining] fetching სამთო-გეოლოგიური და მთის მდგრადი განვითარების ფაკულტეტი.pdf
[2026-06-01 22:00:29]   [additional_pdf/mining] 51893 bytes, parsing PDF
[2026-06-01 22:00:29]   [additional_pdf/mining] 1 pages, 2197 text chars
[2026-06-01 22:00:29]   [additional_pdf/mining] structured: 9 logical rows -> 8 lectures
[2026-06-01 22:00:29]   [additional_pdf/agrarian] fetching 2025-2026 II აგრარული დამატებითი_16_04_2026.pdf
[2026-06-01 22:00:30]   [additional_pdf/agrarian] 130098 bytes, parsing PDF
[2026-06-01 22:00:30]   [additional_pdf/agrarian] 4 pages, 11664 text chars
[2026-06-01 22:00:30]   [additional_pdf/agrarian] structured: 64 logical rows -> 64 lectures
[2026-06-01 22:00:30]   [additional_pdf/transport] fetching 05 დამატებითი ცხრილი . 23.04.2026.pdf
[2026-06-01 22:00:31]   [additional_pdf/transport] 164850 bytes, parsing PDF
[2026-06-01 22:00:31]   [additional_pdf/transport] 7 pages, 16906 text chars
[2026-06-01 22:00:31]   [additional_pdf/transport] raw text only
[2026-06-01 22:00:31]   [additional_pdf/architecture] fetching ცხრილი დამატ. არქიტექტურის, ურბანისტიკისა და დიზაინის.pdf
[2026-06-01 22:00:31]   [additional_pdf/architecture] 90193 bytes, parsing PDF
[2026-06-01 22:00:31]   [additional_pdf/architecture] 2 pages, 5806 text chars
[2026-06-01 22:00:31]   [additional_pdf/architecture] structured: 18 logical rows -> 15 lectures
[2026-06-01 22:00:31]   [additional_pdf/law] fetching სამართლისა და საერტაშორისო ურთ.დამატებითი ცხრილი_17_04_2026.pdf
[2026-06-01 22:00:32]   [additional_pdf/law] 284550 bytes, parsing PDF
[2026-06-01 22:00:32]   [additional_pdf/law] 9 pages, 16229 text chars
[2026-06-01 22:00:32]   [additional_pdf/law] raw text only
[2026-06-01 22:00:32]   [additional_pdf/ims] fetching იმს დამატებითი სასწავლო კურსების ცხრილი 2025-2026 II სემესტრი 25.05.2026.pdf
[2026-06-01 22:00:33]   [additional_pdf/ims] 204239 bytes, parsing PDF
[2026-06-01 22:00:33]   [additional_pdf/ims] 9 pages, 30012 text chars
[2026-06-01 22:00:34]   [additional_pdf/ims] structured: 159 logical rows -> 135 lectures
[2026-06-01 22:00:34]   [additional_pdf/business] fetching ბიზნესტექნოლოგიები_დამატებითი_17_04_2026.pdf
[2026-06-01 22:00:34]   [additional_pdf/business] 114955 bytes, parsing PDF
[2026-06-01 22:00:34]   [additional_pdf/business] 4 pages, 12300 text chars
[2026-06-01 22:00:34]   [additional_pdf/business] structured: 37 logical rows -> 19 lectures
[2026-06-01 22:00:34]   [additional_pdf/social] fetching დამატებიი ცხრილი სოციალურ მეცნიერებათა ფაკულტეტი 15_05_2026.pdf
[2026-06-01 22:00:35]   [additional_pdf/social] 86807 bytes, parsing PDF
[2026-06-01 22:00:35]   [additional_pdf/social] 1 pages, 2911 text chars
[2026-06-01 22:00:35]   [additional_pdf/social] raw text only
[2026-06-01 22:00:35] additional_pdf: stored 10, failed 0
[2026-06-01 22:00:35] midterm_pdf: no PDFs
[2026-06-01 22:00:35] done in 34.17s
[2026-06-02 02:00:03] fetching homepage
[2026-06-02 02:00:05] discovered 12 links across 2 sections
[2026-06-02 02:00:05] teachers_html: 2 unique source(s)
[2026-06-02 02:00:09]   [http://leqtori.gtu.ge:9000/public/teachers_2025_2026_2_11.html] fetching
[2026-06-02 02:00:10]   fetched 8027865 bytes
[2026-06-02 02:00:14]   parsed 10208 lectures from XI კვირის სასწავლო ცხრილი
[2026-06-02 02:01:11]   stored 10208 (deduped 0) into lecture
[2026-06-02 02:01:11]   [http://leqtori.gtu.ge:9000/public/prof_teachers.html] fetching
[2026-06-02 02:01:11]   fetched 111363 bytes
[2026-06-02 02:01:11]   parsed 52 lectures from XI კვირის სასწავლო ცხრილი
[2026-06-02 02:01:11]   stored 52 (deduped 0) into lecture
[2026-06-02 02:01:11] teachers totals: 1684 teachers, 4588 subjects, 10260 lectures
[2026-06-02 02:01:11] additional_pdf: 10 PDF(s) to fetch
[2026-06-02 02:01:11]   [additional_pdf/construction] fetching დამატ. ცხრ. -25-26 2 21.04.26 სამშენებლო.pdf
[2026-06-02 02:01:12]   [additional_pdf/construction] 307648 bytes, parsing PDF
[2026-06-02 02:01:12]   [additional_pdf/construction] 14 pages, 52664 text chars
[2026-06-02 02:01:13]   [additional_pdf/construction] structured: 195 logical rows -> 185 lectures
[2026-06-02 02:01:13]   [additional_pdf/power] fetching ენერგ ფაკ. დამატებითი_2025_2026_II_07_04_2026).pdf
[2026-06-02 02:01:14]   [additional_pdf/power] 71228 bytes, parsing PDF
[2026-06-02 02:01:14]   [additional_pdf/power] 2 pages, 6454 text chars
[2026-06-02 02:01:14]   [additional_pdf/power] raw text only
[2026-06-02 02:01:14]   [additional_pdf/mining] fetching სამთო-გეოლოგიური და მთის მდგრადი განვითარების ფაკულტეტი.pdf
[2026-06-02 02:01:14]   [additional_pdf/mining] 51893 bytes, parsing PDF
[2026-06-02 02:01:14]   [additional_pdf/mining] 1 pages, 2197 text chars
[2026-06-02 02:01:14]   [additional_pdf/mining] structured: 9 logical rows -> 8 lectures
[2026-06-02 02:01:14]   [additional_pdf/agrarian] fetching 2025-2026 II აგრარული დამატებითი_16_04_2026.pdf
[2026-06-02 02:01:14]   [additional_pdf/agrarian] 130098 bytes, parsing PDF
[2026-06-02 02:01:14]   [additional_pdf/agrarian] 4 pages, 11664 text chars
[2026-06-02 02:01:15]   [additional_pdf/agrarian] structured: 64 logical rows -> 64 lectures
[2026-06-02 02:01:15]   [additional_pdf/transport] fetching 05 დამატებითი ცხრილი . 23.04.2026.pdf
[2026-06-02 02:01:15]   [additional_pdf/transport] 164850 bytes, parsing PDF
[2026-06-02 02:01:15]   [additional_pdf/transport] 7 pages, 16906 text chars
[2026-06-02 02:01:15]   [additional_pdf/transport] raw text only
[2026-06-02 02:01:15]   [additional_pdf/architecture] fetching ცხრილი დამატ. არქიტექტურის, ურბანისტიკისა და დიზაინის.pdf
[2026-06-02 02:01:16]   [additional_pdf/architecture] 90193 bytes, parsing PDF
[2026-06-02 02:01:16]   [additional_pdf/architecture] 2 pages, 5806 text chars
[2026-06-02 02:01:16]   [additional_pdf/architecture] structured: 18 logical rows -> 15 lectures
[2026-06-02 02:01:16]   [additional_pdf/law] fetching სამართლისა და საერტაშორისო ურთ.დამატებითი ცხრილი_17_04_2026.pdf
[2026-06-02 02:01:16]   [additional_pdf/law] 284550 bytes, parsing PDF
[2026-06-02 02:01:17]   [additional_pdf/law] 9 pages, 16229 text chars
[2026-06-02 02:01:17]   [additional_pdf/law] raw text only
[2026-06-02 02:01:17]   [additional_pdf/ims] fetching იმს დამატებითი სასწავლო კურსების ცხრილი 2025-2026 II სემესტრი 25.05.2026.pdf
[2026-06-02 02:01:17]   [additional_pdf/ims] 204239 bytes, parsing PDF
[2026-06-02 02:01:17]   [additional_pdf/ims] 9 pages, 30012 text chars
[2026-06-02 02:01:18]   [additional_pdf/ims] structured: 159 logical rows -> 135 lectures
[2026-06-02 02:01:18]   [additional_pdf/business] fetching ბიზნესტექნოლოგიები_დამატებითი_17_04_2026.pdf
[2026-06-02 02:01:18]   [additional_pdf/business] 114955 bytes, parsing PDF
[2026-06-02 02:01:18]   [additional_pdf/business] 4 pages, 12300 text chars
[2026-06-02 02:01:19]   [additional_pdf/business] structured: 37 logical rows -> 19 lectures
[2026-06-02 02:01:19]   [additional_pdf/social] fetching დამატებიი ცხრილი სოციალურ მეცნიერებათა ფაკულტეტი 15_05_2026.pdf
[2026-06-02 02:01:19]   [additional_pdf/social] 86807 bytes, parsing PDF
[2026-06-02 02:01:19]   [additional_pdf/social] 1 pages, 2911 text chars
[2026-06-02 02:01:19]   [additional_pdf/social] raw text only
[2026-06-02 02:01:19] additional_pdf: stored 10, failed 0
[2026-06-02 02:01:19] midterm_pdf: no PDFs
[2026-06-02 02:01:19] done in 76.11s
[2026-06-02 07:00:02] fetching homepage
[2026-06-02 07:00:03] discovered 12 links across 2 sections
[2026-06-02 07:00:03] teachers_html: 2 unique source(s)
[2026-06-02 07:00:04]   [http://leqtori.gtu.ge:9000/public/teachers_2025_2026_2_11.html] fetching
[2026-06-02 07:00:07]   fetched 8027865 bytes
[2026-06-02 07:00:08]   parsed 10208 lectures from XI კვირის სასწავლო ცხრილი
[2026-06-02 07:00:35]   stored 10208 (deduped 0) into lecture
[2026-06-02 07:00:35]   [http://leqtori.gtu.ge:9000/public/prof_teachers.html] fetching
[2026-06-02 07:00:35]   fetched 111363 bytes
[2026-06-02 07:00:35]   parsed 52 lectures from XI კვირის სასწავლო ცხრილი
[2026-06-02 07:00:35]   stored 52 (deduped 0) into lecture
[2026-06-02 07:00:35] teachers totals: 1684 teachers, 4588 subjects, 10260 lectures
[2026-06-02 07:00:35] additional_pdf: 10 PDF(s) to fetch
[2026-06-02 07:00:35]   [additional_pdf/construction] fetching დამატ. ცხრ. -25-26 2 21.04.26 სამშენებლო.pdf
[2026-06-02 07:00:36]   [additional_pdf/construction] 307648 bytes, parsing PDF
[2026-06-02 07:00:36]   [additional_pdf/construction] 14 pages, 52664 text chars
[2026-06-02 07:00:37]   [additional_pdf/construction] structured: 195 logical rows -> 185 lectures
[2026-06-02 07:00:37]   [additional_pdf/power] fetching ენერგ ფაკ. დამატებითი_2025_2026_II_07_04_2026).pdf
[2026-06-02 07:00:37]   [additional_pdf/power] 71228 bytes, parsing PDF
[2026-06-02 07:00:37]   [additional_pdf/power] 2 pages, 6454 text chars
[2026-06-02 07:00:37]   [additional_pdf/power] raw text only
[2026-06-02 07:00:37]   [additional_pdf/mining] fetching სამთო-გეოლოგიური და მთის მდგრადი განვითარების ფაკულტეტი.pdf
[2026-06-02 07:00:38]   [additional_pdf/mining] 51893 bytes, parsing PDF
[2026-06-02 07:00:38]   [additional_pdf/mining] 1 pages, 2197 text chars
[2026-06-02 07:00:38]   [additional_pdf/mining] structured: 9 logical rows -> 8 lectures
[2026-06-02 07:00:38]   [additional_pdf/agrarian] fetching 2025-2026 II აგრარული დამატებითი_16_04_2026.pdf
[2026-06-02 07:00:38]   [additional_pdf/agrarian] 130098 bytes, parsing PDF
[2026-06-02 07:00:38]   [additional_pdf/agrarian] 4 pages, 11664 text chars
[2026-06-02 07:00:38]   [additional_pdf/agrarian] structured: 64 logical rows -> 64 lectures
[2026-06-02 07:00:38]   [additional_pdf/transport] fetching 05 დამატებითი ცხრილი . 23.04.2026.pdf
[2026-06-02 07:00:39]   [additional_pdf/transport] 164850 bytes, parsing PDF
[2026-06-02 07:00:39]   [additional_pdf/transport] 7 pages, 16906 text chars
[2026-06-02 07:00:39]   [additional_pdf/transport] raw text only
[2026-06-02 07:00:39]   [additional_pdf/architecture] fetching ცხრილი დამატ. არქიტექტურის, ურბანისტიკისა და დიზაინის.pdf
[2026-06-02 07:00:39]   [additional_pdf/architecture] 90193 bytes, parsing PDF
[2026-06-02 07:00:39]   [additional_pdf/architecture] 2 pages, 5806 text chars
[2026-06-02 07:00:39]   [additional_pdf/architecture] structured: 18 logical rows -> 15 lectures
[2026-06-02 07:00:39]   [additional_pdf/law] fetching სამართლისა და საერტაშორისო ურთ.დამატებითი ცხრილი_17_04_2026.pdf
[2026-06-02 07:00:40]   [additional_pdf/law] 284550 bytes, parsing PDF
[2026-06-02 07:00:40]   [additional_pdf/law] 9 pages, 16229 text chars
[2026-06-02 07:00:40]   [additional_pdf/law] raw text only
[2026-06-02 07:00:40]   [additional_pdf/ims] fetching იმს დამატებითი სასწავლო კურსების ცხრილი 2025-2026 II სემესტრი 25.05.2026.pdf
[2026-06-02 07:00:41]   [additional_pdf/ims] 204239 bytes, parsing PDF
[2026-06-02 07:00:41]   [additional_pdf/ims] 9 pages, 30012 text chars
[2026-06-02 07:00:42]   [additional_pdf/ims] structured: 159 logical rows -> 135 lectures
[2026-06-02 07:00:42]   [additional_pdf/business] fetching ბიზნესტექნოლოგიები_დამატებითი_17_04_2026.pdf
[2026-06-02 07:00:42]   [additional_pdf/business] 114955 bytes, parsing PDF
[2026-06-02 07:00:42]   [additional_pdf/business] 4 pages, 12300 text chars
[2026-06-02 07:00:42]   [additional_pdf/business] structured: 37 logical rows -> 19 lectures
[2026-06-02 07:00:42]   [additional_pdf/social] fetching დამატებიი ცხრილი სოციალურ მეცნიერებათა ფაკულტეტი 15_05_2026.pdf
[2026-06-02 07:00:43]   [additional_pdf/social] 86807 bytes, parsing PDF
[2026-06-02 07:00:43]   [additional_pdf/social] 1 pages, 2911 text chars
[2026-06-02 07:00:43]   [additional_pdf/social] raw text only
[2026-06-02 07:00:43] additional_pdf: stored 10, failed 0
[2026-06-02 07:00:43] midterm_pdf: no PDFs
[2026-06-02 07:00:43] done in 40.58s
[2026-06-02 12:00:01] fetching homepage
[2026-06-02 12:00:01] discovered 12 links across 2 sections
[2026-06-02 12:00:01] teachers_html: 2 unique source(s)
[2026-06-02 12:00:03]   [http://leqtori.gtu.ge:9000/public/teachers_2025_2026_2_11.html] fetching
[2026-06-02 12:00:04]   fetched 8027865 bytes
[2026-06-02 12:00:06]   parsed 10208 lectures from XI კვირის სასწავლო ცხრილი
[2026-06-02 12:00:33]   stored 10208 (deduped 0) into lecture
[2026-06-02 12:00:33]   [http://leqtori.gtu.ge:9000/public/prof_teachers.html] fetching
[2026-06-02 12:00:33]   fetched 111363 bytes
[2026-06-02 12:00:33]   parsed 52 lectures from XI კვირის სასწავლო ცხრილი
[2026-06-02 12:00:33]   stored 52 (deduped 0) into lecture
[2026-06-02 12:00:33] teachers totals: 1684 teachers, 4588 subjects, 10260 lectures
[2026-06-02 12:00:33] additional_pdf: 10 PDF(s) to fetch
[2026-06-02 12:00:33]   [additional_pdf/construction] fetching დამატ. ცხრ. -25-26 2 21.04.26 სამშენებლო.pdf
[2026-06-02 12:00:34]   [additional_pdf/construction] 307648 bytes, parsing PDF
[2026-06-02 12:00:34]   [additional_pdf/construction] 14 pages, 52664 text chars
[2026-06-02 12:00:35]   [additional_pdf/construction] structured: 195 logical rows -> 185 lectures
[2026-06-02 12:00:35]   [additional_pdf/power] fetching ენერგ ფაკ. დამატებითი_2025_2026_II_07_04_2026).pdf
[2026-06-02 12:00:36]   [additional_pdf/power] 71228 bytes, parsing PDF
[2026-06-02 12:00:36]   [additional_pdf/power] 2 pages, 6454 text chars
[2026-06-02 12:00:36]   [additional_pdf/power] raw text only
[2026-06-02 12:00:36]   [additional_pdf/mining] fetching სამთო-გეოლოგიური და მთის მდგრადი განვითარების ფაკულტეტი.pdf
[2026-06-02 12:00:36]   [additional_pdf/mining] 51893 bytes, parsing PDF
[2026-06-02 12:00:36]   [additional_pdf/mining] 1 pages, 2197 text chars
[2026-06-02 12:00:36]   [additional_pdf/mining] structured: 9 logical rows -> 8 lectures
[2026-06-02 12:00:36]   [additional_pdf/agrarian] fetching 2025-2026 II აგრარული დამატებითი_16_04_2026.pdf
[2026-06-02 12:00:37]   [additional_pdf/agrarian] 130098 bytes, parsing PDF
[2026-06-02 12:00:37]   [additional_pdf/agrarian] 4 pages, 11664 text chars
[2026-06-02 12:00:37]   [additional_pdf/agrarian] structured: 64 logical rows -> 64 lectures
[2026-06-02 12:00:37]   [additional_pdf/transport] fetching 05 დამატებითი ცხრილი . 23.04.2026.pdf
[2026-06-02 12:00:37]   [additional_pdf/transport] 164850 bytes, parsing PDF
[2026-06-02 12:00:38]   [additional_pdf/transport] 7 pages, 16906 text chars
[2026-06-02 12:00:38]   [additional_pdf/transport] raw text only
[2026-06-02 12:00:38]   [additional_pdf/architecture] fetching ცხრილი დამატ. არქიტექტურის, ურბანისტიკისა და დიზაინის.pdf
[2026-06-02 12:00:38]   [additional_pdf/architecture] 90193 bytes, parsing PDF
[2026-06-02 12:00:38]   [additional_pdf/architecture] 2 pages, 5806 text chars
[2026-06-02 12:00:38]   [additional_pdf/architecture] structured: 18 logical rows -> 15 lectures
[2026-06-02 12:00:38]   [additional_pdf/law] fetching სამართლისა და საერტაშორისო ურთ.დამატებითი ცხრილი_17_04_2026.pdf
[2026-06-02 12:00:39]   [additional_pdf/law] 284550 bytes, parsing PDF
[2026-06-02 12:00:39]   [additional_pdf/law] 9 pages, 16229 text chars
[2026-06-02 12:00:39]   [additional_pdf/law] raw text only
[2026-06-02 12:00:39]   [additional_pdf/ims] fetching იმს დამატებითი სასწავლო კურსების ცხრილი 2025-2026 II სემესტრი 25.05.2026.pdf
[2026-06-02 12:00:40]   [additional_pdf/ims] 204239 bytes, parsing PDF
[2026-06-02 12:00:40]   [additional_pdf/ims] 9 pages, 30012 text chars
[2026-06-02 12:00:41]   [additional_pdf/ims] structured: 159 logical rows -> 135 lectures
[2026-06-02 12:00:41]   [additional_pdf/business] fetching ბიზნესტექნოლოგიები_დამატებითი_17_04_2026.pdf
[2026-06-02 12:00:41]   [additional_pdf/business] 114955 bytes, parsing PDF
[2026-06-02 12:00:41]   [additional_pdf/business] 4 pages, 12300 text chars
[2026-06-02 12:00:41]   [additional_pdf/business] structured: 37 logical rows -> 19 lectures
[2026-06-02 12:00:41]   [additional_pdf/social] fetching დამატებიი ცხრილი სოციალურ მეცნიერებათა ფაკულტეტი 15_05_2026.pdf
[2026-06-02 12:00:41]   [additional_pdf/social] 86807 bytes, parsing PDF
[2026-06-02 12:00:41]   [additional_pdf/social] 1 pages, 2911 text chars
[2026-06-02 12:00:41]   [additional_pdf/social] raw text only
[2026-06-02 12:00:41] additional_pdf: stored 10, failed 0
[2026-06-02 12:00:41] midterm_pdf: no PDFs
[2026-06-02 12:00:41] done in 40.63s
[2026-06-02 17:00:02] fetching homepage
[2026-06-02 17:00:03] discovered 12 links across 2 sections
[2026-06-02 17:00:03] teachers_html: 2 unique source(s)
[2026-06-02 17:00:04]   [http://leqtori.gtu.ge:9000/public/teachers_2025_2026_2_11.html] fetching
[2026-06-02 17:00:06]   fetched 8027865 bytes
[2026-06-02 17:00:07]   parsed 10208 lectures from XI კვირის სასწავლო ცხრილი
[2026-06-02 17:00:33]   stored 10208 (deduped 0) into lecture
[2026-06-02 17:00:33]   [http://leqtori.gtu.ge:9000/public/prof_teachers.html] fetching
[2026-06-02 17:00:33]   fetched 111363 bytes
[2026-06-02 17:00:33]   parsed 52 lectures from XI კვირის სასწავლო ცხრილი
[2026-06-02 17:00:33]   stored 52 (deduped 0) into lecture
[2026-06-02 17:00:33] teachers totals: 1684 teachers, 4588 subjects, 10260 lectures
[2026-06-02 17:00:33] additional_pdf: 10 PDF(s) to fetch
[2026-06-02 17:00:33]   [additional_pdf/construction] fetching დამატ. ცხრ. -25-26 2 21.04.26 სამშენებლო.pdf
[2026-06-02 17:00:34]   [additional_pdf/construction] 307648 bytes, parsing PDF
[2026-06-02 17:00:34]   [additional_pdf/construction] 14 pages, 52664 text chars
[2026-06-02 17:00:35]   [additional_pdf/construction] structured: 195 logical rows -> 185 lectures
[2026-06-02 17:00:35]   [additional_pdf/power] fetching ენერგ ფაკ. დამატებითი_2025_2026_II_07_04_2026).pdf
[2026-06-02 17:00:35]   [additional_pdf/power] 71228 bytes, parsing PDF
[2026-06-02 17:00:35]   [additional_pdf/power] 2 pages, 6454 text chars
[2026-06-02 17:00:35]   [additional_pdf/power] raw text only
[2026-06-02 17:00:35]   [additional_pdf/mining] fetching სამთო-გეოლოგიური და მთის მდგრადი განვითარების ფაკულტეტი.pdf
[2026-06-02 17:00:35]   [additional_pdf/mining] 51893 bytes, parsing PDF
[2026-06-02 17:00:35]   [additional_pdf/mining] 1 pages, 2197 text chars
[2026-06-02 17:00:35]   [additional_pdf/mining] structured: 9 logical rows -> 8 lectures
[2026-06-02 17:00:35]   [additional_pdf/agrarian] fetching 2025-2026 II აგრარული დამატებითი_16_04_2026.pdf
[2026-06-02 17:00:36]   [additional_pdf/agrarian] 130098 bytes, parsing PDF
[2026-06-02 17:00:36]   [additional_pdf/agrarian] 4 pages, 11664 text chars
[2026-06-02 17:00:36]   [additional_pdf/agrarian] structured: 64 logical rows -> 64 lectures
[2026-06-02 17:00:36]   [additional_pdf/transport] fetching 05 დამატებითი ცხრილი . 23.04.2026.pdf
[2026-06-02 17:00:37]   [additional_pdf/transport] 164850 bytes, parsing PDF
[2026-06-02 17:00:37]   [additional_pdf/transport] 7 pages, 16906 text chars
[2026-06-02 17:00:37]   [additional_pdf/transport] raw text only
[2026-06-02 17:00:37]   [additional_pdf/architecture] fetching ცხრილი დამატ. არქიტექტურის, ურბანისტიკისა და დიზაინის.pdf
[2026-06-02 17:00:37]   [additional_pdf/architecture] 90193 bytes, parsing PDF
[2026-06-02 17:00:37]   [additional_pdf/architecture] 2 pages, 5806 text chars
[2026-06-02 17:00:37]   [additional_pdf/architecture] structured: 18 logical rows -> 15 lectures
[2026-06-02 17:00:37]   [additional_pdf/law] fetching სამართლისა და საერტაშორისო ურთ.დამატებითი ცხრილი_17_04_2026.pdf
[2026-06-02 17:00:38]   [additional_pdf/law] 284550 bytes, parsing PDF
[2026-06-02 17:00:38]   [additional_pdf/law] 9 pages, 16229 text chars
[2026-06-02 17:00:38]   [additional_pdf/law] raw text only
[2026-06-02 17:00:38]   [additional_pdf/ims] fetching იმს დამატებითი სასწავლო კურსების ცხრილი 2025-2026 II სემესტრი 25.05.2026.pdf
[2026-06-02 17:00:38]   [additional_pdf/ims] 204239 bytes, parsing PDF
[2026-06-02 17:00:39]   [additional_pdf/ims] 9 pages, 30012 text chars
[2026-06-02 17:00:39]   [additional_pdf/ims] structured: 159 logical rows -> 135 lectures
[2026-06-02 17:00:39]   [additional_pdf/business] fetching ბიზნესტექნოლოგიები_დამატებითი_17_04_2026.pdf
[2026-06-02 17:00:40]   [additional_pdf/business] 114955 bytes, parsing PDF
[2026-06-02 17:00:40]   [additional_pdf/business] 4 pages, 12300 text chars
[2026-06-02 17:00:40]   [additional_pdf/business] structured: 37 logical rows -> 19 lectures
[2026-06-02 17:00:40]   [additional_pdf/social] fetching დამატებიი ცხრილი სოციალურ მეცნიერებათა ფაკულტეტი 15_05_2026.pdf
[2026-06-02 17:00:40]   [additional_pdf/social] 86807 bytes, parsing PDF
[2026-06-02 17:00:40]   [additional_pdf/social] 1 pages, 2911 text chars
[2026-06-02 17:00:40]   [additional_pdf/social] raw text only
[2026-06-02 17:00:40] additional_pdf: stored 10, failed 0
[2026-06-02 17:00:40] midterm_pdf: no PDFs
[2026-06-02 17:00:40] done in 38.43s
[2026-06-02 22:00:01] fetching homepage
[2026-06-02 22:00:02] discovered 12 links across 2 sections
[2026-06-02 22:00:02] teachers_html: 2 unique source(s)
[2026-06-02 22:00:04]   [http://leqtori.gtu.ge:9000/public/teachers_2025_2026_2_11.html] fetching
[2026-06-02 22:00:04]   fetched 8027865 bytes
[2026-06-02 22:00:06]   parsed 10208 lectures from XI კვირის სასწავლო ცხრილი
[2026-06-02 22:00:36]   stored 10208 (deduped 0) into lecture
[2026-06-02 22:00:36]   [http://leqtori.gtu.ge:9000/public/prof_teachers.html] fetching
[2026-06-02 22:00:36]   fetched 111363 bytes
[2026-06-02 22:00:36]   parsed 52 lectures from XI კვირის სასწავლო ცხრილი
[2026-06-02 22:00:36]   stored 52 (deduped 0) into lecture
[2026-06-02 22:00:36] teachers totals: 1684 teachers, 4588 subjects, 10260 lectures
[2026-06-02 22:00:36] additional_pdf: 10 PDF(s) to fetch
[2026-06-02 22:00:36]   [additional_pdf/construction] fetching დამატ. ცხრ. -25-26 2 21.04.26 სამშენებლო.pdf
[2026-06-02 22:00:37]   [additional_pdf/construction] 307648 bytes, parsing PDF
[2026-06-02 22:00:37]   [additional_pdf/construction] 14 pages, 52664 text chars
[2026-06-02 22:00:38]   [additional_pdf/construction] structured: 195 logical rows -> 185 lectures
[2026-06-02 22:00:38]   [additional_pdf/power] fetching ენერგ ფაკ. დამატებითი_2025_2026_II_07_04_2026).pdf
[2026-06-02 22:00:39]   [additional_pdf/power] 71228 bytes, parsing PDF
[2026-06-02 22:00:39]   [additional_pdf/power] 2 pages, 6454 text chars
[2026-06-02 22:00:39]   [additional_pdf/power] raw text only
[2026-06-02 22:00:39]   [additional_pdf/mining] fetching სამთო-გეოლოგიური და მთის მდგრადი განვითარების ფაკულტეტი.pdf
[2026-06-02 22:00:39]   [additional_pdf/mining] 51893 bytes, parsing PDF
[2026-06-02 22:00:39]   [additional_pdf/mining] 1 pages, 2197 text chars
[2026-06-02 22:00:39]   [additional_pdf/mining] structured: 9 logical rows -> 8 lectures
[2026-06-02 22:00:39]   [additional_pdf/agrarian] fetching 2025-2026 II აგრარული დამატებითი_16_04_2026.pdf
[2026-06-02 22:00:40]   [additional_pdf/agrarian] 130098 bytes, parsing PDF
[2026-06-02 22:00:40]   [additional_pdf/agrarian] 4 pages, 11664 text chars
[2026-06-02 22:00:40]   [additional_pdf/agrarian] structured: 64 logical rows -> 64 lectures
[2026-06-02 22:00:40]   [additional_pdf/transport] fetching 05 დამატებითი ცხრილი . 23.04.2026.pdf
[2026-06-02 22:00:40]   [additional_pdf/transport] 164850 bytes, parsing PDF
[2026-06-02 22:00:40]   [additional_pdf/transport] 7 pages, 16906 text chars
[2026-06-02 22:00:40]   [additional_pdf/transport] raw text only
[2026-06-02 22:00:40]   [additional_pdf/architecture] fetching ცხრილი დამატ. არქიტექტურის, ურბანისტიკისა და დიზაინის.pdf
[2026-06-02 22:00:41]   [additional_pdf/architecture] 90193 bytes, parsing PDF
[2026-06-02 22:00:41]   [additional_pdf/architecture] 2 pages, 5806 text chars
[2026-06-02 22:00:41]   [additional_pdf/architecture] structured: 18 logical rows -> 15 lectures
[2026-06-02 22:00:41]   [additional_pdf/law] fetching სამართლისა და საერტაშორისო ურთ.დამატებითი ცხრილი_17_04_2026.pdf
[2026-06-02 22:00:41]   [additional_pdf/law] 284550 bytes, parsing PDF
[2026-06-02 22:00:42]   [additional_pdf/law] 9 pages, 16229 text chars
[2026-06-02 22:00:42]   [additional_pdf/law] raw text only
[2026-06-02 22:00:42]   [additional_pdf/ims] fetching იმს დამატებითი სასწავლო კურსების ცხრილი 2025-2026 II სემესტრი 25.05.2026.pdf
[2026-06-02 22:00:42]   [additional_pdf/ims] 204239 bytes, parsing PDF
[2026-06-02 22:00:42]   [additional_pdf/ims] 9 pages, 30012 text chars
[2026-06-02 22:00:43]   [additional_pdf/ims] structured: 159 logical rows -> 135 lectures
[2026-06-02 22:00:43]   [additional_pdf/business] fetching ბიზნესტექნოლოგიები_დამატებითი_17_04_2026.pdf
[2026-06-02 22:00:44]   [additional_pdf/business] 114955 bytes, parsing PDF
[2026-06-02 22:00:44]   [additional_pdf/business] 4 pages, 12300 text chars
[2026-06-02 22:00:44]   [additional_pdf/business] structured: 37 logical rows -> 19 lectures
[2026-06-02 22:00:44]   [additional_pdf/social] fetching დამატებიი ცხრილი სოციალურ მეცნიერებათა ფაკულტეტი 15_05_2026.pdf
[2026-06-02 22:00:44]   [additional_pdf/social] 86807 bytes, parsing PDF
[2026-06-02 22:00:44]   [additional_pdf/social] 1 pages, 2911 text chars
[2026-06-02 22:00:44]   [additional_pdf/social] raw text only
[2026-06-02 22:00:44] additional_pdf: stored 10, failed 0
[2026-06-02 22:00:44] midterm_pdf: no PDFs
[2026-06-02 22:00:44] done in 43.04s
[2026-06-03 02:00:02] fetching homepage
[2026-06-03 02:00:03] discovered 12 links across 2 sections
[2026-06-03 02:00:03] teachers_html: 2 unique source(s)
[2026-06-03 02:00:21]   [http://leqtori.gtu.ge:9000/public/teachers_2025_2026_2_11.html] fetching
[2026-06-03 02:00:22]   fetched 8027865 bytes
[2026-06-03 02:00:25]   parsed 10208 lectures from XI კვირის სასწავლო ცხრილი
[2026-06-03 02:01:25]   stored 10208 (deduped 0) into lecture
[2026-06-03 02:01:25]   [http://leqtori.gtu.ge:9000/public/prof_teachers.html] fetching
[2026-06-03 02:01:26]   fetched 111363 bytes
[2026-06-03 02:01:26]   parsed 52 lectures from XI კვირის სასწავლო ცხრილი
[2026-06-03 02:01:26]   stored 52 (deduped 0) into lecture
[2026-06-03 02:01:26] teachers totals: 1684 teachers, 4588 subjects, 10260 lectures
[2026-06-03 02:01:26] additional_pdf: 10 PDF(s) to fetch
[2026-06-03 02:01:26]   [additional_pdf/construction] fetching დამატ. ცხრ. -25-26 2 21.04.26 სამშენებლო.pdf
[2026-06-03 02:01:26]   [additional_pdf/construction] 307648 bytes, parsing PDF
[2026-06-03 02:01:27]   [additional_pdf/construction] 14 pages, 52664 text chars
[2026-06-03 02:01:28]   [additional_pdf/construction] structured: 195 logical rows -> 185 lectures
[2026-06-03 02:01:28]   [additional_pdf/power] fetching ენერგ ფაკ. დამატებითი_2025_2026_II_07_04_2026).pdf
[2026-06-03 02:01:28]   [additional_pdf/power] 71228 bytes, parsing PDF
[2026-06-03 02:01:28]   [additional_pdf/power] 2 pages, 6454 text chars
[2026-06-03 02:01:28]   [additional_pdf/power] raw text only
[2026-06-03 02:01:28]   [additional_pdf/mining] fetching სამთო-გეოლოგიური და მთის მდგრადი განვითარების ფაკულტეტი.pdf
[2026-06-03 02:01:29]   [additional_pdf/mining] 51893 bytes, parsing PDF
[2026-06-03 02:01:29]   [additional_pdf/mining] 1 pages, 2197 text chars
[2026-06-03 02:01:29]   [additional_pdf/mining] structured: 9 logical rows -> 8 lectures
[2026-06-03 02:01:29]   [additional_pdf/agrarian] fetching 2025-2026 II აგრარული დამატებითი_16_04_2026.pdf
[2026-06-03 02:01:29]   [additional_pdf/agrarian] 130098 bytes, parsing PDF
[2026-06-03 02:01:29]   [additional_pdf/agrarian] 4 pages, 11664 text chars
[2026-06-03 02:01:29]   [additional_pdf/agrarian] structured: 64 logical rows -> 64 lectures
[2026-06-03 02:01:29]   [additional_pdf/transport] fetching 05 დამატებითი ცხრილი . 23.04.2026.pdf
[2026-06-03 02:01:30]   [additional_pdf/transport] 164850 bytes, parsing PDF
[2026-06-03 02:01:30]   [additional_pdf/transport] 7 pages, 16906 text chars
[2026-06-03 02:01:30]   [additional_pdf/transport] raw text only
[2026-06-03 02:01:30]   [additional_pdf/architecture] fetching ცხრილი დამატ. არქიტექტურის, ურბანისტიკისა და დიზაინის.pdf
[2026-06-03 02:01:30]   [additional_pdf/architecture] 90193 bytes, parsing PDF
[2026-06-03 02:01:30]   [additional_pdf/architecture] 2 pages, 5806 text chars
[2026-06-03 02:01:31]   [additional_pdf/architecture] structured: 18 logical rows -> 15 lectures
[2026-06-03 02:01:31]   [additional_pdf/law] fetching სამართლისა და საერტაშორისო ურთ.დამატებითი ცხრილი_17_04_2026.pdf
[2026-06-03 02:01:31]   [additional_pdf/law] 284550 bytes, parsing PDF
[2026-06-03 02:01:32]   [additional_pdf/law] 9 pages, 16229 text chars
[2026-06-03 02:01:32]   [additional_pdf/law] raw text only
[2026-06-03 02:01:32]   [additional_pdf/ims] fetching იმს დამატებითი სასწავლო კურსების ცხრილი 2025-2026 II სემესტრი 25.05.2026.pdf
[2026-06-03 02:01:32]   [additional_pdf/ims] 204239 bytes, parsing PDF
[2026-06-03 02:01:33]   [additional_pdf/ims] 9 pages, 30012 text chars
[2026-06-03 02:01:33]   [additional_pdf/ims] structured: 159 logical rows -> 135 lectures
[2026-06-03 02:01:33]   [additional_pdf/business] fetching ბიზნესტექნოლოგიები_დამატებითი_17_04_2026.pdf
[2026-06-03 02:01:34]   [additional_pdf/business] 114955 bytes, parsing PDF
[2026-06-03 02:01:34]   [additional_pdf/business] 4 pages, 12300 text chars
[2026-06-03 02:01:34]   [additional_pdf/business] structured: 37 logical rows -> 19 lectures
[2026-06-03 02:01:34]   [additional_pdf/social] fetching დამატებიი ცხრილი სოციალურ მეცნიერებათა ფაკულტეტი 15_05_2026.pdf
[2026-06-03 02:01:35]   [additional_pdf/social] 86807 bytes, parsing PDF
[2026-06-03 02:01:35]   [additional_pdf/social] 1 pages, 2911 text chars
[2026-06-03 02:01:35]   [additional_pdf/social] raw text only
[2026-06-03 02:01:35] additional_pdf: stored 10, failed 0
[2026-06-03 02:01:35] midterm_pdf: no PDFs
[2026-06-03 02:01:35] done in 92.56s
[2026-06-03 07:00:01] fetching homepage
[2026-06-03 07:00:02] discovered 12 links across 2 sections
[2026-06-03 07:00:02] teachers_html: 2 unique source(s)
[2026-06-03 07:00:04]   [http://leqtori.gtu.ge:9000/public/teachers_2025_2026_2_11.html] fetching
[2026-06-03 07:00:05]   fetched 8027865 bytes
[2026-06-03 07:00:07]   parsed 10208 lectures from XI კვირის სასწავლო ცხრილი
[2026-06-03 07:00:38]   stored 10208 (deduped 0) into lecture
[2026-06-03 07:00:38]   [http://leqtori.gtu.ge:9000/public/prof_teachers.html] fetching
[2026-06-03 07:00:39]   fetched 111363 bytes
[2026-06-03 07:00:39]   parsed 52 lectures from XI კვირის სასწავლო ცხრილი
[2026-06-03 07:00:39]   stored 52 (deduped 0) into lecture
[2026-06-03 07:00:39] teachers totals: 1684 teachers, 4588 subjects, 10260 lectures
[2026-06-03 07:00:39] additional_pdf: 10 PDF(s) to fetch
[2026-06-03 07:00:39]   [additional_pdf/construction] fetching დამატ. ცხრ. -25-26 2 21.04.26 სამშენებლო.pdf
[2026-06-03 07:00:39]   [additional_pdf/construction] 307648 bytes, parsing PDF
[2026-06-03 07:00:40]   [additional_pdf/construction] 14 pages, 52664 text chars
[2026-06-03 07:00:41]   [additional_pdf/construction] structured: 195 logical rows -> 185 lectures
[2026-06-03 07:00:41]   [additional_pdf/power] fetching ენერგ ფაკ. დამატებითი_2025_2026_II_07_04_2026).pdf
[2026-06-03 07:00:41]   [additional_pdf/power] 71228 bytes, parsing PDF
[2026-06-03 07:00:41]   [additional_pdf/power] 2 pages, 6454 text chars
[2026-06-03 07:00:41]   [additional_pdf/power] raw text only
[2026-06-03 07:00:41]   [additional_pdf/mining] fetching სამთო-გეოლოგიური და მთის მდგრადი განვითარების ფაკულტეტი.pdf
[2026-06-03 07:00:41]   [additional_pdf/mining] 51893 bytes, parsing PDF
[2026-06-03 07:00:41]   [additional_pdf/mining] 1 pages, 2197 text chars
[2026-06-03 07:00:41]   [additional_pdf/mining] structured: 9 logical rows -> 8 lectures
[2026-06-03 07:00:41]   [additional_pdf/agrarian] fetching 2025-2026 II აგრარული დამატებითი_16_04_2026.pdf
[2026-06-03 07:00:42]   [additional_pdf/agrarian] 130098 bytes, parsing PDF
[2026-06-03 07:00:42]   [additional_pdf/agrarian] 4 pages, 11664 text chars
[2026-06-03 07:00:42]   [additional_pdf/agrarian] structured: 64 logical rows -> 64 lectures
[2026-06-03 07:00:42]   [additional_pdf/transport] fetching 05 დამატებითი ცხრილი . 23.04.2026.pdf
[2026-06-03 07:00:43]   [additional_pdf/transport] 164850 bytes, parsing PDF
[2026-06-03 07:00:43]   [additional_pdf/transport] 7 pages, 16906 text chars
[2026-06-03 07:00:43]   [additional_pdf/transport] raw text only
[2026-06-03 07:00:43]   [additional_pdf/architecture] fetching ცხრილი დამატ. არქიტექტურის, ურბანისტიკისა და დიზაინის.pdf
[2026-06-03 07:00:43]   [additional_pdf/architecture] 90193 bytes, parsing PDF
[2026-06-03 07:00:43]   [additional_pdf/architecture] 2 pages, 5806 text chars
[2026-06-03 07:00:43]   [additional_pdf/architecture] structured: 18 logical rows -> 15 lectures
[2026-06-03 07:00:43]   [additional_pdf/law] fetching სამართლისა და საერტაშორისო ურთ.დამატებითი ცხრილი_17_04_2026.pdf
[2026-06-03 07:00:44]   [additional_pdf/law] 284550 bytes, parsing PDF
[2026-06-03 07:00:44]   [additional_pdf/law] 9 pages, 16229 text chars
[2026-06-03 07:00:44]   [additional_pdf/law] raw text only
[2026-06-03 07:00:44]   [additional_pdf/ims] fetching იმს დამატებითი სასწავლო კურსების ცხრილი 2025-2026 II სემესტრი 25.05.2026.pdf
[2026-06-03 07:00:45]   [additional_pdf/ims] 204239 bytes, parsing PDF
[2026-06-03 07:00:45]   [additional_pdf/ims] 9 pages, 30012 text chars
[2026-06-03 07:00:45]   [additional_pdf/ims] structured: 159 logical rows -> 135 lectures
[2026-06-03 07:00:45]   [additional_pdf/business] fetching ბიზნესტექნოლოგიები_დამატებითი_17_04_2026.pdf
[2026-06-03 07:00:46]   [additional_pdf/business] 114955 bytes, parsing PDF
[2026-06-03 07:00:46]   [additional_pdf/business] 4 pages, 12300 text chars
[2026-06-03 07:00:46]   [additional_pdf/business] structured: 37 logical rows -> 19 lectures
[2026-06-03 07:00:46]   [additional_pdf/social] fetching დამატებიი ცხრილი სოციალურ მეცნიერებათა ფაკულტეტი 15_05_2026.pdf
[2026-06-03 07:00:46]   [additional_pdf/social] 86807 bytes, parsing PDF
[2026-06-03 07:00:46]   [additional_pdf/social] 1 pages, 2911 text chars
[2026-06-03 07:00:46]   [additional_pdf/social] raw text only
[2026-06-03 07:00:46] additional_pdf: stored 10, failed 0
[2026-06-03 07:00:46] midterm_pdf: no PDFs
[2026-06-03 07:00:46] done in 45.63s
[2026-06-03 12:00:01] fetching homepage
[2026-06-03 12:00:02] discovered 12 links across 2 sections
[2026-06-03 12:00:02] teachers_html: 2 unique source(s)
[2026-06-03 12:00:04]   [http://leqtori.gtu.ge:9000/public/teachers_2025_2026_2_11.html] fetching
[2026-06-03 12:00:05]   fetched 8027865 bytes
[2026-06-03 12:00:07]   parsed 10208 lectures from XI კვირის სასწავლო ცხრილი
[2026-06-03 12:00:39]   stored 10208 (deduped 0) into lecture
[2026-06-03 12:00:39]   [http://leqtori.gtu.ge:9000/public/prof_teachers.html] fetching
[2026-06-03 12:00:39]   fetched 111363 bytes
[2026-06-03 12:00:39]   parsed 52 lectures from XI კვირის სასწავლო ცხრილი
[2026-06-03 12:00:40]   stored 52 (deduped 0) into lecture
[2026-06-03 12:00:40] teachers totals: 1684 teachers, 4588 subjects, 10260 lectures
[2026-06-03 12:00:40] additional_pdf: 10 PDF(s) to fetch
[2026-06-03 12:00:40]   [additional_pdf/construction] fetching დამატ. ცხრ. -25-26 2 21.04.26 სამშენებლო.pdf
[2026-06-03 12:00:40]   [additional_pdf/construction] 307648 bytes, parsing PDF
[2026-06-03 12:00:41]   [additional_pdf/construction] 14 pages, 52664 text chars
[2026-06-03 12:00:42]   [additional_pdf/construction] structured: 195 logical rows -> 185 lectures
[2026-06-03 12:00:42]   [additional_pdf/power] fetching ენერგ ფაკ. დამატებითი_2025_2026_II_07_04_2026).pdf
[2026-06-03 12:00:42]   [additional_pdf/power] 71228 bytes, parsing PDF
[2026-06-03 12:00:42]   [additional_pdf/power] 2 pages, 6454 text chars
[2026-06-03 12:00:42]   [additional_pdf/power] raw text only
[2026-06-03 12:00:42]   [additional_pdf/mining] fetching სამთო-გეოლოგიური და მთის მდგრადი განვითარების ფაკულტეტი.pdf
[2026-06-03 12:00:43]   [additional_pdf/mining] 51893 bytes, parsing PDF
[2026-06-03 12:00:43]   [additional_pdf/mining] 1 pages, 2197 text chars
[2026-06-03 12:00:43]   [additional_pdf/mining] structured: 9 logical rows -> 8 lectures
[2026-06-03 12:00:43]   [additional_pdf/agrarian] fetching 2025-2026 II აგრარული დამატებითი_16_04_2026.pdf
[2026-06-03 12:00:43]   [additional_pdf/agrarian] 130098 bytes, parsing PDF
[2026-06-03 12:00:43]   [additional_pdf/agrarian] 4 pages, 11664 text chars
[2026-06-03 12:00:43]   [additional_pdf/agrarian] structured: 64 logical rows -> 64 lectures
[2026-06-03 12:00:43]   [additional_pdf/transport] fetching 05 დამატებითი ცხრილი . 23.04.2026.pdf
[2026-06-03 12:00:44]   [additional_pdf/transport] 164850 bytes, parsing PDF
[2026-06-03 12:00:44]   [additional_pdf/transport] 7 pages, 16906 text chars
[2026-06-03 12:00:44]   [additional_pdf/transport] raw text only
[2026-06-03 12:00:44]   [additional_pdf/architecture] fetching ცხრილი დამატ. არქიტექტურის, ურბანისტიკისა და დიზაინის.pdf
[2026-06-03 12:00:44]   [additional_pdf/architecture] 90193 bytes, parsing PDF
[2026-06-03 12:00:44]   [additional_pdf/architecture] 2 pages, 5806 text chars
[2026-06-03 12:00:44]   [additional_pdf/architecture] structured: 18 logical rows -> 15 lectures
[2026-06-03 12:00:44]   [additional_pdf/law] fetching სამართლისა და საერტაშორისო ურთ.დამატებითი ცხრილი_17_04_2026.pdf
[2026-06-03 12:00:45]   [additional_pdf/law] 284550 bytes, parsing PDF
[2026-06-03 12:00:45]   [additional_pdf/law] 9 pages, 16229 text chars
[2026-06-03 12:00:45]   [additional_pdf/law] raw text only
[2026-06-03 12:00:45]   [additional_pdf/ims] fetching იმს დამატებითი სასწავლო კურსების ცხრილი 2025-2026 II სემესტრი 25.05.2026.pdf
[2026-06-03 12:00:46]   [additional_pdf/ims] 204239 bytes, parsing PDF
[2026-06-03 12:00:46]   [additional_pdf/ims] 9 pages, 30012 text chars
[2026-06-03 12:00:47]   [additional_pdf/ims] structured: 159 logical rows -> 135 lectures
[2026-06-03 12:00:47]   [additional_pdf/business] fetching ბიზნესტექნოლოგიები_დამატებითი_17_04_2026.pdf
[2026-06-03 12:00:47]   [additional_pdf/business] 114955 bytes, parsing PDF
[2026-06-03 12:00:47]   [additional_pdf/business] 4 pages, 12300 text chars
[2026-06-03 12:00:47]   [additional_pdf/business] structured: 37 logical rows -> 19 lectures
[2026-06-03 12:00:47]   [additional_pdf/social] fetching დამატებიი ცხრილი სოციალურ მეცნიერებათა ფაკულტეტი 15_05_2026.pdf
[2026-06-03 12:00:48]   [additional_pdf/social] 86807 bytes, parsing PDF
[2026-06-03 12:00:48]   [additional_pdf/social] 1 pages, 2911 text chars
[2026-06-03 12:00:48]   [additional_pdf/social] raw text only
[2026-06-03 12:00:48] additional_pdf: stored 10, failed 0
[2026-06-03 12:00:48] midterm_pdf: no PDFs
[2026-06-03 12:00:48] done in 46.96s
[2026-06-03 17:00:01] fetching homepage
[2026-06-03 17:00:02] discovered 12 links across 2 sections
[2026-06-03 17:00:02] teachers_html: 2 unique source(s)
[2026-06-03 17:00:04]   [http://leqtori.gtu.ge:9000/public/teachers_2025_2026_2_11.html] fetching
[2026-06-03 17:00:05]   fetched 8027865 bytes
[2026-06-03 17:00:07]   parsed 10208 lectures from XI კვირის სასწავლო ცხრილი
[2026-06-03 17:00:30]   stored 10208 (deduped 0) into lecture
[2026-06-03 17:00:30]   [http://leqtori.gtu.ge:9000/public/prof_teachers.html] fetching
[2026-06-03 17:00:31]   fetched 111363 bytes
[2026-06-03 17:00:31]   parsed 52 lectures from XI კვირის სასწავლო ცხრილი
[2026-06-03 17:00:31]   stored 52 (deduped 0) into lecture
[2026-06-03 17:00:31] teachers totals: 1684 teachers, 4588 subjects, 10260 lectures
[2026-06-03 17:00:31] additional_pdf: 10 PDF(s) to fetch
[2026-06-03 17:00:31]   [additional_pdf/construction] fetching დამატ. ცხრ. -25-26 2 21.04.26 სამშენებლო.pdf
[2026-06-03 17:00:31]   [additional_pdf/construction] 307648 bytes, parsing PDF
[2026-06-03 17:00:32]   [additional_pdf/construction] 14 pages, 52664 text chars
[2026-06-03 17:00:33]   [additional_pdf/construction] structured: 195 logical rows -> 185 lectures
[2026-06-03 17:00:33]   [additional_pdf/power] fetching ენერგ ფაკ. დამატებითი_2025_2026_II_07_04_2026).pdf
[2026-06-03 17:00:33]   [additional_pdf/power] 71228 bytes, parsing PDF
[2026-06-03 17:00:33]   [additional_pdf/power] 2 pages, 6454 text chars
[2026-06-03 17:00:33]   [additional_pdf/power] raw text only
[2026-06-03 17:00:33]   [additional_pdf/mining] fetching სამთო-გეოლოგიური და მთის მდგრადი განვითარების ფაკულტეტი.pdf
[2026-06-03 17:00:33]   [additional_pdf/mining] 51893 bytes, parsing PDF
[2026-06-03 17:00:33]   [additional_pdf/mining] 1 pages, 2197 text chars
[2026-06-03 17:00:33]   [additional_pdf/mining] structured: 9 logical rows -> 8 lectures
[2026-06-03 17:00:33]   [additional_pdf/agrarian] fetching 2025-2026 II აგრარული დამატებითი_16_04_2026.pdf
[2026-06-03 17:00:34]   [additional_pdf/agrarian] 130098 bytes, parsing PDF
[2026-06-03 17:00:34]   [additional_pdf/agrarian] 4 pages, 11664 text chars
[2026-06-03 17:00:34]   [additional_pdf/agrarian] structured: 64 logical rows -> 64 lectures
[2026-06-03 17:00:34]   [additional_pdf/transport] fetching 05 დამატებითი ცხრილი . 23.04.2026.pdf
[2026-06-03 17:00:34]   [additional_pdf/transport] 164850 bytes, parsing PDF
[2026-06-03 17:00:34]   [additional_pdf/transport] 7 pages, 16906 text chars
[2026-06-03 17:00:34]   [additional_pdf/transport] raw text only
[2026-06-03 17:00:34]   [additional_pdf/architecture] fetching ცხრილი დამატ. არქიტექტურის, ურბანისტიკისა და დიზაინის.pdf
[2026-06-03 17:00:35]   [additional_pdf/architecture] 90193 bytes, parsing PDF
[2026-06-03 17:00:35]   [additional_pdf/architecture] 2 pages, 5806 text chars
[2026-06-03 17:00:35]   [additional_pdf/architecture] structured: 18 logical rows -> 15 lectures
[2026-06-03 17:00:35]   [additional_pdf/law] fetching სამართლისა და საერტაშორისო ურთ.დამატებითი ცხრილი_17_04_2026.pdf
[2026-06-03 17:00:35]   [additional_pdf/law] 284550 bytes, parsing PDF
[2026-06-03 17:00:36]   [additional_pdf/law] 9 pages, 16229 text chars
[2026-06-03 17:00:36]   [additional_pdf/law] raw text only
[2026-06-03 17:00:36]   [additional_pdf/ims] fetching იმს დამატებითი სასწავლო კურსების ცხრილი 2025-2026 II სემესტრი 25.05.2026.pdf
[2026-06-03 17:00:36]   [additional_pdf/ims] 204239 bytes, parsing PDF
[2026-06-03 17:00:36]   [additional_pdf/ims] 9 pages, 30012 text chars
[2026-06-03 17:00:37]   [additional_pdf/ims] structured: 159 logical rows -> 135 lectures
[2026-06-03 17:00:37]   [additional_pdf/business] fetching ბიზნესტექნოლოგიები_დამატებითი_17_04_2026.pdf
[2026-06-03 17:00:37]   [additional_pdf/business] 114955 bytes, parsing PDF
[2026-06-03 17:00:37]   [additional_pdf/business] 4 pages, 12300 text chars
[2026-06-03 17:00:37]   [additional_pdf/business] structured: 37 logical rows -> 19 lectures
[2026-06-03 17:00:37]   [additional_pdf/social] fetching დამატებიი ცხრილი სოციალურ მეცნიერებათა ფაკულტეტი 15_05_2026.pdf
[2026-06-03 17:00:38]   [additional_pdf/social] 86807 bytes, parsing PDF
[2026-06-03 17:00:38]   [additional_pdf/social] 1 pages, 2911 text chars
[2026-06-03 17:00:38]   [additional_pdf/social] raw text only
[2026-06-03 17:00:38] additional_pdf: stored 10, failed 0
[2026-06-03 17:00:38] midterm_pdf: no PDFs
[2026-06-03 17:00:38] done in 36.84s
[2026-06-03 22:00:02] fetching homepage
[2026-06-03 22:00:03] discovered 12 links across 2 sections
[2026-06-03 22:00:03] teachers_html: 2 unique source(s)
[2026-06-03 22:00:05]   [http://leqtori.gtu.ge:9000/public/teachers_2025_2026_2_11.html] fetching
[2026-06-03 22:00:06]   fetched 8027865 bytes
[2026-06-03 22:00:08]   parsed 10208 lectures from XI კვირის სასწავლო ცხრილი
[2026-06-03 22:00:33]   stored 10208 (deduped 0) into lecture
[2026-06-03 22:00:33]   [http://leqtori.gtu.ge:9000/public/prof_teachers.html] fetching
[2026-06-03 22:00:33]   fetched 111363 bytes
[2026-06-03 22:00:33]   parsed 52 lectures from XI კვირის სასწავლო ცხრილი
[2026-06-03 22:00:34]   stored 52 (deduped 0) into lecture
[2026-06-03 22:00:34] teachers totals: 1684 teachers, 4588 subjects, 10260 lectures
[2026-06-03 22:00:34] additional_pdf: 10 PDF(s) to fetch
[2026-06-03 22:00:34]   [additional_pdf/construction] fetching დამატ. ცხრ. -25-26 2 21.04.26 სამშენებლო.pdf
[2026-06-03 22:00:34]   [additional_pdf/construction] 307648 bytes, parsing PDF
[2026-06-03 22:00:34]   [additional_pdf/construction] 14 pages, 52664 text chars
[2026-06-03 22:00:35]   [additional_pdf/construction] structured: 195 logical rows -> 185 lectures
[2026-06-03 22:00:35]   [additional_pdf/power] fetching ენერგ ფაკ. დამატებითი_2025_2026_II_07_04_2026).pdf
[2026-06-03 22:00:35]   [additional_pdf/power] 71228 bytes, parsing PDF
[2026-06-03 22:00:36]   [additional_pdf/power] 2 pages, 6454 text chars
[2026-06-03 22:00:36]   [additional_pdf/power] raw text only
[2026-06-03 22:00:36]   [additional_pdf/mining] fetching სამთო-გეოლოგიური და მთის მდგრადი განვითარების ფაკულტეტი.pdf
[2026-06-03 22:00:36]   [additional_pdf/mining] 51893 bytes, parsing PDF
[2026-06-03 22:00:36]   [additional_pdf/mining] 1 pages, 2197 text chars
[2026-06-03 22:00:36]   [additional_pdf/mining] structured: 9 logical rows -> 8 lectures
[2026-06-03 22:00:36]   [additional_pdf/agrarian] fetching 2025-2026 II აგრარული დამატებითი_16_04_2026.pdf
[2026-06-03 22:00:36]   [additional_pdf/agrarian] 130098 bytes, parsing PDF
[2026-06-03 22:00:36]   [additional_pdf/agrarian] 4 pages, 11664 text chars
[2026-06-03 22:00:36]   [additional_pdf/agrarian] structured: 64 logical rows -> 64 lectures
[2026-06-03 22:00:36]   [additional_pdf/transport] fetching 05 დამატებითი ცხრილი . 23.04.2026.pdf
[2026-06-03 22:00:37]   [additional_pdf/transport] 164850 bytes, parsing PDF
[2026-06-03 22:00:37]   [additional_pdf/transport] 7 pages, 16906 text chars
[2026-06-03 22:00:37]   [additional_pdf/transport] raw text only
[2026-06-03 22:00:37]   [additional_pdf/architecture] fetching ცხრილი დამატ. არქიტექტურის, ურბანისტიკისა და დიზაინის.pdf
[2026-06-03 22:00:37]   [additional_pdf/architecture] 90193 bytes, parsing PDF
[2026-06-03 22:00:37]   [additional_pdf/architecture] 2 pages, 5806 text chars
[2026-06-03 22:00:37]   [additional_pdf/architecture] structured: 18 logical rows -> 15 lectures
[2026-06-03 22:00:37]   [additional_pdf/law] fetching სამართლისა და საერტაშორისო ურთ.დამატებითი ცხრილი_17_04_2026.pdf
[2026-06-03 22:00:38]   [additional_pdf/law] 284550 bytes, parsing PDF
[2026-06-03 22:00:38]   [additional_pdf/law] 9 pages, 16229 text chars
[2026-06-03 22:00:38]   [additional_pdf/law] raw text only
[2026-06-03 22:00:38]   [additional_pdf/ims] fetching იმს დამატებითი სასწავლო კურსების ცხრილი 2025-2026 II სემესტრი 25.05.2026.pdf
[2026-06-03 22:00:39]   [additional_pdf/ims] 204239 bytes, parsing PDF
[2026-06-03 22:00:39]   [additional_pdf/ims] 9 pages, 30012 text chars
[2026-06-03 22:00:40]   [additional_pdf/ims] structured: 159 logical rows -> 135 lectures
[2026-06-03 22:00:40]   [additional_pdf/business] fetching ბიზნესტექნოლოგიები_დამატებითი_17_04_2026.pdf
[2026-06-03 22:00:40]   [additional_pdf/business] 114955 bytes, parsing PDF
[2026-06-03 22:00:40]   [additional_pdf/business] 4 pages, 12300 text chars
[2026-06-03 22:00:40]   [additional_pdf/business] structured: 37 logical rows -> 19 lectures
[2026-06-03 22:00:40]   [additional_pdf/social] fetching დამატებიი ცხრილი სოციალურ მეცნიერებათა ფაკულტეტი 15_05_2026.pdf
[2026-06-03 22:00:40]   [additional_pdf/social] 86807 bytes, parsing PDF
[2026-06-03 22:00:40]   [additional_pdf/social] 1 pages, 2911 text chars
[2026-06-03 22:00:40]   [additional_pdf/social] raw text only
[2026-06-03 22:00:40] additional_pdf: stored 10, failed 0
[2026-06-03 22:00:40] midterm_pdf: no PDFs
[2026-06-03 22:00:40] done in 37.92s
[2026-06-04 02:00:02] fetching homepage
[2026-06-04 02:00:02] discovered 12 links across 2 sections
[2026-06-04 02:00:02] teachers_html: 2 unique source(s)
[2026-06-04 02:00:05]   [http://leqtori.gtu.ge:9000/public/teachers_2025_2026_2_11.html] fetching
[2026-06-04 02:00:08]   fetched 8027865 bytes
[2026-06-04 02:00:14]   parsed 10208 lectures from XI კვირის სასწავლო ცხრილი
[2026-06-04 02:01:25]   stored 10208 (deduped 0) into lecture
[2026-06-04 02:01:25]   [http://leqtori.gtu.ge:9000/public/prof_teachers.html] fetching
[2026-06-04 02:01:25]   fetched 111363 bytes
[2026-06-04 02:01:25]   parsed 52 lectures from XI კვირის სასწავლო ცხრილი
[2026-06-04 02:01:25]   stored 52 (deduped 0) into lecture
[2026-06-04 02:01:26] teachers totals: 1684 teachers, 4588 subjects, 10260 lectures
[2026-06-04 02:01:26] additional_pdf: 10 PDF(s) to fetch
[2026-06-04 02:01:26]   [additional_pdf/construction] fetching დამატ. ცხრ. -25-26 2 21.04.26 სამშენებლო.pdf
[2026-06-04 02:01:26]   [additional_pdf/construction] 307648 bytes, parsing PDF
[2026-06-04 02:01:26]   [additional_pdf/construction] 14 pages, 52664 text chars
[2026-06-04 02:01:27]   [additional_pdf/construction] structured: 195 logical rows -> 185 lectures
[2026-06-04 02:01:27]   [additional_pdf/power] fetching ენერგ ფაკ. დამატებითი_2025_2026_II_07_04_2026).pdf
[2026-06-04 02:01:28]   [additional_pdf/power] 71228 bytes, parsing PDF
[2026-06-04 02:01:28]   [additional_pdf/power] 2 pages, 6454 text chars
[2026-06-04 02:01:28]   [additional_pdf/power] raw text only
[2026-06-04 02:01:28]   [additional_pdf/mining] fetching სამთო-გეოლოგიური და მთის მდგრადი განვითარების ფაკულტეტი.pdf
[2026-06-04 02:01:28]   [additional_pdf/mining] 51893 bytes, parsing PDF
[2026-06-04 02:01:28]   [additional_pdf/mining] 1 pages, 2197 text chars
[2026-06-04 02:01:28]   [additional_pdf/mining] structured: 9 logical rows -> 8 lectures
[2026-06-04 02:01:28]   [additional_pdf/agrarian] fetching 2025-2026 II აგრარული დამატებითი_16_04_2026.pdf
[2026-06-04 02:01:28]   [additional_pdf/agrarian] 130098 bytes, parsing PDF
[2026-06-04 02:01:28]   [additional_pdf/agrarian] 4 pages, 11664 text chars
[2026-06-04 02:01:29]   [additional_pdf/agrarian] structured: 64 logical rows -> 64 lectures
[2026-06-04 02:01:29]   [additional_pdf/transport] fetching 05 დამატებითი ცხრილი . 23.04.2026.pdf
[2026-06-04 02:01:29]   [additional_pdf/transport] 164850 bytes, parsing PDF
[2026-06-04 02:01:29]   [additional_pdf/transport] 7 pages, 16906 text chars
[2026-06-04 02:01:29]   [additional_pdf/transport] raw text only
[2026-06-04 02:01:29]   [additional_pdf/architecture] fetching ცხრილი დამატ. არქიტექტურის, ურბანისტიკისა და დიზაინის.pdf
[2026-06-04 02:01:30]   [additional_pdf/architecture] 90193 bytes, parsing PDF
[2026-06-04 02:01:30]   [additional_pdf/architecture] 2 pages, 5806 text chars
[2026-06-04 02:01:30]   [additional_pdf/architecture] structured: 18 logical rows -> 15 lectures
[2026-06-04 02:01:30]   [additional_pdf/law] fetching სამართლისა და საერტაშორისო ურთ.დამატებითი ცხრილი_17_04_2026.pdf
[2026-06-04 02:01:30]   [additional_pdf/law] 284550 bytes, parsing PDF
[2026-06-04 02:01:31]   [additional_pdf/law] 9 pages, 16229 text chars
[2026-06-04 02:01:31]   [additional_pdf/law] raw text only
[2026-06-04 02:01:31]   [additional_pdf/ims] fetching იმს დამატებითი სასწავლო კურსების ცხრილი 2025-2026 II სემესტრი 25.05.2026.pdf
[2026-06-04 02:01:31]   [additional_pdf/ims] 204239 bytes, parsing PDF
[2026-06-04 02:01:31]   [additional_pdf/ims] 9 pages, 30012 text chars
[2026-06-04 02:01:32]   [additional_pdf/ims] structured: 159 logical rows -> 135 lectures
[2026-06-04 02:01:32]   [additional_pdf/business] fetching ბიზნესტექნოლოგიები_დამატებითი_17_04_2026.pdf
[2026-06-04 02:01:33]   [additional_pdf/business] 114955 bytes, parsing PDF
[2026-06-04 02:01:33]   [additional_pdf/business] 4 pages, 12300 text chars
[2026-06-04 02:01:33]   [additional_pdf/business] structured: 37 logical rows -> 19 lectures
[2026-06-04 02:01:33]   [additional_pdf/social] fetching დამატებიი ცხრილი სოციალურ მეცნიერებათა ფაკულტეტი 15_05_2026.pdf
[2026-06-04 02:01:33]   [additional_pdf/social] 86807 bytes, parsing PDF
[2026-06-04 02:01:33]   [additional_pdf/social] 1 pages, 2911 text chars
[2026-06-04 02:01:33]   [additional_pdf/social] raw text only
[2026-06-04 02:01:33] additional_pdf: stored 10, failed 0
[2026-06-04 02:01:33] midterm_pdf: no PDFs
[2026-06-04 02:01:33] done in 91.48s
[2026-06-04 07:00:02] fetching homepage
[2026-06-04 07:00:03] discovered 12 links across 2 sections
[2026-06-04 07:00:03] teachers_html: 2 unique source(s)
[2026-06-04 07:00:05]   [http://leqtori.gtu.ge:9000/public/teachers_2025_2026_2_11.html] fetching
[2026-06-04 07:00:06]   fetched 8027865 bytes
[2026-06-04 07:00:08]   parsed 10208 lectures from XI კვირის სასწავლო ცხრილი
[2026-06-04 07:00:31]   stored 10208 (deduped 0) into lecture
[2026-06-04 07:00:31]   [http://leqtori.gtu.ge:9000/public/prof_teachers.html] fetching
[2026-06-04 07:00:32]   fetched 111363 bytes
[2026-06-04 07:00:32]   parsed 52 lectures from XI კვირის სასწავლო ცხრილი
[2026-06-04 07:00:32]   stored 52 (deduped 0) into lecture
[2026-06-04 07:00:32] teachers totals: 1684 teachers, 4588 subjects, 10260 lectures
[2026-06-04 07:00:32] additional_pdf: 10 PDF(s) to fetch
[2026-06-04 07:00:32]   [additional_pdf/construction] fetching დამატ. ცხრ. -25-26 2 21.04.26 სამშენებლო.pdf
[2026-06-04 07:00:32]   [additional_pdf/construction] 307648 bytes, parsing PDF
[2026-06-04 07:00:32]   [additional_pdf/construction] 14 pages, 52664 text chars
[2026-06-04 07:00:33]   [additional_pdf/construction] structured: 195 logical rows -> 185 lectures
[2026-06-04 07:00:33]   [additional_pdf/power] fetching ენერგ ფაკ. დამატებითი_2025_2026_II_07_04_2026).pdf
[2026-06-04 07:00:34]   [additional_pdf/power] 71228 bytes, parsing PDF
[2026-06-04 07:00:34]   [additional_pdf/power] 2 pages, 6454 text chars
[2026-06-04 07:00:34]   [additional_pdf/power] raw text only
[2026-06-04 07:00:34]   [additional_pdf/mining] fetching სამთო-გეოლოგიური და მთის მდგრადი განვითარების ფაკულტეტი.pdf
[2026-06-04 07:00:34]   [additional_pdf/mining] 51893 bytes, parsing PDF
[2026-06-04 07:00:34]   [additional_pdf/mining] 1 pages, 2197 text chars
[2026-06-04 07:00:34]   [additional_pdf/mining] structured: 9 logical rows -> 8 lectures
[2026-06-04 07:00:34]   [additional_pdf/agrarian] fetching 2025-2026 II აგრარული დამატებითი_16_04_2026.pdf
[2026-06-04 07:00:34]   [additional_pdf/agrarian] 130098 bytes, parsing PDF
[2026-06-04 07:00:35]   [additional_pdf/agrarian] 4 pages, 11664 text chars
[2026-06-04 07:00:35]   [additional_pdf/agrarian] structured: 64 logical rows -> 64 lectures
[2026-06-04 07:00:35]   [additional_pdf/transport] fetching 05 დამატებითი ცხრილი . 23.04.2026.pdf
[2026-06-04 07:00:35]   [additional_pdf/transport] 164850 bytes, parsing PDF
[2026-06-04 07:00:35]   [additional_pdf/transport] 7 pages, 16906 text chars
[2026-06-04 07:00:35]   [additional_pdf/transport] raw text only
[2026-06-04 07:00:35]   [additional_pdf/architecture] fetching ცხრილი დამატ. არქიტექტურის, ურბანისტიკისა და დიზაინის.pdf
[2026-06-04 07:00:35]   [additional_pdf/architecture] 90193 bytes, parsing PDF
[2026-06-04 07:00:35]   [additional_pdf/architecture] 2 pages, 5806 text chars
[2026-06-04 07:00:36]   [additional_pdf/architecture] structured: 18 logical rows -> 15 lectures
[2026-06-04 07:00:36]   [additional_pdf/law] fetching სამართლისა და საერტაშორისო ურთ.დამატებითი ცხრილი_17_04_2026.pdf
[2026-06-04 07:00:36]   [additional_pdf/law] 284550 bytes, parsing PDF
[2026-06-04 07:00:36]   [additional_pdf/law] 9 pages, 16229 text chars
[2026-06-04 07:00:36]   [additional_pdf/law] raw text only
[2026-06-04 07:00:36]   [additional_pdf/ims] fetching იმს დამატებითი სასწავლო კურსების ცხრილი 2025-2026 II სემესტრი 25.05.2026.pdf
[2026-06-04 07:00:37]   [additional_pdf/ims] 204239 bytes, parsing PDF
[2026-06-04 07:00:37]   [additional_pdf/ims] 9 pages, 30012 text chars
[2026-06-04 07:00:38]   [additional_pdf/ims] structured: 159 logical rows -> 135 lectures
[2026-06-04 07:00:38]   [additional_pdf/business] fetching ბიზნესტექნოლოგიები_დამატებითი_17_04_2026.pdf
[2026-06-04 07:00:38]   [additional_pdf/business] 114955 bytes, parsing PDF
[2026-06-04 07:00:38]   [additional_pdf/business] 4 pages, 12300 text chars
[2026-06-04 07:00:38]   [additional_pdf/business] structured: 37 logical rows -> 19 lectures
[2026-06-04 07:00:38]   [additional_pdf/social] fetching დამატებიი ცხრილი სოციალურ მეცნიერებათა ფაკულტეტი 15_05_2026.pdf
[2026-06-04 07:00:38]   [additional_pdf/social] 86807 bytes, parsing PDF
[2026-06-04 07:00:38]   [additional_pdf/social] 1 pages, 2911 text chars
[2026-06-04 07:00:38]   [additional_pdf/social] raw text only
[2026-06-04 07:00:38] additional_pdf: stored 10, failed 0
[2026-06-04 07:00:38] midterm_pdf: no PDFs
[2026-06-04 07:00:38] done in 36.49s
[2026-06-04 12:00:02] fetching homepage
[2026-06-04 12:00:03] discovered 12 links across 2 sections
[2026-06-04 12:00:03] teachers_html: 2 unique source(s)
[2026-06-04 12:00:04]   [http://leqtori.gtu.ge:9000/public/teachers_2025_2026_2_11.html] fetching
[2026-06-04 12:00:05]   fetched 8027865 bytes
[2026-06-04 12:00:08]   parsed 10208 lectures from XI კვირის სასწავლო ცხრილი
[2026-06-04 12:00:31]   stored 10208 (deduped 0) into lecture
[2026-06-04 12:00:31]   [http://leqtori.gtu.ge:9000/public/prof_teachers.html] fetching
[2026-06-04 12:00:31]   fetched 111363 bytes
[2026-06-04 12:00:31]   parsed 52 lectures from XI კვირის სასწავლო ცხრილი
[2026-06-04 12:00:31]   stored 52 (deduped 0) into lecture
[2026-06-04 12:00:31] teachers totals: 1684 teachers, 4588 subjects, 10260 lectures
[2026-06-04 12:00:31] additional_pdf: 10 PDF(s) to fetch
[2026-06-04 12:00:31]   [additional_pdf/construction] fetching დამატ. ცხრ. -25-26 2 21.04.26 სამშენებლო.pdf
[2026-06-04 12:00:32]   [additional_pdf/construction] 307648 bytes, parsing PDF
[2026-06-04 12:00:32]   [additional_pdf/construction] 14 pages, 52664 text chars
[2026-06-04 12:00:33]   [additional_pdf/construction] structured: 195 logical rows -> 185 lectures
[2026-06-04 12:00:33]   [additional_pdf/power] fetching ენერგ ფაკ. დამატებითი_2025_2026_II_07_04_2026).pdf
[2026-06-04 12:00:33]   [additional_pdf/power] 71228 bytes, parsing PDF
[2026-06-04 12:00:33]   [additional_pdf/power] 2 pages, 6454 text chars
[2026-06-04 12:00:33]   [additional_pdf/power] raw text only
[2026-06-04 12:00:33]   [additional_pdf/mining] fetching სამთო-გეოლოგიური და მთის მდგრადი განვითარების ფაკულტეტი.pdf
[2026-06-04 12:00:33]   [additional_pdf/mining] 51893 bytes, parsing PDF
[2026-06-04 12:00:33]   [additional_pdf/mining] 1 pages, 2197 text chars
[2026-06-04 12:00:33]   [additional_pdf/mining] structured: 9 logical rows -> 8 lectures
[2026-06-04 12:00:33]   [additional_pdf/agrarian] fetching 2025-2026 II აგრარული დამატებითი_16_04_2026.pdf
[2026-06-04 12:00:34]   [additional_pdf/agrarian] 130098 bytes, parsing PDF
[2026-06-04 12:00:34]   [additional_pdf/agrarian] 4 pages, 11664 text chars
[2026-06-04 12:00:34]   [additional_pdf/agrarian] structured: 64 logical rows -> 64 lectures
[2026-06-04 12:00:34]   [additional_pdf/transport] fetching 05 დამატებითი ცხრილი . 23.04.2026.pdf
[2026-06-04 12:00:34]   [additional_pdf/transport] 164850 bytes, parsing PDF
[2026-06-04 12:00:35]   [additional_pdf/transport] 7 pages, 16906 text chars
[2026-06-04 12:00:35]   [additional_pdf/transport] raw text only
[2026-06-04 12:00:35]   [additional_pdf/architecture] fetching ცხრილი დამატ. არქიტექტურის, ურბანისტიკისა და დიზაინის.pdf
[2026-06-04 12:00:35]   [additional_pdf/architecture] 90193 bytes, parsing PDF
[2026-06-04 12:00:35]   [additional_pdf/architecture] 2 pages, 5806 text chars
[2026-06-04 12:00:35]   [additional_pdf/architecture] structured: 18 logical rows -> 15 lectures
[2026-06-04 12:00:35]   [additional_pdf/law] fetching სამართლისა და საერტაშორისო ურთ.დამატებითი ცხრილი_17_04_2026.pdf
[2026-06-04 12:00:35]   [additional_pdf/law] 284550 bytes, parsing PDF
[2026-06-04 12:00:36]   [additional_pdf/law] 9 pages, 16229 text chars
[2026-06-04 12:00:36]   [additional_pdf/law] raw text only
[2026-06-04 12:00:36]   [additional_pdf/ims] fetching იმს დამატებითი სასწავლო კურსების ცხრილი 2025-2026 II სემესტრი 25.05.2026.pdf
[2026-06-04 12:00:36]   [additional_pdf/ims] 204239 bytes, parsing PDF
[2026-06-04 12:00:36]   [additional_pdf/ims] 9 pages, 30012 text chars
[2026-06-04 12:00:37]   [additional_pdf/ims] structured: 159 logical rows -> 135 lectures
[2026-06-04 12:00:37]   [additional_pdf/business] fetching ბიზნესტექნოლოგიები_დამატებითი_17_04_2026.pdf
[2026-06-04 12:00:43]   [additional_pdf/business] 114955 bytes, parsing PDF
[2026-06-04 12:00:43]   [additional_pdf/business] 4 pages, 12300 text chars
[2026-06-04 12:00:43]   [additional_pdf/business] structured: 37 logical rows -> 19 lectures
[2026-06-04 12:00:43]   [additional_pdf/social] fetching დამატებიი ცხრილი სოციალურ მეცნიერებათა ფაკულტეტი 15_05_2026.pdf
[2026-06-04 12:00:43]   [additional_pdf/social] 86807 bytes, parsing PDF
[2026-06-04 12:00:43]   [additional_pdf/social] 1 pages, 2911 text chars
[2026-06-04 12:00:43]   [additional_pdf/social] raw text only
[2026-06-04 12:00:43] additional_pdf: stored 10, failed 0
[2026-06-04 12:00:43] midterm_pdf: no PDFs
[2026-06-04 12:00:43] done in 41.19s
[2026-06-04 17:00:02] fetching homepage
[2026-06-04 17:00:03] discovered 12 links across 2 sections
[2026-06-04 17:00:03] teachers_html: 2 unique source(s)
[2026-06-04 17:00:05]   [http://leqtori.gtu.ge:9000/public/teachers_2025_2026_2_11.html] fetching
[2026-06-04 17:00:07]   fetched 8027865 bytes
[2026-06-04 17:00:10]   parsed 10208 lectures from XI კვირის სასწავლო ცხრილი
[2026-06-04 17:00:43]   stored 10208 (deduped 0) into lecture
[2026-06-04 17:00:43]   [http://leqtori.gtu.ge:9000/public/prof_teachers.html] fetching
[2026-06-04 17:00:44]   fetched 111363 bytes
[2026-06-04 17:00:44]   parsed 52 lectures from XI კვირის სასწავლო ცხრილი
[2026-06-04 17:00:44]   stored 52 (deduped 0) into lecture
[2026-06-04 17:00:44] teachers totals: 1684 teachers, 4588 subjects, 10260 lectures
[2026-06-04 17:00:44] additional_pdf: 10 PDF(s) to fetch
[2026-06-04 17:00:44]   [additional_pdf/construction] fetching დამატ. ცხრ. -25-26 2 21.04.26 სამშენებლო.pdf
[2026-06-04 17:00:44]   [additional_pdf/construction] 307648 bytes, parsing PDF
[2026-06-04 17:00:45]   [additional_pdf/construction] 14 pages, 52664 text chars
[2026-06-04 17:00:46]   [additional_pdf/construction] structured: 195 logical rows -> 185 lectures
[2026-06-04 17:00:46]   [additional_pdf/power] fetching ენერგ ფაკ. დამატებითი_2025_2026_II_07_04_2026).pdf
[2026-06-04 17:00:46]   [additional_pdf/power] 71228 bytes, parsing PDF
[2026-06-04 17:00:46]   [additional_pdf/power] 2 pages, 6454 text chars
[2026-06-04 17:00:46]   [additional_pdf/power] raw text only
[2026-06-04 17:00:46]   [additional_pdf/mining] fetching სამთო-გეოლოგიური და მთის მდგრადი განვითარების ფაკულტეტი.pdf
[2026-06-04 17:00:47]   [additional_pdf/mining] 51893 bytes, parsing PDF
[2026-06-04 17:00:47]   [additional_pdf/mining] 1 pages, 2197 text chars
[2026-06-04 17:00:47]   [additional_pdf/mining] structured: 9 logical rows -> 8 lectures
[2026-06-04 17:00:47]   [additional_pdf/agrarian] fetching 2025-2026 II აგრარული დამატებითი_16_04_2026.pdf
[2026-06-04 17:00:47]   [additional_pdf/agrarian] 130098 bytes, parsing PDF
[2026-06-04 17:00:47]   [additional_pdf/agrarian] 4 pages, 11664 text chars
[2026-06-04 17:00:47]   [additional_pdf/agrarian] structured: 64 logical rows -> 64 lectures
[2026-06-04 17:00:47]   [additional_pdf/transport] fetching 05 დამატებითი ცხრილი . 23.04.2026.pdf
[2026-06-04 17:00:48]   [additional_pdf/transport] 164850 bytes, parsing PDF
[2026-06-04 17:00:48]   [additional_pdf/transport] 7 pages, 16906 text chars
[2026-06-04 17:00:48]   [additional_pdf/transport] raw text only
[2026-06-04 17:00:48]   [additional_pdf/architecture] fetching ცხრილი დამატ. არქიტექტურის, ურბანისტიკისა და დიზაინის.pdf
[2026-06-04 17:00:49]   [additional_pdf/architecture] 90193 bytes, parsing PDF
[2026-06-04 17:00:49]   [additional_pdf/architecture] 2 pages, 5806 text chars
[2026-06-04 17:00:49]   [additional_pdf/architecture] structured: 18 logical rows -> 15 lectures
[2026-06-04 17:00:49]   [additional_pdf/law] fetching სამართლისა და საერტაშორისო ურთ.დამატებითი ცხრილი_17_04_2026.pdf
[2026-06-04 17:00:49]   [additional_pdf/law] 284550 bytes, parsing PDF
[2026-06-04 17:00:50]   [additional_pdf/law] 9 pages, 16229 text chars
[2026-06-04 17:00:50]   [additional_pdf/law] raw text only
[2026-06-04 17:00:50]   [additional_pdf/ims] fetching იმს დამატებითი სასწავლო კურსების ცხრილი 2025-2026 II სემესტრი 25.05.2026.pdf
[2026-06-04 17:00:50]   [additional_pdf/ims] 204239 bytes, parsing PDF
[2026-06-04 17:00:50]   [additional_pdf/ims] 9 pages, 30012 text chars
[2026-06-04 17:00:52]   [additional_pdf/ims] structured: 159 logical rows -> 135 lectures
[2026-06-04 17:00:52]   [additional_pdf/business] fetching ბიზნესტექნოლოგიები_დამატებითი_17_04_2026.pdf
[2026-06-04 17:00:52]   [additional_pdf/business] 114955 bytes, parsing PDF
[2026-06-04 17:00:52]   [additional_pdf/business] 4 pages, 12300 text chars
[2026-06-04 17:00:52]   [additional_pdf/business] structured: 37 logical rows -> 19 lectures
[2026-06-04 17:00:52]   [additional_pdf/social] fetching დამატებიი ცხრილი სოციალურ მეცნიერებათა ფაკულტეტი 15_05_2026.pdf
[2026-06-04 17:00:52]   [additional_pdf/social] 86807 bytes, parsing PDF
[2026-06-04 17:00:53]   [additional_pdf/social] 1 pages, 2911 text chars
[2026-06-04 17:00:53]   [additional_pdf/social] raw text only
[2026-06-04 17:00:53] additional_pdf: stored 10, failed 0
[2026-06-04 17:00:53] midterm_pdf: no PDFs
[2026-06-04 17:00:53] done in 50.94s
[2026-06-04 22:00:02] fetching homepage
[2026-06-04 22:00:03] discovered 12 links across 2 sections
[2026-06-04 22:00:03] teachers_html: 2 unique source(s)
[2026-06-04 22:00:04]   [http://leqtori.gtu.ge:9000/public/teachers_2025_2026_2_11.html] fetching
[2026-06-04 22:00:05]   fetched 8027865 bytes
[2026-06-04 22:00:08]   parsed 10208 lectures from XI კვირის სასწავლო ცხრილი
[2026-06-04 22:00:36]   stored 10208 (deduped 0) into lecture
[2026-06-04 22:00:36]   [http://leqtori.gtu.ge:9000/public/prof_teachers.html] fetching
[2026-06-04 22:00:37]   fetched 111363 bytes
[2026-06-04 22:00:37]   parsed 52 lectures from XI კვირის სასწავლო ცხრილი
[2026-06-04 22:00:37]   stored 52 (deduped 0) into lecture
[2026-06-04 22:00:37] teachers totals: 1684 teachers, 4588 subjects, 10260 lectures
[2026-06-04 22:00:37] additional_pdf: 10 PDF(s) to fetch
[2026-06-04 22:00:37]   [additional_pdf/construction] fetching დამატ. ცხრ. -25-26 2 21.04.26 სამშენებლო.pdf
[2026-06-04 22:00:38]   [additional_pdf/construction] 307648 bytes, parsing PDF
[2026-06-04 22:00:38]   [additional_pdf/construction] 14 pages, 52664 text chars
[2026-06-04 22:00:39]   [additional_pdf/construction] structured: 195 logical rows -> 185 lectures
[2026-06-04 22:00:39]   [additional_pdf/power] fetching ენერგ ფაკ. დამატებითი_2025_2026_II_07_04_2026).pdf
[2026-06-04 22:00:39]   [additional_pdf/power] 71228 bytes, parsing PDF
[2026-06-04 22:00:39]   [additional_pdf/power] 2 pages, 6454 text chars
[2026-06-04 22:00:39]   [additional_pdf/power] raw text only
[2026-06-04 22:00:39]   [additional_pdf/mining] fetching სამთო-გეოლოგიური და მთის მდგრადი განვითარების ფაკულტეტი.pdf
[2026-06-04 22:00:40]   [additional_pdf/mining] 51893 bytes, parsing PDF
[2026-06-04 22:00:40]   [additional_pdf/mining] 1 pages, 2197 text chars
[2026-06-04 22:00:40]   [additional_pdf/mining] structured: 9 logical rows -> 8 lectures
[2026-06-04 22:00:40]   [additional_pdf/agrarian] fetching 2025-2026 II აგრარული დამატებითი_16_04_2026.pdf
[2026-06-04 22:00:40]   [additional_pdf/agrarian] 130098 bytes, parsing PDF
[2026-06-04 22:00:40]   [additional_pdf/agrarian] 4 pages, 11664 text chars
[2026-06-04 22:00:41]   [additional_pdf/agrarian] structured: 64 logical rows -> 64 lectures
[2026-06-04 22:00:41]   [additional_pdf/transport] fetching 05 დამატებითი ცხრილი . 23.04.2026.pdf
[2026-06-04 22:00:41]   [additional_pdf/transport] 164850 bytes, parsing PDF
[2026-06-04 22:00:41]   [additional_pdf/transport] 7 pages, 16906 text chars
[2026-06-04 22:00:41]   [additional_pdf/transport] raw text only
[2026-06-04 22:00:41]   [additional_pdf/architecture] fetching ცხრილი დამატ. არქიტექტურის, ურბანისტიკისა და დიზაინის.pdf
[2026-06-04 22:00:42]   [additional_pdf/architecture] 90193 bytes, parsing PDF
[2026-06-04 22:00:42]   [additional_pdf/architecture] 2 pages, 5806 text chars
[2026-06-04 22:00:42]   [additional_pdf/architecture] structured: 18 logical rows -> 15 lectures
[2026-06-04 22:00:42]   [additional_pdf/law] fetching სამართლისა და საერტაშორისო ურთ.დამატებითი ცხრილი_17_04_2026.pdf
[2026-06-04 22:00:42]   [additional_pdf/law] 284550 bytes, parsing PDF
[2026-06-04 22:00:43]   [additional_pdf/law] 9 pages, 16229 text chars
[2026-06-04 22:00:43]   [additional_pdf/law] raw text only
[2026-06-04 22:00:43]   [additional_pdf/ims] fetching იმს დამატებითი სასწავლო კურსების ცხრილი 2025-2026 II სემესტრი 25.05.2026.pdf
[2026-06-04 22:00:43]   [additional_pdf/ims] 204239 bytes, parsing PDF
[2026-06-04 22:00:43]   [additional_pdf/ims] 9 pages, 30012 text chars
[2026-06-04 22:00:44]   [additional_pdf/ims] structured: 159 logical rows -> 135 lectures
[2026-06-04 22:00:44]   [additional_pdf/business] fetching ბიზნესტექნოლოგიები_დამატებითი_17_04_2026.pdf
[2026-06-04 22:00:45]   [additional_pdf/business] 114955 bytes, parsing PDF
[2026-06-04 22:00:45]   [additional_pdf/business] 4 pages, 12300 text chars
[2026-06-04 22:00:45]   [additional_pdf/business] structured: 37 logical rows -> 19 lectures
[2026-06-04 22:00:45]   [additional_pdf/social] fetching დამატებიი ცხრილი სოციალურ მეცნიერებათა ფაკულტეტი 15_05_2026.pdf
[2026-06-04 22:00:45]   [additional_pdf/social] 86807 bytes, parsing PDF
[2026-06-04 22:00:45]   [additional_pdf/social] 1 pages, 2911 text chars
[2026-06-04 22:00:45]   [additional_pdf/social] raw text only
[2026-06-04 22:00:45] additional_pdf: stored 10, failed 0
[2026-06-04 22:00:45] midterm_pdf: no PDFs
[2026-06-04 22:00:45] done in 43.26s
[2026-06-05 02:00:01] fetching homepage
[2026-06-05 02:00:03] discovered 12 links across 2 sections
[2026-06-05 02:00:03] teachers_html: 2 unique source(s)
[2026-06-05 02:00:04]   [http://leqtori.gtu.ge:9000/public/teachers_2025_2026_2_11.html] fetching
[2026-06-05 02:00:05]   fetched 8027865 bytes
[2026-06-05 02:00:12]   parsed 10208 lectures from XI კვირის სასწავლო ცხრილი
[2026-06-05 02:01:24]   stored 10208 (deduped 0) into lecture
[2026-06-05 02:01:24]   [http://leqtori.gtu.ge:9000/public/prof_teachers.html] fetching
[2026-06-05 02:01:25]   fetched 111363 bytes
[2026-06-05 02:01:25]   parsed 52 lectures from XI კვირის სასწავლო ცხრილი
[2026-06-05 02:01:25]   stored 52 (deduped 0) into lecture
[2026-06-05 02:01:25] teachers totals: 1684 teachers, 4588 subjects, 10260 lectures
[2026-06-05 02:01:25] additional_pdf: 10 PDF(s) to fetch
[2026-06-05 02:01:25]   [additional_pdf/construction] fetching დამატ. ცხრ. -25-26 2 21.04.26 სამშენებლო.pdf
[2026-06-05 02:01:26]   [additional_pdf/construction] 307648 bytes, parsing PDF
[2026-06-05 02:01:26]   [additional_pdf/construction] 14 pages, 52664 text chars
[2026-06-05 02:01:27]   [additional_pdf/construction] structured: 195 logical rows -> 185 lectures
[2026-06-05 02:01:27]   [additional_pdf/power] fetching ენერგ ფაკ. დამატებითი_2025_2026_II_07_04_2026).pdf
[2026-06-05 02:01:27]   [additional_pdf/power] 71228 bytes, parsing PDF
[2026-06-05 02:01:27]   [additional_pdf/power] 2 pages, 6454 text chars
[2026-06-05 02:01:27]   [additional_pdf/power] raw text only
[2026-06-05 02:01:27]   [additional_pdf/mining] fetching სამთო-გეოლოგიური და მთის მდგრადი განვითარების ფაკულტეტი.pdf
[2026-06-05 02:01:28]   [additional_pdf/mining] 51893 bytes, parsing PDF
[2026-06-05 02:01:28]   [additional_pdf/mining] 1 pages, 2197 text chars
[2026-06-05 02:01:28]   [additional_pdf/mining] structured: 9 logical rows -> 8 lectures
[2026-06-05 02:01:28]   [additional_pdf/agrarian] fetching 2025-2026 II აგრარული დამატებითი_16_04_2026.pdf
[2026-06-05 02:01:28]   [additional_pdf/agrarian] 130098 bytes, parsing PDF
[2026-06-05 02:01:28]   [additional_pdf/agrarian] 4 pages, 11664 text chars
[2026-06-05 02:01:28]   [additional_pdf/agrarian] structured: 64 logical rows -> 64 lectures
[2026-06-05 02:01:28]   [additional_pdf/transport] fetching 05 დამატებითი ცხრილი . 23.04.2026.pdf
[2026-06-05 02:01:29]   [additional_pdf/transport] 164850 bytes, parsing PDF
[2026-06-05 02:01:29]   [additional_pdf/transport] 7 pages, 16906 text chars
[2026-06-05 02:01:29]   [additional_pdf/transport] raw text only
[2026-06-05 02:01:29]   [additional_pdf/architecture] fetching ცხრილი დამატ. არქიტექტურის, ურბანისტიკისა და დიზაინის.pdf
[2026-06-05 02:01:30]   [additional_pdf/architecture] 90193 bytes, parsing PDF
[2026-06-05 02:01:30]   [additional_pdf/architecture] 2 pages, 5806 text chars
[2026-06-05 02:01:30]   [additional_pdf/architecture] structured: 18 logical rows -> 15 lectures
[2026-06-05 02:01:30]   [additional_pdf/law] fetching სამართლისა და საერტაშორისო ურთ.დამატებითი ცხრილი_17_04_2026.pdf
[2026-06-05 02:01:30]   [additional_pdf/law] 284550 bytes, parsing PDF
[2026-06-05 02:01:31]   [additional_pdf/law] 9 pages, 16229 text chars
[2026-06-05 02:01:31]   [additional_pdf/law] raw text only
[2026-06-05 02:01:31]   [additional_pdf/ims] fetching იმს დამატებითი სასწავლო კურსების ცხრილი 2025-2026 II სემესტრი 25.05.2026.pdf
[2026-06-05 02:01:31]   [additional_pdf/ims] 204239 bytes, parsing PDF
[2026-06-05 02:01:31]   [additional_pdf/ims] 9 pages, 30012 text chars
[2026-06-05 02:01:32]   [additional_pdf/ims] structured: 159 logical rows -> 135 lectures
[2026-06-05 02:01:32]   [additional_pdf/business] fetching ბიზნესტექნოლოგიები_დამატებითი_17_04_2026.pdf
[2026-06-05 02:01:33]   [additional_pdf/business] 114955 bytes, parsing PDF
[2026-06-05 02:01:33]   [additional_pdf/business] 4 pages, 12300 text chars
[2026-06-05 02:01:33]   [additional_pdf/business] structured: 37 logical rows -> 19 lectures
[2026-06-05 02:01:33]   [additional_pdf/social] fetching დამატებიი ცხრილი სოციალურ მეცნიერებათა ფაკულტეტი 15_05_2026.pdf
[2026-06-05 02:01:33]   [additional_pdf/social] 86807 bytes, parsing PDF
[2026-06-05 02:01:33]   [additional_pdf/social] 1 pages, 2911 text chars
[2026-06-05 02:01:33]   [additional_pdf/social] raw text only
[2026-06-05 02:01:33] additional_pdf: stored 10, failed 0
[2026-06-05 02:01:33] midterm_pdf: no PDFs
[2026-06-05 02:01:33] done in 91.80s
[2026-06-05 07:00:02] fetching homepage
[2026-06-05 07:00:03] discovered 12 links across 2 sections
[2026-06-05 07:00:03] teachers_html: 2 unique source(s)
[2026-06-05 07:00:04]   [http://leqtori.gtu.ge:9000/public/teachers_2025_2026_2_11.html] fetching
[2026-06-05 07:00:06]   fetched 8027865 bytes
[2026-06-05 07:00:08]   parsed 10208 lectures from XI კვირის სასწავლო ცხრილი
[2026-06-05 07:00:36]   stored 10208 (deduped 0) into lecture
[2026-06-05 07:00:36]   [http://leqtori.gtu.ge:9000/public/prof_teachers.html] fetching
[2026-06-05 07:00:36]   fetched 111363 bytes
[2026-06-05 07:00:36]   parsed 52 lectures from XI კვირის სასწავლო ცხრილი
[2026-06-05 07:00:36]   stored 52 (deduped 0) into lecture
[2026-06-05 07:00:36] teachers totals: 1684 teachers, 4588 subjects, 10260 lectures
[2026-06-05 07:00:36] additional_pdf: 10 PDF(s) to fetch
[2026-06-05 07:00:36]   [additional_pdf/construction] fetching დამატ. ცხრ. -25-26 2 21.04.26 სამშენებლო.pdf
[2026-06-05 07:00:37]   [additional_pdf/construction] 307648 bytes, parsing PDF
[2026-06-05 07:00:37]   [additional_pdf/construction] 14 pages, 52664 text chars
[2026-06-05 07:00:38]   [additional_pdf/construction] structured: 195 logical rows -> 185 lectures
[2026-06-05 07:00:38]   [additional_pdf/power] fetching ენერგ ფაკ. დამატებითი_2025_2026_II_07_04_2026).pdf
[2026-06-05 07:00:38]   [additional_pdf/power] 71228 bytes, parsing PDF
[2026-06-05 07:00:39]   [additional_pdf/power] 2 pages, 6454 text chars
[2026-06-05 07:00:39]   [additional_pdf/power] raw text only
[2026-06-05 07:00:39]   [additional_pdf/mining] fetching სამთო-გეოლოგიური და მთის მდგრადი განვითარების ფაკულტეტი.pdf
[2026-06-05 07:00:39]   [additional_pdf/mining] 51893 bytes, parsing PDF
[2026-06-05 07:00:39]   [additional_pdf/mining] 1 pages, 2197 text chars
[2026-06-05 07:00:39]   [additional_pdf/mining] structured: 9 logical rows -> 8 lectures
[2026-06-05 07:00:39]   [additional_pdf/agrarian] fetching 2025-2026 II აგრარული დამატებითი_16_04_2026.pdf
[2026-06-05 07:00:39]   [additional_pdf/agrarian] 130098 bytes, parsing PDF
[2026-06-05 07:00:39]   [additional_pdf/agrarian] 4 pages, 11664 text chars
[2026-06-05 07:00:40]   [additional_pdf/agrarian] structured: 64 logical rows -> 64 lectures
[2026-06-05 07:00:40]   [additional_pdf/transport] fetching 05 დამატებითი ცხრილი . 23.04.2026.pdf
[2026-06-05 07:00:40]   [additional_pdf/transport] 164850 bytes, parsing PDF
[2026-06-05 07:00:40]   [additional_pdf/transport] 7 pages, 16906 text chars
[2026-06-05 07:00:40]   [additional_pdf/transport] raw text only
[2026-06-05 07:00:40]   [additional_pdf/architecture] fetching ცხრილი დამატ. არქიტექტურის, ურბანისტიკისა და დიზაინის.pdf
[2026-06-05 07:00:41]   [additional_pdf/architecture] 90193 bytes, parsing PDF
[2026-06-05 07:00:41]   [additional_pdf/architecture] 2 pages, 5806 text chars
[2026-06-05 07:00:41]   [additional_pdf/architecture] structured: 18 logical rows -> 15 lectures
[2026-06-05 07:00:41]   [additional_pdf/law] fetching სამართლისა და საერტაშორისო ურთ.დამატებითი ცხრილი_17_04_2026.pdf
[2026-06-05 07:00:41]   [additional_pdf/law] 284550 bytes, parsing PDF
[2026-06-05 07:00:42]   [additional_pdf/law] 9 pages, 16229 text chars
[2026-06-05 07:00:42]   [additional_pdf/law] raw text only
[2026-06-05 07:00:42]   [additional_pdf/ims] fetching იმს დამატებითი სასწავლო კურსების ცხრილი 2025-2026 II სემესტრი 25.05.2026.pdf
[2026-06-05 07:00:42]   [additional_pdf/ims] 204239 bytes, parsing PDF
[2026-06-05 07:00:42]   [additional_pdf/ims] 9 pages, 30012 text chars
[2026-06-05 07:00:43]   [additional_pdf/ims] structured: 159 logical rows -> 135 lectures
[2026-06-05 07:00:43]   [additional_pdf/business] fetching ბიზნესტექნოლოგიები_დამატებითი_17_04_2026.pdf
[2026-06-05 07:00:44]   [additional_pdf/business] 114955 bytes, parsing PDF
[2026-06-05 07:00:44]   [additional_pdf/business] 4 pages, 12300 text chars
[2026-06-05 07:00:44]   [additional_pdf/business] structured: 37 logical rows -> 19 lectures
[2026-06-05 07:00:44]   [additional_pdf/social] fetching დამატებიი ცხრილი სოციალურ მეცნიერებათა ფაკულტეტი 15_05_2026.pdf
[2026-06-05 07:00:44]   [additional_pdf/social] 86807 bytes, parsing PDF
[2026-06-05 07:00:44]   [additional_pdf/social] 1 pages, 2911 text chars
[2026-06-05 07:00:44]   [additional_pdf/social] raw text only
[2026-06-05 07:00:44] additional_pdf: stored 10, failed 0
[2026-06-05 07:00:44] midterm_pdf: no PDFs
[2026-06-05 07:00:44] done in 42.30s
[2026-06-05 12:00:02] fetching homepage
[2026-06-05 12:00:04] discovered 12 links across 2 sections
[2026-06-05 12:00:04] teachers_html: 2 unique source(s)
[2026-06-05 12:00:06]   [http://leqtori.gtu.ge:9000/public/teachers_2025_2026_2_11.html] fetching
[2026-06-05 12:00:07]   fetched 8027865 bytes
[2026-06-05 12:00:09]   parsed 10208 lectures from XI კვირის სასწავლო ცხრილი
[2026-06-05 12:00:29]   stored 10208 (deduped 0) into lecture
[2026-06-05 12:00:29]   [http://leqtori.gtu.ge:9000/public/prof_teachers.html] fetching
[2026-06-05 12:00:30]   fetched 111363 bytes
[2026-06-05 12:00:30]   parsed 52 lectures from XI კვირის სასწავლო ცხრილი
[2026-06-05 12:00:30]   stored 52 (deduped 0) into lecture
[2026-06-05 12:00:30] teachers totals: 1684 teachers, 4588 subjects, 10260 lectures
[2026-06-05 12:00:30] additional_pdf: 10 PDF(s) to fetch
[2026-06-05 12:00:30]   [additional_pdf/construction] fetching დამატ. ცხრ. -25-26 2 21.04.26 სამშენებლო.pdf
[2026-06-05 12:00:30]   [additional_pdf/construction] 307648 bytes, parsing PDF
[2026-06-05 12:00:31]   [additional_pdf/construction] 14 pages, 52664 text chars
[2026-06-05 12:00:32]   [additional_pdf/construction] structured: 195 logical rows -> 185 lectures
[2026-06-05 12:00:32]   [additional_pdf/power] fetching ენერგ ფაკ. დამატებითი_2025_2026_II_07_04_2026).pdf
[2026-06-05 12:00:32]   [additional_pdf/power] 71228 bytes, parsing PDF
[2026-06-05 12:00:32]   [additional_pdf/power] 2 pages, 6454 text chars
[2026-06-05 12:00:32]   [additional_pdf/power] raw text only
[2026-06-05 12:00:32]   [additional_pdf/mining] fetching სამთო-გეოლოგიური და მთის მდგრადი განვითარების ფაკულტეტი.pdf
[2026-06-05 12:00:33]   [additional_pdf/mining] 51893 bytes, parsing PDF
[2026-06-05 12:00:33]   [additional_pdf/mining] 1 pages, 2197 text chars
[2026-06-05 12:00:33]   [additional_pdf/mining] structured: 9 logical rows -> 8 lectures
[2026-06-05 12:00:33]   [additional_pdf/agrarian] fetching 2025-2026 II აგრარული დამატებითი_16_04_2026.pdf
[2026-06-05 12:00:33]   [additional_pdf/agrarian] 130098 bytes, parsing PDF
[2026-06-05 12:00:33]   [additional_pdf/agrarian] 4 pages, 11664 text chars
[2026-06-05 12:00:33]   [additional_pdf/agrarian] structured: 64 logical rows -> 64 lectures
[2026-06-05 12:00:33]   [additional_pdf/transport] fetching 05 დამატებითი ცხრილი . 23.04.2026.pdf
[2026-06-05 12:00:34]   [additional_pdf/transport] 164850 bytes, parsing PDF
[2026-06-05 12:00:34]   [additional_pdf/transport] 7 pages, 16906 text chars
[2026-06-05 12:00:34]   [additional_pdf/transport] raw text only
[2026-06-05 12:00:34]   [additional_pdf/architecture] fetching ცხრილი დამატ. არქიტექტურის, ურბანისტიკისა და დიზაინის.pdf
[2026-06-05 12:00:34]   [additional_pdf/architecture] 90193 bytes, parsing PDF
[2026-06-05 12:00:34]   [additional_pdf/architecture] 2 pages, 5806 text chars
[2026-06-05 12:00:34]   [additional_pdf/architecture] structured: 18 logical rows -> 15 lectures
[2026-06-05 12:00:34]   [additional_pdf/law] fetching სამართლისა და საერტაშორისო ურთ.დამატებითი ცხრილი_17_04_2026.pdf
[2026-06-05 12:00:35]   [additional_pdf/law] 284550 bytes, parsing PDF
[2026-06-05 12:00:35]   [additional_pdf/law] 9 pages, 16229 text chars
[2026-06-05 12:00:35]   [additional_pdf/law] raw text only
[2026-06-05 12:00:35]   [additional_pdf/ims] fetching იმს დამატებითი სასწავლო კურსების ცხრილი 2025-2026 II სემესტრი 25.05.2026.pdf
[2026-06-05 12:00:36]   [additional_pdf/ims] 204239 bytes, parsing PDF
[2026-06-05 12:00:36]   [additional_pdf/ims] 9 pages, 30012 text chars
[2026-06-05 12:00:37]   [additional_pdf/ims] structured: 159 logical rows -> 135 lectures
[2026-06-05 12:00:37]   [additional_pdf/business] fetching ბიზნესტექნოლოგიები_დამატებითი_17_04_2026.pdf
[2026-06-05 12:00:37]   [additional_pdf/business] 114955 bytes, parsing PDF
[2026-06-05 12:00:37]   [additional_pdf/business] 4 pages, 12300 text chars
[2026-06-05 12:00:37]   [additional_pdf/business] structured: 37 logical rows -> 19 lectures
[2026-06-05 12:00:37]   [additional_pdf/social] fetching დამატებიი ცხრილი სოციალურ მეცნიერებათა ფაკულტეტი 15_05_2026.pdf
[2026-06-05 12:00:38]   [additional_pdf/social] 86807 bytes, parsing PDF
[2026-06-05 12:00:38]   [additional_pdf/social] 1 pages, 2911 text chars
[2026-06-05 12:00:38]   [additional_pdf/social] raw text only
[2026-06-05 12:00:38] additional_pdf: stored 10, failed 0
[2026-06-05 12:00:38] midterm_pdf: no PDFs
[2026-06-05 12:00:38] done in 35.43s
